2025-09-12 23:15:40,067 - root - INFO - Iniciando aplicação Ferramentas de Rede v2.0.0
2025-09-12 23:15:45,190 - root - INFO - Criando instância da aplicação...
2025-09-12 23:15:45,658 - root - INFO - PerformanceMonitor initialized
2025-09-12 23:15:45,904 - root - INFO - Initializing HostTabView
2025-09-12 23:15:46,297 - root - INFO - Instância criada com sucesso
2025-09-12 23:15:46,297 - root - INFO - Executando aplicação...
2025-09-12 23:15:46,297 - root - INFO - Sistema de proteção contra loops configurado
2025-09-12 23:15:46,301 - root - INFO - PerformanceMonitor started
2025-09-12 23:15:46,302 - root - INFO - Monitor de performance iniciado
2025-09-12 23:15:46,320 - root - INFO - Watchdog do mainloop iniciado
2025-09-12 23:15:46,321 - root - INFO - Iniciando mainloop com proteção anti-travamento...
2025-09-12 23:15:47,635 - root - INFO - HomeTabManager.update_home_buttons_state chamado:
2025-09-12 23:15:47,635 - root - INFO -   - status_data: None
2025-09-12 23:15:47,635 - root - INFO -   - controller.running_command: None
2025-09-12 23:15:47,635 - root - INFO -   - controller.is_running: False
2025-09-12 23:15:47,636 - root - INFO -   - ping_running: None
2025-09-12 23:15:47,636 - root - INFO -   - traceroute_running: None
2025-09-12 23:15:47,644 - root - INFO - Populating initial host tabs
2025-09-12 23:15:47,648 - root - INFO - Carregamento de dados concluído
2025-09-12 23:15:50,221 - root - INFO - Tentativa de adicionar novo host.
2025-09-12 23:15:56,071 - root - INFO - Resolvendo informações para o host: CMI-10947
2025-09-12 23:16:00,916 - root - WARNING - Mainloop respondendo lentamente: 4.56s
2025-09-12 23:16:20,028 - root - INFO - Performance Summary - CPU: 0.0%, Memory: 81.8MB, Threads: 21.0, Active Commands: 0, Hanging Commands: 0
2025-09-12 23:16:50,180 - root - INFO - Performance Summary - CPU: 0.0%, Memory: 81.9MB, Threads: 18.0, Active Commands: 0, Hanging Commands: 0
2025-09-12 23:17:11,841 - root - INFO - Host 'CMI-10947.saude.betim' (10.5.5.48) adicionado com sucesso.
2025-09-12 23:17:11,842 - root - INFO - Clearing all host tabs
2025-09-12 23:17:11,856 - root - INFO - Populating initial host tabs
2025-09-12 23:17:13,316 - root - INFO - Loading tools for host tab: CMI-10947.saude.betim
2025-09-12 23:17:13,506 - root - INFO - SysInfoController initialized for host: CMI-10947.saude.betim
2025-09-12 23:17:13,607 - root - INFO - Initializing PingFrame for host: CMI-10947.saude.betim
2025-09-12 23:17:17,847 - root - INFO - PingFrame.toggle_ping chamado:
2025-09-12 23:17:17,848 - root - INFO -   - running_cmd: None
2025-09-12 23:17:17,848 - root - INFO -   - is_running: False
2025-09-12 23:17:17,849 - root - INFO - Iniciando comando ping para CMI-10947.saude.betim com packet size: 
2025-09-12 23:17:17,849 - root - INFO - START: Iniciando 'ping' para host 'CMI-10947.saude.betim'
2025-09-12 23:17:17,877 - root - INFO - START: Criando thread para 'ping'
2025-09-12 23:17:17,878 - root - INFO - THREAD: Executando 'ping' com args: (32,)
2025-09-12 23:17:17,878 - root - INFO - START: Thread 'ping' iniciada com sucesso
2025-09-12 23:17:17,878 - root - INFO - PING: Iniciando ping para 10.5.5.48, packet_size: 32
2025-09-12 23:17:20,354 - root - INFO - Performance Summary - CPU: 0.0%, Memory: 84.3MB, Threads: 22.8, Active Commands: 0, Hanging Commands: 0
2025-09-12 23:17:21,087 - root - INFO - PingFrame.toggle_ping chamado:
2025-09-12 23:17:21,087 - root - INFO -   - running_cmd: ping
2025-09-12 23:17:21,087 - root - INFO -   - is_running: True
2025-09-12 23:17:21,088 - root - INFO - STOP: Parando comando 'ping' (is_running=True)
2025-09-12 23:17:21,090 - root - INFO - PING: Finalizando worker para 10.5.5.48
2025-09-12 23:17:21,191 - root - INFO - PING: Worker finalizado para 10.5.5.48
2025-09-12 23:17:21,191 - root - INFO - THREAD: 'ping' executado com sucesso
2025-09-12 23:17:21,193 - root - INFO - THREAD: Finalizando 'ping'
2025-09-12 23:17:21,402 - root - INFO - STOP: Comando 'ping' parado - Estado limpo
2025-09-12 23:17:21,603 - root - INFO - Parando comando ping
2025-09-12 23:17:24,547 - root - INFO - Initializing TracerouteFrame for host: CMI-10947.saude.betim
2025-09-12 23:17:28,055 - root - INFO - PingFrame.toggle_ping chamado:
2025-09-12 23:17:28,055 - root - INFO -   - running_cmd: None
2025-09-12 23:17:28,056 - root - INFO -   - is_running: False
2025-09-12 23:17:28,056 - root - INFO - Iniciando comando ping para CMI-10947.saude.betim com packet size: 
2025-09-12 23:17:28,059 - root - INFO - START: Iniciando 'ping' para host 'CMI-10947.saude.betim'
2025-09-12 23:17:28,068 - root - INFO - START: Criando thread para 'ping'
2025-09-12 23:17:28,069 - root - INFO - THREAD: Executando 'ping' com args: (32,)
2025-09-12 23:17:28,069 - root - INFO - START: Thread 'ping' iniciada com sucesso
2025-09-12 23:17:28,069 - root - INFO - PING: Iniciando ping para 10.5.5.48, packet_size: 32
2025-09-12 23:17:32,200 - root - INFO - PingFrame.toggle_ping chamado:
2025-09-12 23:17:32,200 - root - INFO -   - running_cmd: ping
2025-09-12 23:17:32,201 - root - INFO -   - is_running: True
2025-09-12 23:17:32,202 - root - INFO - STOP: Parando comando 'ping' (is_running=True)
2025-09-12 23:17:32,207 - root - INFO - PING: Finalizando worker para 10.5.5.48
2025-09-12 23:17:32,308 - root - INFO - PING: Worker finalizado para 10.5.5.48
2025-09-12 23:17:32,309 - root - INFO - THREAD: 'ping' executado com sucesso
2025-09-12 23:17:32,311 - root - INFO - THREAD: Finalizando 'ping'
2025-09-12 23:17:32,588 - root - INFO - STOP: Comando 'ping' parado - Estado limpo
2025-09-12 23:17:32,789 - root - INFO - Parando comando ping
2025-09-12 23:17:36,373 - root - INFO - Starting traceroute for host: CMI-10947.saude.betim
2025-09-12 23:17:36,373 - root - INFO - START: Iniciando 'traceroute' para host 'CMI-10947.saude.betim'
2025-09-12 23:17:36,387 - root - INFO - START: Criando thread para 'traceroute'
2025-09-12 23:17:36,388 - root - INFO - THREAD: Executando 'traceroute' com args: ()
2025-09-12 23:17:36,388 - root - INFO - START: Thread 'traceroute' iniciada com sucesso
2025-09-12 23:17:36,389 - root - INFO - TRACEROUTE: Iniciando traceroute para 10.5.5.48
2025-09-12 23:17:36,392 - root - INFO - TRACEROUTE: Iniciando para 10.5.5.48
2025-09-12 23:17:36,757 - root - INFO - TRACEROUTE: Finalizado para 10.5.5.48
2025-09-12 23:17:36,758 - root - INFO - TRACEROUTE: Worker finalizado para 10.5.5.48
2025-09-12 23:17:36,759 - root - INFO - THREAD: 'traceroute' executado com sucesso
2025-09-12 23:17:36,762 - root - INFO - THREAD: Finalizando 'traceroute'
2025-09-12 23:17:39,822 - root - INFO - START: Iniciando 'get_tv_id' para host 'CMI-10947.saude.betim'
2025-09-12 23:17:39,822 - root - INFO - Opening credential dialog for target: 10.5.5.48
2025-09-12 23:17:44,356 - root - INFO - Credential vault does not exist and user hasn't been prompted this session. Showing vault prompt dialog.
2025-09-12 23:17:44,356 - root - INFO - Showing vault creation prompt dialog.
2025-09-12 23:17:45,589 - root - INFO - User chose NOT to create a vault.
2025-09-12 23:17:45,638 - root - INFO - Vault prompt dialog result: False
2025-09-12 23:17:45,641 - root - INFO - Credential dialog confirmed for user: saude.betim\raphael.rego
2025-09-12 23:17:45,674 - root - INFO - RemoteSessionsFrame recebeu atualização de status: Comando 'get_tv_id', Rodando: True
2025-09-12 23:17:45,675 - root - INFO - START: Criando LoadingWindow para 'get_tv_id' com texto: 'Obtendo ID do TeamViewer...'
2025-09-12 23:17:45,700 - root - INFO - START: Criando thread para 'get_tv_id'
2025-09-12 23:17:45,701 - root - INFO - THREAD: Executando 'get_tv_id' com args: ('saude.betim\\raphael.rego', '$067076', <src.ui.components.info_widgets.HostInfoDisplay object .!ctkframe.!hosttabview.!ctkframe.!ctktabview.!ctkframe4.!hostinfodisplay>, <bound method RemoteSessionsFrame.update_tv_button_state of <src.ui.components.remote_sessions_frame.RemoteSessionsFrame object .!ctkframe.!hosttabview.!ctkframe.!ctktabview.!ctkframe4.!ctkframe.!ctktabview.!ctkframe3.!remotesessionsframe>>)
2025-09-12 23:17:45,701 - root - INFO - START: Thread 'get_tv_id' iniciada com sucesso
2025-09-12 23:17:45,701 - root - ERROR - THREAD: Erro em 'get_tv_id': name 'logging' is not defined
2025-09-12 23:17:45,708 - root - INFO - THREAD: Finalizando 'get_tv_id'
2025-09-12 23:17:45,708 - root - INFO - RemoteSessionsFrame recebeu atualização de status: Comando 'None', Rodando: False
2025-09-12 23:18:02,835 - root - INFO - PerformanceMonitor stopped
2025-09-12 23:18:02,835 - root - INFO - Credential vault locked
2025-09-12 23:18:03,141 - root - INFO - Executando limpeza de recursos...
2025-09-12 23:18:03,143 - root - INFO - Credential vault locked
2025-09-12 23:18:03,145 - root - INFO - Limpeza de recursos concluída
2025-09-12 23:18:03,150 - root - INFO - Aplicação finalizada normalmente
2025-09-12 23:19:50,202 - root - INFO - Iniciando aplicação Ferramentas de Rede v2.0.0
2025-09-12 23:19:51,771 - root - INFO - Criando instância da aplicação...
2025-09-12 23:19:52,076 - root - INFO - PerformanceMonitor initialized
2025-09-12 23:19:52,229 - root - INFO - Initializing HostTabView
2025-09-12 23:19:52,548 - root - INFO - Instância criada com sucesso
2025-09-12 23:19:52,548 - root - INFO - Executando aplicação...
2025-09-12 23:19:52,548 - root - INFO - Sistema de proteção contra loops configurado
2025-09-12 23:19:52,557 - root - INFO - PerformanceMonitor started
2025-09-12 23:19:52,558 - root - INFO - Monitor de performance iniciado
2025-09-12 23:19:52,579 - root - INFO - Watchdog do mainloop iniciado
2025-09-12 23:19:52,580 - root - INFO - Iniciando mainloop com proteção anti-travamento...
2025-09-12 23:19:53,506 - root - INFO - HomeTabManager.update_home_buttons_state chamado:
2025-09-12 23:19:53,506 - root - INFO -   - status_data: None
2025-09-12 23:19:53,506 - root - INFO -   - controller.running_command: None
2025-09-12 23:19:53,506 - root - INFO -   - controller.is_running: False
2025-09-12 23:19:53,506 - root - INFO -   - ping_running: None
2025-09-12 23:19:53,506 - root - INFO -   - traceroute_running: None
2025-09-12 23:19:53,514 - root - INFO - Populating initial host tabs
2025-09-12 23:19:53,522 - root - INFO - Carregamento de dados concluído
2025-09-12 23:20:21,705 - root - INFO - Performance Summary - CPU: 0.0%, Memory: 78.5MB, Threads: 21.0, Active Commands: 0, Hanging Commands: 0
2025-09-12 23:20:51,868 - root - INFO - Performance Summary - CPU: 0.0%, Memory: 78.6MB, Threads: 20.4, Active Commands: 0, Hanging Commands: 0
2025-09-12 23:21:01,128 - root - INFO - Tentativa de adicionar novo host.
2025-09-12 23:21:05,910 - root - INFO - Resolvendo informações para o host: hprb-25983
2025-09-12 23:21:14,598 - root - ERROR - DETECTADO: Mainloop travado há mais de 10 segundos!
2025-09-12 23:21:14,599 - root - ERROR - Iniciando encerramento de emergência...
2025-09-12 23:21:14,599 - root - CRITICAL - === ENCERRAMENTO DE EMERGÊNCIA ATIVADO ===
2025-09-12 23:21:14,599 - root - INFO - Tentando encerramento gracioso...
2025-09-12 23:21:14,600 - root - INFO - Watchdog do mainloop finalizado
2025-09-12 23:21:17,600 - root - CRITICAL - Forçando encerramento do processo...
2025-09-12 23:23:15,173 - root - INFO - Iniciando aplicação Ferramentas de Rede v2.0.0
2025-09-12 23:23:16,272 - root - INFO - Criando instância da aplicação...
2025-09-12 23:23:16,489 - root - INFO - PerformanceMonitor initialized
2025-09-12 23:23:16,636 - root - INFO - Initializing HostTabView
2025-09-12 23:23:16,881 - root - INFO - Instância criada com sucesso
2025-09-12 23:23:16,882 - root - INFO - Executando aplicação...
2025-09-12 23:23:16,882 - root - INFO - Sistema de proteção contra loops configurado
2025-09-12 23:23:16,887 - root - INFO - PerformanceMonitor started
2025-09-12 23:23:16,887 - root - INFO - Monitor de performance iniciado
2025-09-12 23:23:16,902 - root - INFO - Watchdog do mainloop iniciado
2025-09-12 23:23:16,902 - root - INFO - Iniciando mainloop com proteção anti-travamento...
2025-09-12 23:23:17,567 - root - INFO - HomeTabManager.update_home_buttons_state chamado:
2025-09-12 23:23:17,567 - root - INFO -   - status_data: None
2025-09-12 23:23:17,568 - root - INFO -   - controller.running_command: None
2025-09-12 23:23:17,568 - root - INFO -   - controller.is_running: False
2025-09-12 23:23:17,568 - root - INFO -   - ping_running: None
2025-09-12 23:23:17,568 - root - INFO -   - traceroute_running: None
2025-09-12 23:23:17,573 - root - INFO - Populating initial host tabs
2025-09-12 23:23:17,581 - root - INFO - Carregamento de dados concluído
2025-09-12 23:23:20,317 - root - INFO - Tentativa de adicionar novo host.
2025-09-12 23:23:28,000 - root - INFO - Resolvendo informações para o host: HPRB-25889
2025-09-12 23:23:46,078 - root - INFO - Performance Summary - CPU: 0.0%, Memory: 80.8MB, Threads: 21.0, Active Commands: 0, Hanging Commands: 0
2025-09-12 23:24:16,296 - root - INFO - Performance Summary - CPU: 0.0%, Memory: 80.9MB, Threads: 20.4, Active Commands: 0, Hanging Commands: 0
2025-09-12 23:24:46,502 - root - INFO - Performance Summary - CPU: 0.0%, Memory: 80.9MB, Threads: 18.0, Active Commands: 0, Hanging Commands: 0
2025-09-12 23:24:54,218 - root - INFO - Host 'HPRB-25889.saude.betim' (10.5.6.190) adicionado com sucesso.
2025-09-12 23:24:54,220 - root - INFO - Clearing all host tabs
2025-09-12 23:24:54,242 - root - INFO - Populating initial host tabs
2025-09-12 23:24:57,144 - root - INFO - Loading tools for host tab: HPRB-25889.saude.betim
2025-09-12 23:24:57,332 - root - INFO - SysInfoController initialized for host: HPRB-25889.saude.betim
2025-09-12 23:24:57,371 - root - INFO - Initializing PingFrame for host: HPRB-25889.saude.betim
2025-09-12 23:25:01,313 - root - INFO - START: Iniciando 'list_users' para host 'HPRB-25889.saude.betim'
2025-09-12 23:25:01,314 - root - INFO - Opening credential dialog for target: 10.5.6.190
2025-09-12 23:25:05,791 - root - INFO - Credential vault does not exist and user hasn't been prompted this session. Showing vault prompt dialog.
2025-09-12 23:25:05,792 - root - INFO - Showing vault creation prompt dialog.
2025-09-12 23:25:07,178 - root - INFO - User chose NOT to create a vault.
2025-09-12 23:25:07,208 - root - INFO - Vault prompt dialog result: False
2025-09-12 23:25:07,208 - root - INFO - Credential dialog confirmed for user: saude.betim\raphael.rego
2025-09-12 23:25:07,251 - root - INFO - RemoteSessionsFrame recebeu atualização de status: Comando 'list_users', Rodando: True
2025-09-12 23:25:07,258 - root - INFO - START: Criando LoadingWindow para 'list_users' com texto: 'Listando usuários remotos...'
2025-09-12 23:25:07,295 - root - INFO - START: Criando thread para 'list_users'
2025-09-12 23:25:07,296 - root - INFO - THREAD: Executando 'list_users' com args: ('saude.betim\\raphael.rego', '$067076', <bound method RemoteSessionsFrame.update_users_combobox of <src.ui.components.remote_sessions_frame.RemoteSessionsFrame object .!ctkframe.!hosttabview.!ctkframe.!ctktabview.!ctkframe6.!ctkframe.!ctktabview.!ctkframe3.!remotesessionsframe>>)
2025-09-12 23:25:07,296 - root - INFO - START: Thread 'list_users' iniciada com sucesso
2025-09-12 23:25:07,297 - pypsrp.powershell - INFO - Initialising RunspacePool object for configuration Microsoft.PowerShell
2025-09-12 23:25:07,299 - pypsrp.powershell - INFO - Opening a new Runspace Pool on remote host
2025-09-12 23:25:10,198 - pypsrp.powershell - INFO - Initialising PowerShell in remote Runspace Pool
2025-09-12 23:25:10,198 - root - INFO - Executing 'list_connected_users_winrm' on 10.5.6.190
2025-09-12 23:25:10,200 - pypsrp.powershell - INFO - Initialising PowerShell in remote Runspace Pool
2025-09-12 23:25:10,201 - pypsrp.powershell - INFO - Beginning remote Pipeline invocation
2025-09-12 23:25:11,294 - root - INFO - Finished 'list_connected_users_winrm' on 10.5.6.190. Found 0 sessions.
2025-09-12 23:25:11,294 - pypsrp.powershell - INFO - Closing Runspace Pool
2025-09-12 23:25:11,309 - root - INFO - Enviando callback update_users_combobox com 0 usuários
2025-09-12 23:25:11,309 - root - INFO - THREAD: 'list_users' executado com sucesso
2025-09-12 23:25:11,310 - root - INFO - THREAD: Finalizando 'list_users'
2025-09-12 23:25:11,312 - root - INFO - RemoteSessionsFrame recebeu atualização de status: Comando 'None', Rodando: False
2025-09-12 23:26:11,160 - root - INFO - STOP: Parando comando 'None' (is_running=False)
2025-09-12 23:26:11,161 - root - INFO - RemoteSessionsFrame recebeu atualização de status: Comando 'None', Rodando: False
2025-09-12 23:26:11,163 - root - INFO - STOP: Comando 'None' parado - Estado limpo
2025-09-12 23:26:22,849 - root - INFO - Executando limpeza de recursos...
2025-09-12 23:26:22,849 - root - INFO - Credential vault locked
2025-09-12 23:26:22,851 - root - INFO - Limpeza de recursos concluída
2025-09-12 23:31:55,408 - root - INFO - Iniciando aplicação Ferramentas de Rede v2.0.0
2025-09-12 23:31:56,989 - root - INFO - Criando instância da aplicação...
2025-09-12 23:31:57,295 - root - INFO - PerformanceMonitor initialized
2025-09-12 23:31:57,460 - root - INFO - Initializing HostTabView
2025-09-12 23:31:57,767 - root - INFO - Instância criada com sucesso
2025-09-12 23:31:57,767 - root - INFO - Executando aplicação...
2025-09-12 23:31:57,767 - root - INFO - Sistema de proteção contra loops configurado
2025-09-12 23:31:57,773 - root - INFO - PerformanceMonitor started
2025-09-12 23:31:57,773 - root - INFO - Monitor de performance iniciado
2025-09-12 23:31:57,787 - root - INFO - Watchdog do mainloop iniciado
2025-09-12 23:31:57,787 - root - INFO - Iniciando mainloop com proteção anti-travamento...
2025-09-12 23:31:58,692 - root - INFO - HomeTabManager.update_home_buttons_state chamado:
2025-09-12 23:31:58,692 - root - INFO -   - status_data: None
2025-09-12 23:31:58,692 - root - INFO -   - controller.running_command: None
2025-09-12 23:31:58,693 - root - INFO -   - controller.is_running: False
2025-09-12 23:31:58,693 - root - INFO -   - ping_running: None
2025-09-12 23:31:58,693 - root - INFO -   - traceroute_running: None
2025-09-12 23:31:58,706 - root - INFO - Populating initial host tabs
2025-09-12 23:31:58,724 - root - INFO - Carregamento de dados concluído
2025-09-12 23:31:59,810 - root - INFO - Loading tools for host tab: HPRB-25889.saude.betim
2025-09-12 23:32:00,065 - root - INFO - SysInfoController initialized for host: HPRB-25889.saude.betim
2025-09-12 23:32:00,112 - root - INFO - Initializing PingFrame for host: HPRB-25889.saude.betim
2025-09-12 23:32:02,723 - root - INFO - START: Iniciando 'get_tv_id' para host 'HPRB-25889.saude.betim'
2025-09-12 23:32:02,724 - root - INFO - Opening credential dialog for target: 10.5.6.190
2025-09-12 23:32:07,731 - root - INFO - Credential vault does not exist and user hasn't been prompted this session. Showing vault prompt dialog.
2025-09-12 23:32:07,731 - root - INFO - Showing vault creation prompt dialog.
2025-09-12 23:32:08,820 - root - INFO - User chose NOT to create a vault.
2025-09-12 23:32:08,847 - root - INFO - Vault prompt dialog result: False
2025-09-12 23:32:08,847 - root - INFO - Credential dialog confirmed for user: saude.betim\raphael.rego
2025-09-12 23:32:08,867 - root - INFO - RemoteSessionsFrame recebeu atualização de status: Comando 'get_tv_id', Rodando: True
2025-09-12 23:32:08,868 - root - INFO - START: Criando LoadingWindow para 'get_tv_id' com texto: 'Obtendo ID do TeamViewer...'
2025-09-12 23:32:08,898 - root - INFO - START: Criando thread para 'get_tv_id'
2025-09-12 23:32:08,899 - root - INFO - THREAD: Executando 'get_tv_id' com args: ('saude.betim\\raphael.rego', '$067076', <src.ui.components.info_widgets.HostInfoDisplay object .!ctkframe.!hosttabview.!ctkframe.!ctktabview.!ctkframe4.!hostinfodisplay>, <bound method RemoteSessionsFrame.update_tv_button_state of <src.ui.components.remote_sessions_frame.RemoteSessionsFrame object .!ctkframe.!hosttabview.!ctkframe.!ctktabview.!ctkframe4.!ctkframe.!ctktabview.!ctkframe3.!remotesessionsframe>>)
2025-09-12 23:32:08,899 - root - ERROR - THREAD: Erro em 'get_tv_id': name 'logging' is not defined
2025-09-12 23:32:08,899 - root - INFO - START: Thread 'get_tv_id' iniciada com sucesso
2025-09-12 23:32:08,911 - root - INFO - THREAD: Finalizando 'get_tv_id'
2025-09-12 23:32:08,913 - root - INFO - RemoteSessionsFrame recebeu atualização de status: Comando 'None', Rodando: False
2025-09-12 23:32:46,831 - root - INFO - Iniciando aplicação Ferramentas de Rede v2.0.0
2025-09-12 23:32:48,375 - root - INFO - Criando instância da aplicação...
2025-09-12 23:32:48,638 - root - INFO - PerformanceMonitor initialized
2025-09-12 23:32:48,798 - root - INFO - Initializing HostTabView
2025-09-12 23:32:49,103 - root - INFO - Instância criada com sucesso
2025-09-12 23:32:49,103 - root - INFO - Executando aplicação...
2025-09-12 23:32:49,103 - root - INFO - Sistema de proteção contra loops configurado
2025-09-12 23:32:49,113 - root - INFO - PerformanceMonitor started
2025-09-12 23:32:49,114 - root - INFO - Monitor de performance iniciado
2025-09-12 23:32:49,134 - root - INFO - Watchdog do mainloop iniciado
2025-09-12 23:32:49,134 - root - INFO - Iniciando mainloop com proteção anti-travamento...
2025-09-12 23:32:49,830 - root - INFO - HomeTabManager.update_home_buttons_state chamado:
2025-09-12 23:32:49,831 - root - INFO -   - status_data: None
2025-09-12 23:32:49,831 - root - INFO -   - controller.running_command: None
2025-09-12 23:32:49,831 - root - INFO -   - controller.is_running: False
2025-09-12 23:32:49,831 - root - INFO -   - ping_running: None
2025-09-12 23:32:49,831 - root - INFO -   - traceroute_running: None
2025-09-12 23:32:49,839 - root - INFO - Populating initial host tabs
2025-09-12 23:32:49,850 - root - INFO - Carregamento de dados concluído
2025-09-12 23:32:58,168 - root - INFO - Loading tools for host tab: HPRB-25889.saude.betim
2025-09-12 23:32:58,389 - root - INFO - SysInfoController initialized for host: HPRB-25889.saude.betim
2025-09-12 23:32:58,428 - root - INFO - Initializing PingFrame for host: HPRB-25889.saude.betim
2025-09-12 23:33:00,797 - root - INFO - START: Iniciando 'get_tv_id' para host 'HPRB-25889.saude.betim'
2025-09-12 23:33:00,797 - root - INFO - Opening credential dialog for target: 10.5.6.190
2025-09-12 23:37:38,818 - root - INFO - Iniciando aplicação Ferramentas de Rede v2.0.0
2025-09-12 23:37:39,928 - root - INFO - Criando instância da aplicação...
2025-09-12 23:37:40,153 - root - INFO - PerformanceMonitor initialized
2025-09-12 23:37:40,276 - root - INFO - Initializing HostTabView
2025-09-12 23:37:40,532 - root - INFO - Instância criada com sucesso
2025-09-12 23:37:40,533 - root - INFO - Executando aplicação...
2025-09-12 23:37:40,533 - root - INFO - Sistema de proteção contra loops configurado
2025-09-12 23:37:40,538 - root - INFO - PerformanceMonitor started
2025-09-12 23:37:40,539 - root - INFO - Monitor de performance iniciado
2025-09-12 23:37:40,551 - root - INFO - Watchdog do mainloop iniciado
2025-09-12 23:37:40,552 - root - INFO - Iniciando mainloop com proteção anti-travamento...
2025-09-12 23:37:41,235 - root - INFO - HomeTabManager.update_home_buttons_state chamado:
2025-09-12 23:37:41,235 - root - INFO -   - status_data: None
2025-09-12 23:37:41,235 - root - INFO -   - controller.running_command: None
2025-09-12 23:37:41,235 - root - INFO -   - controller.is_running: False
2025-09-12 23:37:41,235 - root - INFO -   - ping_running: None
2025-09-12 23:37:41,236 - root - INFO -   - traceroute_running: None
2025-09-12 23:37:41,242 - root - INFO - Populating initial host tabs
2025-09-12 23:37:41,251 - root - INFO - Carregamento de dados concluído
2025-09-12 23:37:42,915 - root - INFO - Loading tools for host tab: HPRB-25889.saude.betim
2025-09-12 23:37:43,095 - root - INFO - SysInfoController initialized for host: HPRB-25889.saude.betim
2025-09-12 23:37:43,134 - root - INFO - Initializing PingFrame for host: HPRB-25889.saude.betim
2025-09-12 23:37:46,052 - root - INFO - START: Iniciando 'get_tv_id' para host 'HPRB-25889.saude.betim'
2025-09-12 23:37:46,053 - root - INFO - Opening credential dialog for target: 10.5.6.190
2025-09-12 23:37:50,115 - root - INFO - Credential vault does not exist and user hasn't been prompted this session. Showing vault prompt dialog.
2025-09-12 23:37:50,115 - root - INFO - Showing vault creation prompt dialog.
2025-09-12 23:37:51,450 - root - INFO - User chose NOT to create a vault.
2025-09-12 23:37:51,479 - root - INFO - Vault prompt dialog result: False
2025-09-12 23:37:51,479 - root - INFO - Credential dialog confirmed for user: saude.betim\raphael.rego
2025-09-12 23:37:51,511 - root - INFO - RemoteSessionsFrame recebeu atualização de status: Comando 'get_tv_id', Rodando: True
2025-09-12 23:37:51,512 - root - INFO - START: Criando LoadingWindow para 'get_tv_id' com texto: 'Obtendo ID do TeamViewer...'
2025-09-12 23:37:51,537 - root - INFO - START: Criando thread para 'get_tv_id'
2025-09-12 23:37:51,537 - root - INFO - THREAD: Executando 'get_tv_id' com args: ('saude.betim\\raphael.rego', '$067076', <src.ui.components.info_widgets.HostInfoDisplay object .!ctkframe.!hosttabview.!ctkframe.!ctktabview.!ctkframe4.!hostinfodisplay>, <bound method RemoteSessionsFrame.update_tv_button_state of <src.ui.components.remote_sessions_frame.RemoteSessionsFrame object .!ctkframe.!hosttabview.!ctkframe.!ctktabview.!ctkframe4.!ctkframe.!ctktabview.!ctkframe3.!remotesessionsframe>>)
2025-09-12 23:37:51,537 - root - INFO - START: Thread 'get_tv_id' iniciada com sucesso
2025-09-12 23:37:51,538 - root - INFO - TEAMVIEWER: Obtendo ID do TeamViewer para 10.5.6.190
2025-09-12 23:37:51,540 - pypsrp.powershell - INFO - Initialising RunspacePool object for configuration Microsoft.PowerShell
2025-09-12 23:37:51,541 - pypsrp.powershell - INFO - Opening a new Runspace Pool on remote host
2025-09-12 23:37:51,964 - pypsrp.powershell - INFO - Initialising PowerShell in remote Runspace Pool
2025-09-12 23:37:51,964 - root - INFO - Executing 'get_teamviewer_id' on 10.5.6.190
2025-09-12 23:37:51,965 - pypsrp.powershell - INFO - Initialising PowerShell in remote Runspace Pool
2025-09-12 23:37:51,965 - pypsrp.powershell - INFO - Beginning remote Pipeline invocation
2025-09-12 23:37:52,641 - root - INFO - TeamViewer ID found for 10.5.6.190: 527938203
2025-09-12 23:37:52,655 - pypsrp.powershell - INFO - Closing Runspace Pool
2025-09-12 23:37:52,669 - root - INFO - TEAMVIEWER: Finalizando - ID encontrado: 527938203, connection_failed: False
2025-09-12 23:37:52,677 - root - INFO - TEAMVIEWER: Worker finalizado para 10.5.6.190
2025-09-12 23:37:52,678 - root - INFO - THREAD: 'get_tv_id' executado com sucesso
2025-09-12 23:37:52,679 - root - INFO - THREAD: Finalizando 'get_tv_id'
2025-09-12 23:37:52,681 - root - INFO - RemoteSessionsFrame recebeu atualização de status: Comando 'None', Rodando: False
2025-09-12 23:38:09,721 - root - INFO - Performance Summary - CPU: 0.0%, Memory: 83.3MB, Threads: 28.0, Active Commands: 0, Hanging Commands: 0
2025-09-12 23:38:39,933 - root - INFO - Performance Summary - CPU: 0.0%, Memory: 83.3MB, Threads: 27.4, Active Commands: 0, Hanging Commands: 0
2025-09-12 23:38:41,306 - root - INFO - Executando limpeza de recursos...
2025-09-12 23:38:41,307 - root - INFO - Credential vault locked
2025-09-12 23:38:41,310 - root - INFO - Limpeza de recursos concluída
2025-09-12 23:42:02,541 - root - INFO - Iniciando aplicação Ferramentas de Rede v2.0.0
2025-09-12 23:42:03,743 - root - INFO - Criando instância da aplicação...
2025-09-12 23:42:03,968 - root - INFO - PerformanceMonitor initialized
2025-09-12 23:42:04,099 - root - INFO - Initializing HostTabView
2025-09-12 23:42:04,349 - root - INFO - Instância criada com sucesso
2025-09-12 23:42:04,350 - root - INFO - Executando aplicação...
2025-09-12 23:42:04,350 - root - INFO - Sistema de proteção contra loops configurado
2025-09-12 23:42:04,355 - root - INFO - PerformanceMonitor started
2025-09-12 23:42:04,355 - root - INFO - Monitor de performance iniciado
2025-09-12 23:42:04,374 - root - INFO - Watchdog do mainloop iniciado
2025-09-12 23:42:04,374 - root - INFO - Iniciando mainloop com proteção anti-travamento...
2025-09-12 23:42:05,102 - root - INFO - HomeTabManager.update_home_buttons_state chamado:
2025-09-12 23:42:05,103 - root - INFO -   - status_data: None
2025-09-12 23:42:05,103 - root - INFO -   - controller.running_command: None
2025-09-12 23:42:05,103 - root - INFO -   - controller.is_running: False
2025-09-12 23:42:05,103 - root - INFO -   - ping_running: None
2025-09-12 23:42:05,104 - root - INFO -   - traceroute_running: None
2025-09-12 23:42:05,112 - root - INFO - Populating initial host tabs
2025-09-12 23:42:05,125 - root - INFO - Carregamento de dados concluído
2025-09-12 23:42:05,788 - root - INFO - Loading tools for host tab: HPRB-25889.saude.betim
2025-09-12 23:42:05,966 - root - INFO - SysInfoController initialized for host: HPRB-25889.saude.betim
2025-09-12 23:42:05,999 - root - INFO - Initializing PingFrame for host: HPRB-25889.saude.betim
2025-09-12 23:42:07,952 - root - INFO - START: Iniciando 'get_tv_id' para host 'HPRB-25889.saude.betim'
2025-09-12 23:42:07,953 - root - INFO - Opening credential dialog for target: 10.5.6.190
2025-09-12 23:42:12,894 - root - INFO - Credential vault does not exist and user hasn't been prompted this session. Showing vault prompt dialog.
2025-09-12 23:42:12,894 - root - INFO - Showing vault creation prompt dialog.
2025-09-12 23:42:14,167 - root - INFO - User chose NOT to create a vault.
2025-09-12 23:42:14,188 - root - INFO - Vault prompt dialog result: False
2025-09-12 23:42:14,188 - root - INFO - Credential dialog confirmed for user: saude.betim\raphael.rego
2025-09-12 23:42:14,211 - root - INFO - RemoteSessionsFrame recebeu atualização de status: Comando 'get_tv_id', Rodando: True
2025-09-12 23:42:14,212 - root - INFO - START: Criando LoadingWindow para 'get_tv_id' com texto: 'Obtendo ID do TeamViewer...'
2025-09-12 23:42:14,232 - root - INFO - START: Criando thread para 'get_tv_id'
2025-09-12 23:42:14,233 - root - INFO - THREAD: Executando 'get_tv_id' com args: ('saude.betim\\raphael.rego', '$067076', <src.ui.components.info_widgets.HostInfoDisplay object .!ctkframe.!hosttabview.!ctkframe.!ctktabview.!ctkframe4.!hostinfodisplay>, <bound method RemoteSessionsFrame.update_tv_button_state of <src.ui.components.remote_sessions_frame.RemoteSessionsFrame object .!ctkframe.!hosttabview.!ctkframe.!ctktabview.!ctkframe4.!ctkframe.!ctktabview.!ctkframe3.!remotesessionsframe>>)
2025-09-12 23:42:14,233 - root - INFO - START: Thread 'get_tv_id' iniciada com sucesso
2025-09-12 23:42:14,233 - root - INFO - TEAMVIEWER: Obtendo ID do TeamViewer para 10.5.6.190
2025-09-12 23:42:14,234 - pypsrp.powershell - INFO - Initialising RunspacePool object for configuration Microsoft.PowerShell
2025-09-12 23:42:14,235 - pypsrp.powershell - INFO - Opening a new Runspace Pool on remote host
2025-09-12 23:42:14,729 - pypsrp.powershell - INFO - Initialising PowerShell in remote Runspace Pool
2025-09-12 23:42:14,729 - root - INFO - Executing 'get_teamviewer_id' on 10.5.6.190
2025-09-12 23:42:14,730 - pypsrp.powershell - INFO - Initialising PowerShell in remote Runspace Pool
2025-09-12 23:42:14,730 - pypsrp.powershell - INFO - Beginning remote Pipeline invocation
2025-09-12 23:42:15,041 - root - INFO - TeamViewer ID found for 10.5.6.190: 527938203
2025-09-12 23:42:15,058 - pypsrp.powershell - INFO - Closing Runspace Pool
2025-09-12 23:42:15,069 - root - INFO - TEAMVIEWER: Finalizando - ID encontrado: 527938203, connection_failed: False
2025-09-12 23:42:15,075 - root - INFO - TEAMVIEWER: Worker finalizado para 10.5.6.190
2025-09-12 23:42:15,075 - root - INFO - THREAD: 'get_tv_id' executado com sucesso
2025-09-12 23:42:15,076 - root - INFO - THREAD: Finalizando 'get_tv_id'
2025-09-12 23:42:15,077 - root - INFO - RemoteSessionsFrame recebeu atualização de status: Comando 'None', Rodando: False
2025-09-12 23:42:31,537 - root - INFO - Executando limpeza de recursos...
2025-09-12 23:42:31,537 - root - INFO - Credential vault locked
2025-09-12 23:42:31,540 - root - INFO - Limpeza de recursos concluída
2025-09-12 23:47:40,769 - root - INFO - Iniciando aplicação Ferramentas de Rede v2.0.0
2025-09-12 23:47:41,861 - root - INFO - Criando instância da aplicação...
2025-09-12 23:47:42,093 - root - INFO - PerformanceMonitor initialized
2025-09-12 23:47:42,223 - root - INFO - Initializing HostTabView
2025-09-12 23:47:42,467 - root - INFO - Instância criada com sucesso
2025-09-12 23:47:42,467 - root - INFO - Executando aplicação...
2025-09-12 23:47:42,467 - root - INFO - Sistema de proteção contra loops configurado
2025-09-12 23:47:42,472 - root - INFO - PerformanceMonitor started
2025-09-12 23:47:42,473 - root - INFO - Monitor de performance iniciado
2025-09-12 23:47:42,490 - root - INFO - Watchdog do mainloop iniciado
2025-09-12 23:47:42,490 - root - INFO - Iniciando mainloop com proteção anti-travamento...
2025-09-12 23:47:43,111 - root - INFO - HomeTabManager.update_home_buttons_state chamado:
2025-09-12 23:47:43,111 - root - INFO -   - status_data: None
2025-09-12 23:47:43,111 - root - INFO -   - controller.running_command: None
2025-09-12 23:47:43,111 - root - INFO -   - controller.is_running: False
2025-09-12 23:47:43,112 - root - INFO -   - ping_running: None
2025-09-12 23:47:43,112 - root - INFO -   - traceroute_running: None
2025-09-12 23:47:43,118 - root - INFO - Populating initial host tabs
2025-09-12 23:47:43,129 - root - INFO - Carregamento de dados concluído
2025-09-12 23:47:44,692 - root - INFO - Loading tools for host tab: HPRB-25889.saude.betim
2025-09-12 23:47:44,868 - root - INFO - SysInfoController initialized for host: HPRB-25889.saude.betim
2025-09-12 23:47:44,901 - root - INFO - Initializing PingFrame for host: HPRB-25889.saude.betim
2025-09-12 23:47:47,406 - root - INFO - START: Iniciando 'get_tv_id' para host 'HPRB-25889.saude.betim'
2025-09-12 23:47:47,408 - root - INFO - Opening credential dialog for target: 10.5.6.190
2025-09-12 23:47:51,651 - root - INFO - Credential vault does not exist and user hasn't been prompted this session. Showing vault prompt dialog.
2025-09-12 23:47:51,651 - root - INFO - Showing vault creation prompt dialog.
2025-09-12 23:47:53,061 - root - INFO - User chose NOT to create a vault.
2025-09-12 23:47:53,078 - root - INFO - Vault prompt dialog result: False
2025-09-12 23:47:53,079 - root - INFO - Credential dialog confirmed for user: saude.betim\raphael.rego
2025-09-12 23:47:53,108 - root - INFO - RemoteSessionsFrame recebeu atualização de status: Comando 'get_tv_id', Rodando: True
2025-09-12 23:47:53,109 - root - INFO - START: Criando LoadingWindow para 'get_tv_id' com texto: 'Obtendo ID do TeamViewer...'
2025-09-12 23:47:53,131 - root - INFO - START: Criando thread para 'get_tv_id'
2025-09-12 23:47:53,132 - root - INFO - THREAD: Executando 'get_tv_id' com args: ('saude.betim\\raphael.rego', '$067076', <src.ui.components.info_widgets.HostInfoDisplay object .!ctkframe.!hosttabview.!ctkframe.!ctktabview.!ctkframe4.!hostinfodisplay>, <bound method RemoteSessionsFrame.update_tv_button_state of <src.ui.components.remote_sessions_frame.RemoteSessionsFrame object .!ctkframe.!hosttabview.!ctkframe.!ctktabview.!ctkframe4.!ctkframe.!ctktabview.!ctkframe3.!remotesessionsframe>>)
2025-09-12 23:47:53,132 - root - INFO - START: Thread 'get_tv_id' iniciada com sucesso
2025-09-12 23:47:53,132 - root - INFO - TEAMVIEWER: Obtendo ID do TeamViewer para 10.5.6.190
2025-09-12 23:47:53,134 - pypsrp.powershell - INFO - Initialising RunspacePool object for configuration Microsoft.PowerShell
2025-09-12 23:47:53,134 - pypsrp.powershell - INFO - Opening a new Runspace Pool on remote host
2025-09-12 23:47:53,442 - pypsrp.powershell - INFO - Initialising PowerShell in remote Runspace Pool
2025-09-12 23:47:53,442 - root - INFO - Executing 'get_teamviewer_id' on 10.5.6.190
2025-09-12 23:47:53,443 - pypsrp.powershell - INFO - Initialising PowerShell in remote Runspace Pool
2025-09-12 23:47:53,443 - pypsrp.powershell - INFO - Beginning remote Pipeline invocation
2025-09-12 23:47:53,787 - root - INFO - TeamViewer ID found for 10.5.6.190: 527938203
2025-09-12 23:47:53,807 - pypsrp.powershell - INFO - Closing Runspace Pool
2025-09-12 23:47:53,818 - root - INFO - TEAMVIEWER: Finalizando - ID encontrado: 527938203, connection_failed: False
2025-09-12 23:47:53,823 - root - INFO - TEAMVIEWER: Worker finalizado para 10.5.6.190
2025-09-12 23:47:53,824 - root - INFO - THREAD: 'get_tv_id' executado com sucesso
2025-09-12 23:47:53,825 - root - INFO - THREAD: Finalizando 'get_tv_id'
2025-09-12 23:47:53,826 - root - INFO - RemoteSessionsFrame recebeu atualização de status: Comando 'None', Rodando: False
2025-09-12 23:48:02,350 - root - INFO - Executando limpeza de recursos...
2025-09-12 23:48:02,350 - root - INFO - Credential vault locked
2025-09-12 23:48:02,354 - root - INFO - Limpeza de recursos concluída
2025-09-12 23:50:30,157 - root - INFO - Iniciando aplicação Ferramentas de Rede v2.0.0
2025-09-12 23:50:31,770 - root - INFO - Criando instância da aplicação...
2025-09-12 23:50:32,044 - root - INFO - PerformanceMonitor initialized
2025-09-12 23:50:32,269 - root - INFO - Initializing HostTabView
2025-09-12 23:50:32,563 - root - INFO - Instância criada com sucesso
2025-09-12 23:50:32,563 - root - INFO - Executando aplicação...
2025-09-12 23:50:32,564 - root - INFO - Sistema de proteção contra loops configurado
2025-09-12 23:50:32,577 - root - INFO - PerformanceMonitor started
2025-09-12 23:50:32,577 - root - INFO - Monitor de performance iniciado
2025-09-12 23:50:32,591 - root - INFO - Watchdog do mainloop iniciado
2025-09-12 23:50:32,591 - root - INFO - Iniciando mainloop com proteção anti-travamento...
2025-09-12 23:50:33,453 - root - INFO - HomeTabManager.update_home_buttons_state chamado:
2025-09-12 23:50:33,453 - root - INFO -   - status_data: None
2025-09-12 23:50:33,453 - root - INFO -   - controller.running_command: None
2025-09-12 23:50:33,454 - root - INFO -   - controller.is_running: False
2025-09-12 23:50:33,454 - root - INFO -   - ping_running: None
2025-09-12 23:50:33,454 - root - INFO -   - traceroute_running: None
2025-09-12 23:50:33,462 - root - INFO - Populating initial host tabs
2025-09-12 23:50:33,474 - root - INFO - Carregamento de dados concluído
2025-09-12 23:50:34,310 - root - INFO - Loading tools for host tab: HPRB-25889.saude.betim
2025-09-12 23:50:34,551 - root - INFO - SysInfoController initialized for host: HPRB-25889.saude.betim
2025-09-12 23:50:34,591 - root - INFO - Initializing PingFrame for host: HPRB-25889.saude.betim
2025-09-12 23:50:36,454 - root - INFO - START: Iniciando 'get_tv_id' para host 'HPRB-25889.saude.betim'
2025-09-12 23:50:36,454 - root - INFO - Opening credential dialog for target: 10.5.6.190
2025-09-12 23:50:40,518 - root - INFO - Credential vault does not exist and user hasn't been prompted this session. Showing vault prompt dialog.
2025-09-12 23:50:40,518 - root - INFO - Showing vault creation prompt dialog.
2025-09-12 23:50:41,935 - root - INFO - User chose NOT to create a vault.
2025-09-12 23:50:41,960 - root - INFO - Vault prompt dialog result: False
2025-09-12 23:50:41,960 - root - INFO - Credential dialog confirmed for user: saude.betim\raphael.rego
2025-09-12 23:50:42,013 - root - INFO - RemoteSessionsFrame recebeu atualização de status: Comando 'get_tv_id', Rodando: True
2025-09-12 23:50:42,014 - root - INFO - START: Criando LoadingWindow para 'get_tv_id' com texto: 'Obtendo ID do TeamViewer...'
2025-09-12 23:50:42,059 - root - INFO - START: Criando thread para 'get_tv_id'
2025-09-12 23:50:42,059 - root - INFO - THREAD: Executando 'get_tv_id' com args: ('saude.betim\\raphael.rego', '$067076', <src.ui.components.info_widgets.HostInfoDisplay object .!ctkframe.!hosttabview.!ctkframe.!ctktabview.!ctkframe4.!hostinfodisplay>, <bound method RemoteSessionsFrame.update_tv_button_state of <src.ui.components.remote_sessions_frame.RemoteSessionsFrame object .!ctkframe.!hosttabview.!ctkframe.!ctktabview.!ctkframe4.!ctkframe.!ctktabview.!ctkframe3.!remotesessionsframe>>)
2025-09-12 23:50:42,059 - root - INFO - START: Thread 'get_tv_id' iniciada com sucesso
2025-09-12 23:50:42,060 - root - INFO - TEAMVIEWER: Obtendo ID do TeamViewer para 10.5.6.190
2025-09-12 23:50:42,060 - pypsrp.powershell - INFO - Initialising RunspacePool object for configuration Microsoft.PowerShell
2025-09-12 23:50:42,061 - pypsrp.powershell - INFO - Opening a new Runspace Pool on remote host
2025-09-12 23:50:42,416 - pypsrp.powershell - INFO - Initialising PowerShell in remote Runspace Pool
2025-09-12 23:50:42,417 - root - INFO - Executing 'get_teamviewer_id' on 10.5.6.190
2025-09-12 23:50:42,417 - pypsrp.powershell - INFO - Initialising PowerShell in remote Runspace Pool
2025-09-12 23:50:42,417 - pypsrp.powershell - INFO - Beginning remote Pipeline invocation
2025-09-12 23:50:42,719 - root - INFO - TeamViewer ID found for 10.5.6.190: 527938203
2025-09-12 23:50:42,739 - pypsrp.powershell - INFO - Closing Runspace Pool
2025-09-12 23:50:42,753 - root - INFO - TEAMVIEWER: Finalizando - ID encontrado: 527938203, connection_failed: False
2025-09-12 23:50:42,757 - root - INFO - TEAMVIEWER: Worker finalizado para 10.5.6.190
2025-09-12 23:50:42,757 - root - INFO - THREAD: 'get_tv_id' executado com sucesso
2025-09-12 23:50:42,757 - root - INFO - THREAD: Finalizando 'get_tv_id'
2025-09-12 23:50:42,757 - root - INFO - RemoteSessionsFrame recebeu atualização de status: Comando 'None', Rodando: False
2025-09-12 23:50:42,757 - root - INFO - THREAD: Sinalizando fechamento da LoadingWindow para 'get_tv_id'
2025-09-12 23:50:42,757 - root - INFO - THREAD: LoadingWindow sinalizada para fechamento
2025-09-12 23:50:43,075 - root - INFO - LoadingWindow: Auto-check detectou sinal para fechar
2025-09-12 23:50:43,075 - root - INFO - LoadingWindow: Iniciando destruição forçada
2025-09-12 23:50:43,075 - root - INFO - LoadingWindow: destroy() chamado - redirecionando para _force_destroy()
2025-09-12 23:50:43,076 - root - INFO - LoadingWindow: Destruição forçada concluída
2025-09-13 00:00:03,729 - root - INFO - Iniciando aplicação Ferramentas de Rede v2.0.0
2025-09-13 00:00:04,966 - root - INFO - Criando instância da aplicação...
2025-09-13 00:00:05,258 - root - INFO - PerformanceMonitor initialized
2025-09-13 00:00:05,390 - root - INFO - Initializing HostTabView
2025-09-13 00:00:05,645 - root - INFO - Instância criada com sucesso
2025-09-13 00:00:05,645 - root - INFO - Executando aplicação...
2025-09-13 00:00:05,645 - root - INFO - Sistema de proteção contra loops configurado
2025-09-13 00:00:05,651 - root - INFO - PerformanceMonitor started
2025-09-13 00:00:05,651 - root - INFO - Monitor de performance iniciado
2025-09-13 00:00:05,668 - root - INFO - Watchdog do mainloop iniciado
2025-09-13 00:00:05,668 - root - INFO - Iniciando mainloop com proteção anti-travamento...
2025-09-13 00:00:06,343 - root - INFO - HomeTabManager.update_home_buttons_state chamado:
2025-09-13 00:00:06,343 - root - INFO -   - status_data: None
2025-09-13 00:00:06,343 - root - INFO -   - controller.running_command: None
2025-09-13 00:00:06,343 - root - INFO -   - controller.is_running: False
2025-09-13 00:00:06,344 - root - INFO -   - ping_running: None
2025-09-13 00:00:06,344 - root - INFO -   - traceroute_running: None
2025-09-13 00:00:06,350 - root - INFO - Populating initial host tabs
2025-09-13 00:00:06,364 - root - INFO - Carregamento de dados concluído
2025-09-13 00:00:10,255 - root - INFO - Loading tools for host tab: HPRB-25889.saude.betim
2025-09-13 00:00:10,461 - root - INFO - SysInfoController initialized for host: HPRB-25889.saude.betim
2025-09-13 00:00:10,499 - root - INFO - Initializing PingFrame for host: HPRB-25889.saude.betim
2025-09-13 00:00:12,418 - root - INFO - START: Iniciando 'get_tv_id' para host 'HPRB-25889.saude.betim'
2025-09-13 00:00:12,419 - root - INFO - Opening credential dialog for target: 10.5.6.190
2025-09-13 00:00:16,273 - root - INFO - Credential vault does not exist and user hasn't been prompted this session. Showing vault prompt dialog.
2025-09-13 00:00:16,273 - root - INFO - Showing vault creation prompt dialog.
2025-09-13 00:00:17,587 - root - INFO - User chose NOT to create a vault.
2025-09-13 00:00:17,610 - root - INFO - Vault prompt dialog result: False
2025-09-13 00:00:17,610 - root - INFO - Credential dialog confirmed for user: saude.betim\raphael.rego
2025-09-13 00:00:17,640 - root - INFO - RemoteSessionsFrame recebeu atualização de status: Comando 'get_tv_id', Rodando: True
2025-09-13 00:00:17,640 - root - INFO - START: Criando LoadingWindow para 'get_tv_id' com texto: 'Obtendo ID do TeamViewer...'
2025-09-13 00:00:17,664 - root - INFO - START: Criando thread para 'get_tv_id'
2025-09-13 00:00:17,665 - root - INFO - THREAD: Executando 'get_tv_id' com args: ('saude.betim\\raphael.rego', '$067076', <src.ui.components.info_widgets.HostInfoDisplay object .!ctkframe.!hosttabview.!ctkframe.!ctktabview.!ctkframe4.!hostinfodisplay>, <bound method RemoteSessionsFrame.update_tv_button_state of <src.ui.components.remote_sessions_frame.RemoteSessionsFrame object .!ctkframe.!hosttabview.!ctkframe.!ctktabview.!ctkframe4.!ctkframe.!ctktabview.!ctkframe3.!remotesessionsframe>>)
2025-09-13 00:00:17,665 - root - INFO - START: Thread 'get_tv_id' iniciada com sucesso
2025-09-13 00:00:17,665 - root - INFO - TEAMVIEWER: Obtendo ID do TeamViewer para 10.5.6.190
2025-09-13 00:00:17,666 - pypsrp.powershell - INFO - Initialising RunspacePool object for configuration Microsoft.PowerShell
2025-09-13 00:00:17,667 - pypsrp.powershell - INFO - Opening a new Runspace Pool on remote host
2025-09-13 00:00:18,014 - pypsrp.powershell - INFO - Initialising PowerShell in remote Runspace Pool
2025-09-13 00:00:18,014 - root - INFO - Executing 'get_teamviewer_id' on 10.5.6.190
2025-09-13 00:00:18,015 - pypsrp.powershell - INFO - Initialising PowerShell in remote Runspace Pool
2025-09-13 00:00:18,015 - pypsrp.powershell - INFO - Beginning remote Pipeline invocation
2025-09-13 00:00:18,321 - root - INFO - TeamViewer ID found for 10.5.6.190: 527938203
2025-09-13 00:00:18,334 - pypsrp.powershell - INFO - Closing Runspace Pool
2025-09-13 00:00:18,345 - root - INFO - TEAMVIEWER: Finalizando - ID encontrado: 527938203, connection_failed: False
2025-09-13 00:00:18,348 - root - INFO - TEAMVIEWER: Worker finalizado para 10.5.6.190
2025-09-13 00:00:18,349 - root - INFO - THREAD: 'get_tv_id' executado com sucesso
2025-09-13 00:00:18,350 - root - INFO - THREAD: Finalizando 'get_tv_id'
2025-09-13 00:00:18,351 - root - INFO - THREAD: Sinalizando fechamento da LoadingWindow para 'get_tv_id'
2025-09-13 00:00:18,351 - root - INFO - RemoteSessionsFrame recebeu atualização de status: Comando 'None', Rodando: False
2025-09-13 00:00:18,352 - root - INFO - THREAD: LoadingWindow sinalizada para fechamento
2025-09-13 00:00:18,678 - root - INFO - LoadingWindow: Auto-check detectou sinal para fechar
2025-09-13 00:00:18,678 - root - INFO - LoadingWindow: Iniciando destruição forçada
2025-09-13 00:00:18,679 - root - INFO - LoadingWindow: destroy() chamado - redirecionando para _force_destroy()
2025-09-13 00:00:18,679 - root - INFO - LoadingWindow: Destruição forçada concluída
2025-09-13 00:00:27,761 - root - INFO - LoadingWindow: Usuário clicou em fechar
2025-09-13 00:00:27,762 - root - INFO - LoadingWindow: Chamando callback de cancelamento
2025-09-13 00:00:27,763 - root - INFO - STOP: Parando comando 'None' (is_running=False)
2025-09-13 00:00:27,766 - root - INFO - RemoteSessionsFrame recebeu atualização de status: Comando 'None', Rodando: False
2025-09-13 00:00:27,767 - root - INFO - STOP: Comando 'None' parado - Estado limpo
2025-09-13 00:00:28,962 - root - INFO - LoadingWindow: Usuário clicou em fechar
2025-09-13 00:00:28,962 - root - INFO - LoadingWindow: Chamando callback de cancelamento
2025-09-13 00:00:28,964 - root - INFO - STOP: Parando comando 'None' (is_running=False)
2025-09-13 00:00:28,967 - root - INFO - RemoteSessionsFrame recebeu atualização de status: Comando 'None', Rodando: False
2025-09-13 00:00:28,968 - root - INFO - STOP: Comando 'None' parado - Estado limpo
2025-09-13 00:00:29,873 - root - INFO - LoadingWindow: Usuário clicou em fechar
2025-09-13 00:00:29,874 - root - INFO - LoadingWindow: Chamando callback de cancelamento
2025-09-13 00:00:29,875 - root - INFO - STOP: Parando comando 'None' (is_running=False)
2025-09-13 00:00:29,875 - root - INFO - RemoteSessionsFrame recebeu atualização de status: Comando 'None', Rodando: False
2025-09-13 00:00:29,880 - root - INFO - STOP: Comando 'None' parado - Estado limpo
2025-09-13 00:00:34,822 - root - INFO - Performance Summary - CPU: 0.0%, Memory: 82.9MB, Threads: 28.0, Active Commands: 0, Hanging Commands: 0
2025-09-13 00:00:38,032 - root - INFO - Executando limpeza de recursos...
2025-09-13 00:00:38,032 - root - INFO - Credential vault locked
2025-09-13 00:00:38,034 - root - INFO - Limpeza de recursos concluída
2025-09-13 00:01:56,415 - root - INFO - Iniciando aplicação Ferramentas de Rede v2.0.0
2025-09-13 00:01:57,495 - root - INFO - Criando instância da aplicação...
2025-09-13 00:01:57,706 - root - INFO - PerformanceMonitor initialized
2025-09-13 00:01:57,827 - root - INFO - Initializing HostTabView
2025-09-13 00:01:58,108 - root - INFO - Instância criada com sucesso
2025-09-13 00:01:58,108 - root - INFO - Executando aplicação...
2025-09-13 00:01:58,108 - root - INFO - Sistema de proteção contra loops configurado
2025-09-13 00:01:58,113 - root - INFO - PerformanceMonitor started
2025-09-13 00:01:58,113 - root - INFO - Monitor de performance iniciado
2025-09-13 00:01:58,125 - root - INFO - Watchdog do mainloop iniciado
2025-09-13 00:01:58,125 - root - INFO - Iniciando mainloop com proteção anti-travamento...
2025-09-13 00:01:58,814 - root - INFO - HomeTabManager.update_home_buttons_state chamado:
2025-09-13 00:01:58,815 - root - INFO -   - status_data: None
2025-09-13 00:01:58,815 - root - INFO -   - controller.running_command: None
2025-09-13 00:01:58,815 - root - INFO -   - controller.is_running: False
2025-09-13 00:01:58,815 - root - INFO -   - ping_running: None
2025-09-13 00:01:58,815 - root - INFO -   - traceroute_running: None
2025-09-13 00:01:58,822 - root - INFO - Populating initial host tabs
2025-09-13 00:01:58,831 - root - INFO - Carregamento de dados concluído
2025-09-13 00:02:00,706 - root - INFO - Loading tools for host tab: HPRB-25889.saude.betim
2025-09-13 00:02:00,887 - root - INFO - SysInfoController initialized for host: HPRB-25889.saude.betim
2025-09-13 00:02:00,922 - root - INFO - Initializing PingFrame for host: HPRB-25889.saude.betim
2025-09-13 00:02:02,531 - root - INFO - START: Iniciando 'get_tv_id' para host 'HPRB-25889.saude.betim'
2025-09-13 00:02:02,531 - root - INFO - Opening credential dialog for target: 10.5.6.190
2025-09-13 00:02:06,578 - root - INFO - Credential vault does not exist and user hasn't been prompted this session. Showing vault prompt dialog.
2025-09-13 00:02:06,578 - root - INFO - Showing vault creation prompt dialog.
2025-09-13 00:02:08,000 - root - INFO - User chose NOT to create a vault.
2025-09-13 00:02:08,034 - root - INFO - Vault prompt dialog result: False
2025-09-13 00:02:08,035 - root - INFO - Credential dialog confirmed for user: saude.betim\raphael.rego
2025-09-13 00:02:08,074 - root - INFO - RemoteSessionsFrame recebeu atualização de status: Comando 'get_tv_id', Rodando: True
2025-09-13 00:02:08,075 - root - INFO - START: Criando thread para 'get_tv_id'
2025-09-13 00:02:08,075 - root - INFO - THREAD: Executando 'get_tv_id' com args: ('saude.betim\\raphael.rego', '$067076', <src.ui.components.info_widgets.HostInfoDisplay object .!ctkframe.!hosttabview.!ctkframe.!ctktabview.!ctkframe4.!hostinfodisplay>, <bound method RemoteSessionsFrame.update_tv_button_state of <src.ui.components.remote_sessions_frame.RemoteSessionsFrame object .!ctkframe.!hosttabview.!ctkframe.!ctktabview.!ctkframe4.!ctkframe.!ctktabview.!ctkframe3.!remotesessionsframe>>)
2025-09-13 00:02:08,075 - root - INFO - START: Thread 'get_tv_id' iniciada com sucesso
2025-09-13 00:02:08,075 - root - INFO - TEAMVIEWER: Obtendo ID do TeamViewer para 10.5.6.190
2025-09-13 00:02:08,076 - pypsrp.powershell - INFO - Initialising RunspacePool object for configuration Microsoft.PowerShell
2025-09-13 00:02:08,076 - pypsrp.powershell - INFO - Opening a new Runspace Pool on remote host
2025-09-13 00:02:08,398 - pypsrp.powershell - INFO - Initialising PowerShell in remote Runspace Pool
2025-09-13 00:02:08,398 - root - INFO - Executing 'get_teamviewer_id' on 10.5.6.190
2025-09-13 00:02:08,398 - pypsrp.powershell - INFO - Initialising PowerShell in remote Runspace Pool
2025-09-13 00:02:08,399 - pypsrp.powershell - INFO - Beginning remote Pipeline invocation
2025-09-13 00:02:08,709 - root - INFO - TeamViewer ID found for 10.5.6.190: 527938203
2025-09-13 00:02:08,728 - pypsrp.powershell - INFO - Closing Runspace Pool
2025-09-13 00:02:08,743 - root - INFO - TEAMVIEWER: Finalizando - ID encontrado: 527938203, connection_failed: False
2025-09-13 00:02:08,746 - root - INFO - TEAMVIEWER: Worker finalizado para 10.5.6.190
2025-09-13 00:02:08,747 - root - INFO - THREAD: 'get_tv_id' executado com sucesso
2025-09-13 00:02:08,748 - root - INFO - THREAD: Finalizando 'get_tv_id'
2025-09-13 00:02:08,749 - root - INFO - RemoteSessionsFrame recebeu atualização de status: Comando 'None', Rodando: False
2025-09-13 00:02:12,067 - root - INFO - START: Iniciando 'list_users' para host 'HPRB-25889.saude.betim'
2025-09-13 00:02:12,068 - root - INFO - Opening credential dialog for target: 10.5.6.190
2025-09-13 00:02:19,090 - root - INFO - Credential dialog confirmed for user: saude.betim\raphael.rego
2025-09-13 00:02:19,120 - root - INFO - RemoteSessionsFrame recebeu atualização de status: Comando 'list_users', Rodando: True
2025-09-13 00:02:19,127 - root - INFO - START: Criando thread para 'list_users'
2025-09-13 00:02:19,128 - root - INFO - THREAD: Executando 'list_users' com args: ('saude.betim\\raphael.rego', '$067076', <bound method RemoteSessionsFrame.update_users_combobox of <src.ui.components.remote_sessions_frame.RemoteSessionsFrame object .!ctkframe.!hosttabview.!ctkframe.!ctktabview.!ctkframe4.!ctkframe.!ctktabview.!ctkframe3.!remotesessionsframe>>)
2025-09-13 00:02:19,129 - root - INFO - START: Thread 'list_users' iniciada com sucesso
2025-09-13 00:02:19,130 - pypsrp.powershell - INFO - Initialising RunspacePool object for configuration Microsoft.PowerShell
2025-09-13 00:02:19,135 - pypsrp.powershell - INFO - Opening a new Runspace Pool on remote host
2025-09-13 00:02:19,474 - pypsrp.powershell - INFO - Initialising PowerShell in remote Runspace Pool
2025-09-13 00:02:19,474 - root - INFO - Executing 'list_connected_users_winrm' on 10.5.6.190
2025-09-13 00:02:19,475 - pypsrp.powershell - INFO - Initialising PowerShell in remote Runspace Pool
2025-09-13 00:02:19,478 - pypsrp.powershell - INFO - Beginning remote Pipeline invocation
2025-09-13 00:02:19,774 - root - INFO - Finished 'list_connected_users_winrm' on 10.5.6.190. Found 0 sessions.
2025-09-13 00:02:19,774 - pypsrp.powershell - INFO - Closing Runspace Pool
2025-09-13 00:02:19,784 - root - INFO - Enviando callback update_users_combobox com 0 usuários
2025-09-13 00:02:19,784 - root - INFO - THREAD: 'list_users' executado com sucesso
2025-09-13 00:02:19,785 - root - INFO - THREAD: Finalizando 'list_users'
2025-09-13 00:02:19,786 - root - INFO - RemoteSessionsFrame recebeu atualização de status: Comando 'None', Rodando: False
2025-09-13 00:02:24,827 - root - INFO - Loading tools for host tab: CMI-10947.saude.betim
2025-09-13 00:02:24,966 - root - INFO - SysInfoController initialized for host: CMI-10947.saude.betim
2025-09-13 00:02:24,974 - root - INFO - Initializing PingFrame for host: CMI-10947.saude.betim
2025-09-13 00:02:26,803 - root - INFO - START: Iniciando 'list_users' para host 'CMI-10947.saude.betim'
2025-09-13 00:02:26,804 - root - INFO - Opening credential dialog for target: 10.5.5.48
2025-09-13 00:02:27,271 - root - INFO - Performance Summary - CPU: 0.0%, Memory: 83.7MB, Threads: 28.1, Active Commands: 0, Hanging Commands: 0
2025-09-13 00:02:30,626 - root - INFO - Credential dialog confirmed for user: saude.betim\raphael.rego
2025-09-13 00:02:30,663 - root - INFO - RemoteSessionsFrame recebeu atualização de status: Comando 'list_users', Rodando: True
2025-09-13 00:02:30,673 - root - INFO - START: Criando thread para 'list_users'
2025-09-13 00:02:30,675 - root - INFO - THREAD: Executando 'list_users' com args: ('saude.betim\\raphael.rego', '$067076', <bound method RemoteSessionsFrame.update_users_combobox of <src.ui.components.remote_sessions_frame.RemoteSessionsFrame object .!ctkframe.!hosttabview.!ctkframe.!ctktabview.!ctkframe3.!ctkframe.!ctktabview.!ctkframe3.!remotesessionsframe>>)
2025-09-13 00:02:30,675 - root - INFO - START: Thread 'list_users' iniciada com sucesso
2025-09-13 00:02:30,676 - pypsrp.powershell - INFO - Initialising RunspacePool object for configuration Microsoft.PowerShell
2025-09-13 00:02:30,681 - pypsrp.powershell - INFO - Opening a new Runspace Pool on remote host
2025-09-13 00:02:31,926 - pypsrp.powershell - INFO - Initialising PowerShell in remote Runspace Pool
2025-09-13 00:02:31,926 - root - INFO - Executing 'list_connected_users_winrm' on 10.5.5.48
2025-09-13 00:02:31,927 - pypsrp.powershell - INFO - Initialising PowerShell in remote Runspace Pool
2025-09-13 00:02:31,928 - pypsrp.powershell - INFO - Beginning remote Pipeline invocation
2025-09-13 00:02:32,371 - root - INFO - Finished 'list_connected_users_winrm' on 10.5.5.48. Found 0 sessions.
2025-09-13 00:02:32,371 - pypsrp.powershell - INFO - Closing Runspace Pool
2025-09-13 00:02:32,378 - root - INFO - Enviando callback update_users_combobox com 0 usuários
2025-09-13 00:02:32,379 - root - INFO - THREAD: 'list_users' executado com sucesso
2025-09-13 00:02:32,380 - root - INFO - THREAD: Finalizando 'list_users'
2025-09-13 00:02:32,382 - root - INFO - RemoteSessionsFrame recebeu atualização de status: Comando 'None', Rodando: False
2025-09-13 00:02:57,461 - root - INFO - Performance Summary - CPU: 0.0%, Memory: 85.7MB, Threads: 27.4, Active Commands: 0, Hanging Commands: 0
2025-09-13 00:03:07,505 - root - INFO - PerformanceMonitor stopped
2025-09-13 00:03:07,506 - root - INFO - Credential vault locked
2025-09-13 00:03:07,845 - root - INFO - Executando limpeza de recursos...
2025-09-13 00:03:07,846 - root - INFO - Credential vault locked
2025-09-13 00:03:07,861 - root - INFO - Limpeza de recursos concluída
2025-09-13 00:03:07,869 - root - INFO - Aplicação finalizada normalmente
2025-09-13 00:05:38,295 - root - INFO - Iniciando aplicação Ferramentas de Rede v2.0.0
2025-09-13 00:05:40,041 - root - INFO - Criando instância da aplicação...
2025-09-13 00:05:40,319 - root - INFO - PerformanceMonitor initialized
2025-09-13 00:05:40,467 - root - INFO - Initializing HostTabView
2025-09-13 00:05:40,767 - root - INFO - Instância criada com sucesso
2025-09-13 00:05:40,767 - root - INFO - Executando aplicação...
2025-09-13 00:05:40,767 - root - INFO - Sistema de proteção contra loops configurado
2025-09-13 00:05:40,774 - root - INFO - PerformanceMonitor started
2025-09-13 00:05:40,774 - root - INFO - Monitor de performance iniciado
2025-09-13 00:05:40,795 - root - INFO - Watchdog do mainloop iniciado
2025-09-13 00:05:40,796 - root - INFO - Iniciando mainloop com proteção anti-travamento...
2025-09-13 00:05:41,649 - root - INFO - HomeTabManager.update_home_buttons_state chamado:
2025-09-13 00:05:41,649 - root - INFO -   - status_data: None
2025-09-13 00:05:41,649 - root - INFO -   - controller.running_command: None
2025-09-13 00:05:41,649 - root - INFO -   - controller.is_running: False
2025-09-13 00:05:41,649 - root - INFO -   - ping_running: None
2025-09-13 00:05:41,649 - root - INFO -   - traceroute_running: None
2025-09-13 00:05:41,658 - root - INFO - Populating initial host tabs
2025-09-13 00:05:41,670 - root - INFO - Carregamento de dados concluído
2025-09-13 00:06:04,770 - root - INFO - Iniciando aplicação Ferramentas de Rede v2.0.0
2025-09-13 00:06:06,436 - root - INFO - Criando instância da aplicação...
2025-09-13 00:06:06,723 - root - INFO - PerformanceMonitor initialized
2025-09-13 00:06:06,868 - root - INFO - Initializing HostTabView
2025-09-13 00:06:07,170 - root - INFO - Instância criada com sucesso
2025-09-13 00:06:07,170 - root - INFO - Executando aplicação...
2025-09-13 00:06:07,171 - root - INFO - Sistema de proteção contra loops configurado
2025-09-13 00:06:07,177 - root - INFO - PerformanceMonitor started
2025-09-13 00:06:07,177 - root - INFO - Monitor de performance iniciado
2025-09-13 00:06:07,190 - root - INFO - Watchdog do mainloop iniciado
2025-09-13 00:06:07,190 - root - INFO - Iniciando mainloop com proteção anti-travamento...
2025-09-13 00:06:07,946 - root - INFO - HomeTabManager.update_home_buttons_state chamado:
2025-09-13 00:06:07,947 - root - INFO -   - status_data: None
2025-09-13 00:06:07,947 - root - INFO -   - controller.running_command: None
2025-09-13 00:06:07,947 - root - INFO -   - controller.is_running: False
2025-09-13 00:06:07,947 - root - INFO -   - ping_running: None
2025-09-13 00:06:07,947 - root - INFO -   - traceroute_running: None
2025-09-13 00:06:07,957 - root - INFO - Populating initial host tabs
2025-09-13 00:06:07,968 - root - INFO - Carregamento de dados concluído
2025-09-13 00:08:26,788 - root - INFO - Iniciando aplicação Ferramentas de Rede v2.0.0
2025-09-13 00:08:27,891 - root - INFO - Criando instância da aplicação...
2025-09-13 00:08:28,117 - root - INFO - PerformanceMonitor initialized
2025-09-13 00:08:28,231 - root - INFO - Initializing HostTabView
2025-09-13 00:08:28,484 - root - INFO - Instância criada com sucesso
2025-09-13 00:08:28,484 - root - INFO - Executando aplicação...
2025-09-13 00:08:28,485 - root - INFO - Sistema de proteção contra loops configurado
2025-09-13 00:08:28,490 - root - INFO - PerformanceMonitor started
2025-09-13 00:08:28,490 - root - INFO - Monitor de performance iniciado
2025-09-13 00:08:28,505 - root - INFO - Watchdog do mainloop iniciado
2025-09-13 00:08:28,505 - root - INFO - Iniciando mainloop com proteção anti-travamento...
2025-09-13 00:08:29,189 - root - INFO - HomeTabManager.update_home_buttons_state chamado:
2025-09-13 00:08:29,190 - root - INFO -   - status_data: None
2025-09-13 00:08:29,190 - root - INFO -   - controller.running_command: None
2025-09-13 00:08:29,190 - root - INFO -   - controller.is_running: False
2025-09-13 00:08:29,190 - root - INFO -   - ping_running: None
2025-09-13 00:08:29,190 - root - INFO -   - traceroute_running: None
2025-09-13 00:08:29,196 - root - INFO - Populating initial host tabs
2025-09-13 00:08:29,204 - root - INFO - Carregamento de dados concluído
2025-09-13 00:08:30,173 - root - INFO - Loading tools for host tab: CMI-10947.saude.betim
2025-09-13 00:08:30,339 - root - INFO - SysInfoController initialized for host: CMI-10947.saude.betim
2025-09-13 00:08:30,381 - root - INFO - Initializing PingFrame for host: CMI-10947.saude.betim
2025-09-13 00:08:32,648 - root - INFO - START: Iniciando 'list_users' para host 'CMI-10947.saude.betim'
2025-09-13 00:08:32,649 - root - INFO - Opening credential dialog for target: 10.5.5.48
2025-09-13 00:08:36,884 - root - INFO - Credential vault does not exist and user hasn't been prompted this session. Showing vault prompt dialog.
2025-09-13 00:08:36,884 - root - INFO - Showing vault creation prompt dialog.
2025-09-13 00:08:38,151 - root - INFO - User chose NOT to create a vault.
2025-09-13 00:08:38,170 - root - INFO - Vault prompt dialog result: False
2025-09-13 00:08:38,170 - root - INFO - Credential dialog confirmed for user: saude.betim\raphael.rego
2025-09-13 00:08:38,199 - root - INFO - RemoteSessionsFrame recebeu atualização de status: Comando 'list_users', Rodando: True
2025-09-13 00:08:38,206 - root - INFO - START: Criando thread para 'list_users'
2025-09-13 00:08:38,207 - root - INFO - THREAD: Executando 'list_users' com args: ('saude.betim\\raphael.rego', '$067076', <bound method RemoteSessionsFrame.update_users_combobox of <src.ui.components.remote_sessions_frame.RemoteSessionsFrame object .!ctkframe.!hosttabview.!ctkframe.!ctktabview.!ctkframe3.!ctkframe.!ctktabview.!ctkframe3.!remotesessionsframe>>)
2025-09-13 00:08:38,207 - root - INFO - START: Thread 'list_users' iniciada com sucesso
2025-09-13 00:08:38,209 - pypsrp.powershell - INFO - Initialising RunspacePool object for configuration Microsoft.PowerShell
2025-09-13 00:08:38,210 - pypsrp.powershell - INFO - Opening a new Runspace Pool on remote host
2025-09-13 00:08:38,592 - pypsrp.powershell - INFO - Initialising PowerShell in remote Runspace Pool
2025-09-13 00:08:38,592 - root - INFO - Executing 'list_connected_users_winrm' on 10.5.5.48
2025-09-13 00:08:38,593 - pypsrp.powershell - INFO - Initialising PowerShell in remote Runspace Pool
2025-09-13 00:08:38,593 - pypsrp.powershell - INFO - Beginning remote Pipeline invocation
2025-09-13 00:08:40,018 - root - INFO - Tentando fallback com parse manual do qwinsta
2025-09-13 00:08:40,018 - root - INFO - Finished 'list_connected_users_winrm' on 10.5.5.48. Found 0 sessions.
2025-09-13 00:08:40,020 - pypsrp.powershell - INFO - Closing Runspace Pool
2025-09-13 00:08:40,027 - root - INFO - Enviando callback update_users_combobox com 0 usuários
2025-09-13 00:08:40,028 - root - INFO - THREAD: 'list_users' executado com sucesso
2025-09-13 00:08:40,028 - root - INFO - THREAD: Finalizando 'list_users'
2025-09-13 00:08:40,029 - root - INFO - RemoteSessionsFrame recebeu atualização de status: Comando 'None', Rodando: False
2025-09-13 00:08:47,942 - root - INFO - START: Iniciando 'check_rdp' para host 'CMI-10947.saude.betim'
2025-09-13 00:08:47,942 - root - INFO - Opening credential dialog for target: 10.5.5.48
2025-09-13 00:08:51,900 - root - INFO - Credential dialog confirmed for user: saude.betim\raphael.rego
2025-09-13 00:08:51,930 - root - INFO - RemoteSessionsFrame recebeu atualização de status: Comando 'check_rdp', Rodando: True
2025-09-13 00:08:51,931 - root - INFO - START: Criando LoadingWindow para 'check_rdp' com texto: 'Verificando sessões remotas...'
2025-09-13 00:08:51,963 - root - INFO - START: Criando thread para 'check_rdp'
2025-09-13 00:08:51,965 - root - INFO - THREAD: Executando 'check_rdp' com args: ('saude.betim\\raphael.rego', '$067076')
2025-09-13 00:08:51,965 - root - INFO - START: Thread 'check_rdp' iniciada com sucesso
2025-09-13 00:08:51,965 - root - INFO - RDP: Verificando sessões ativas para 10.5.5.48
2025-09-13 00:08:51,969 - pypsrp.powershell - INFO - Initialising RunspacePool object for configuration Microsoft.PowerShell
2025-09-13 00:08:51,971 - pypsrp.powershell - INFO - Opening a new Runspace Pool on remote host
2025-09-13 00:08:52,228 - pypsrp.powershell - INFO - Initialising PowerShell in remote Runspace Pool
2025-09-13 00:08:52,228 - root - INFO - Executing 'list_connected_users_winrm' on 10.5.5.48
2025-09-13 00:08:52,230 - pypsrp.powershell - INFO - Initialising PowerShell in remote Runspace Pool
2025-09-13 00:08:52,230 - pypsrp.powershell - INFO - Beginning remote Pipeline invocation
2025-09-13 00:08:53,182 - root - INFO - Tentando fallback com parse manual do qwinsta
2025-09-13 00:08:53,183 - root - INFO - Finished 'list_connected_users_winrm' on 10.5.5.48. Found 0 sessions.
2025-09-13 00:08:53,184 - root - INFO - RDP: Worker finalizado para 10.5.5.48
2025-09-13 00:08:53,184 - root - INFO - RDP: Iniciando conexão para 10.5.5.48
2025-09-13 00:08:53,184 - pypsrp.powershell - INFO - Closing Runspace Pool
2025-09-13 00:08:53,192 - root - INFO - THREAD: 'check_rdp' executado com sucesso
2025-09-13 00:08:53,192 - root - INFO - THREAD: Finalizando 'check_rdp'
2025-09-13 00:08:53,222 - root - INFO - THREAD: Sinalizando fechamento da LoadingWindow para 'check_rdp'
2025-09-13 00:08:53,222 - root - INFO - THREAD: LoadingWindow sinalizada para fechamento
2025-09-13 00:08:53,224 - root - INFO - RemoteSessionsFrame recebeu atualização de status: Comando 'None', Rodando: False
2025-09-13 00:08:53,492 - root - INFO - LoadingWindow: Auto-check detectou sinal para fechar
2025-09-13 00:08:53,492 - root - INFO - LoadingWindow: Iniciando destruição forçada
2025-09-13 00:08:53,493 - root - INFO - LoadingWindow: destroy() chamado - redirecionando para _force_destroy()
2025-09-13 00:08:53,493 - root - INFO - LoadingWindow: Destruição forçada concluída
2025-09-13 00:08:57,669 - root - INFO - Performance Summary - CPU: 0.0%, Memory: 83.2MB, Threads: 28.1, Active Commands: 0, Hanging Commands: 0
2025-09-13 00:09:19,828 - root - INFO - LoadingWindow: Usuário clicou em fechar
2025-09-13 00:09:19,828 - root - INFO - LoadingWindow: Chamando callback de cancelamento
2025-09-13 00:09:19,830 - root - INFO - STOP: Parando comando 'None' (is_running=False)
2025-09-13 00:09:19,832 - root - INFO - RemoteSessionsFrame recebeu atualização de status: Comando 'None', Rodando: False
2025-09-13 00:09:19,834 - root - INFO - STOP: Comando 'None' parado - Estado limpo
2025-09-13 00:09:21,408 - root - INFO - Executando limpeza de recursos...
2025-09-13 00:09:21,409 - root - INFO - Credential vault locked
2025-09-13 00:09:21,411 - root - INFO - Limpeza de recursos concluída
2025-09-13 02:08:06,796 - root - INFO - Iniciando aplicação Ferramentas de Rede v2.0.0
2025-09-13 02:08:09,067 - root - INFO - Criando instância da aplicação...
2025-09-13 02:08:09,420 - root - INFO - PerformanceMonitor initialized
2025-09-13 02:08:09,612 - root - INFO - Initializing HostTabView
2025-09-13 02:08:09,975 - root - INFO - Instância criada com sucesso
2025-09-13 02:08:09,975 - root - INFO - Executando aplicação...
2025-09-13 02:08:09,975 - root - INFO - Sistema de proteção contra loops configurado
2025-09-13 02:08:09,979 - root - INFO - PerformanceMonitor started
2025-09-13 02:08:09,980 - root - INFO - Monitor de performance iniciado
2025-09-13 02:08:09,994 - root - INFO - Watchdog do mainloop iniciado
2025-09-13 02:08:09,994 - root - INFO - Iniciando mainloop com proteção anti-travamento...
2025-09-13 02:08:10,685 - root - INFO - HomeTabManager.update_home_buttons_state chamado:
2025-09-13 02:08:10,685 - root - INFO -   - status_data: None
2025-09-13 02:08:10,685 - root - INFO -   - controller.running_command: None
2025-09-13 02:08:10,685 - root - INFO -   - controller.is_running: False
2025-09-13 02:08:10,686 - root - INFO -   - ping_running: None
2025-09-13 02:08:10,686 - root - INFO -   - traceroute_running: None
2025-09-13 02:08:10,692 - root - INFO - Populating initial host tabs
2025-09-13 02:08:10,703 - root - INFO - Carregamento de dados concluído
2025-09-13 02:08:12,469 - root - INFO - Loading tools for host tab: CMI-10947.saude.betim
2025-09-13 02:08:12,651 - root - INFO - SysInfoController initialized for host: CMI-10947.saude.betim
2025-09-13 02:08:12,692 - root - INFO - Initializing PingFrame for host: CMI-10947.saude.betim
2025-09-13 02:08:17,098 - root - INFO - START: Iniciando 'get_tv_id' para host 'CMI-10947.saude.betim'
2025-09-13 02:08:17,099 - root - INFO - Opening credential dialog for target: 10.5.5.48
2025-09-13 02:08:23,070 - root - INFO - Credential vault does not exist and user hasn't been prompted this session. Showing vault prompt dialog.
2025-09-13 02:08:23,070 - root - INFO - Showing vault creation prompt dialog.
2025-09-13 02:08:24,648 - root - INFO - User chose NOT to create a vault.
2025-09-13 02:08:24,667 - root - INFO - Vault prompt dialog result: False
2025-09-13 02:08:24,668 - root - INFO - Credential dialog confirmed for user: saude.betim\raphael.rego
2025-09-13 02:08:24,702 - root - INFO - RemoteSessionsFrame recebeu atualização de status: Comando 'get_tv_id', Rodando: True
2025-09-13 02:08:24,704 - root - INFO - START: Criando thread para 'get_tv_id'
2025-09-13 02:08:24,704 - root - INFO - THREAD: Executando 'get_tv_id' com args: ('saude.betim\\raphael.rego', '$067076', <src.ui.components.info_widgets.HostInfoDisplay object .!ctkframe.!hosttabview.!ctkframe.!ctktabview.!ctkframe3.!hostinfodisplay>, <bound method RemoteSessionsFrame.update_tv_button_state of <src.ui.components.remote_sessions_frame.RemoteSessionsFrame object .!ctkframe.!hosttabview.!ctkframe.!ctktabview.!ctkframe3.!ctkframe.!ctktabview.!ctkframe3.!remotesessionsframe>>)
2025-09-13 02:08:24,704 - root - INFO - START: Thread 'get_tv_id' iniciada com sucesso
2025-09-13 02:08:24,704 - root - INFO - TEAMVIEWER: Obtendo ID do TeamViewer para 10.5.5.48
2025-09-13 02:08:24,705 - pypsrp.powershell - INFO - Initialising RunspacePool object for configuration Microsoft.PowerShell
2025-09-13 02:08:24,706 - pypsrp.powershell - INFO - Opening a new Runspace Pool on remote host
2025-09-13 02:08:24,911 - pypsrp.powershell - INFO - Initialising PowerShell in remote Runspace Pool
2025-09-13 02:08:24,911 - root - INFO - Executing 'get_teamviewer_id' on 10.5.5.48
2025-09-13 02:08:24,911 - pypsrp.powershell - INFO - Initialising PowerShell in remote Runspace Pool
2025-09-13 02:08:24,911 - pypsrp.powershell - INFO - Beginning remote Pipeline invocation
2025-09-13 02:08:25,088 - root - INFO - TeamViewer ID found for 10.5.5.48: 1857764059
2025-09-13 02:08:25,100 - pypsrp.powershell - INFO - Closing Runspace Pool
2025-09-13 02:08:25,105 - root - INFO - TEAMVIEWER: Finalizando - ID encontrado: 1857764059, connection_failed: False
2025-09-13 02:08:25,108 - root - INFO - TEAMVIEWER: Worker finalizado para 10.5.5.48
2025-09-13 02:08:25,108 - root - INFO - THREAD: 'get_tv_id' executado com sucesso
2025-09-13 02:08:25,111 - root - INFO - THREAD: Finalizando 'get_tv_id'
2025-09-13 02:08:25,113 - root - INFO - RemoteSessionsFrame recebeu atualização de status: Comando 'None', Rodando: False
2025-09-13 02:08:29,128 - root - INFO - START: Iniciando 'check_rdp' para host 'CMI-10947.saude.betim'
2025-09-13 02:08:29,129 - root - INFO - Opening credential dialog for target: 10.5.5.48
2025-09-13 02:08:39,135 - root - INFO - Performance Summary - CPU: 0.0%, Memory: 83.4MB, Threads: 28.0, Active Commands: 0, Hanging Commands: 0
2025-09-13 02:08:41,187 - root - INFO - Credential dialog confirmed for user: saude.betim\raphael.rego
2025-09-13 02:08:41,217 - root - INFO - RemoteSessionsFrame recebeu atualização de status: Comando 'check_rdp', Rodando: True
2025-09-13 02:08:41,218 - root - INFO - START: Criando thread para 'check_rdp'
2025-09-13 02:08:41,222 - root - INFO - THREAD: Executando 'check_rdp' com args: ('saude.betim\\raphael.rego', '$067076')
2025-09-13 02:08:41,222 - root - INFO - START: Thread 'check_rdp' iniciada com sucesso
2025-09-13 02:08:41,222 - root - INFO - RDP: Verificando sessões ativas para 10.5.5.48
2025-09-13 02:08:41,224 - pypsrp.powershell - INFO - Initialising RunspacePool object for configuration Microsoft.PowerShell
2025-09-13 02:08:41,225 - pypsrp.powershell - INFO - Opening a new Runspace Pool on remote host
2025-09-13 02:08:41,423 - pypsrp.powershell - INFO - Initialising PowerShell in remote Runspace Pool
2025-09-13 02:08:41,424 - root - INFO - Executing 'list_connected_users_winrm' on 10.5.5.48
2025-09-13 02:08:41,425 - pypsrp.powershell - INFO - Initialising PowerShell in remote Runspace Pool
2025-09-13 02:08:41,428 - pypsrp.powershell - INFO - Beginning remote Pipeline invocation
2025-09-13 02:08:43,023 - root - INFO - Tentando fallback com parse manual do qwinsta
2025-09-13 02:08:43,023 - root - INFO - Finished 'list_connected_users_winrm' on 10.5.5.48. Found 0 sessions.
2025-09-13 02:08:43,025 - root - INFO - RDP: Worker finalizado para 10.5.5.48
2025-09-13 02:08:43,025 - root - INFO - RDP: Iniciando conexão para 10.5.5.48
2025-09-13 02:08:43,027 - pypsrp.powershell - INFO - Closing Runspace Pool
2025-09-13 02:08:43,033 - root - INFO - THREAD: 'check_rdp' executado com sucesso
2025-09-13 02:08:43,033 - root - INFO - THREAD: Finalizando 'check_rdp'
2025-09-13 02:08:43,053 - root - INFO - RemoteSessionsFrame recebeu atualização de status: Comando 'None', Rodando: False
2025-09-13 02:09:04,450 - root - INFO - START: Iniciando 'list_users' para host 'CMI-10947.saude.betim'
2025-09-13 02:09:04,450 - root - INFO - Opening credential dialog for target: 10.5.5.48
2025-09-13 02:09:08,789 - root - INFO - Credential dialog confirmed for user: saude.betim\raphael.rego
2025-09-13 02:09:08,818 - root - INFO - RemoteSessionsFrame recebeu atualização de status: Comando 'list_users', Rodando: True
2025-09-13 02:09:08,825 - root - INFO - START: Criando thread para 'list_users'
2025-09-13 02:09:08,826 - root - INFO - THREAD: Executando 'list_users' com args: ('saude.betim\\raphael.rego', '$067076', <bound method RemoteSessionsFrame.update_users_combobox of <src.ui.components.remote_sessions_frame.RemoteSessionsFrame object .!ctkframe.!hosttabview.!ctkframe.!ctktabview.!ctkframe3.!ctkframe.!ctktabview.!ctkframe3.!remotesessionsframe>>)
2025-09-13 02:09:08,826 - root - INFO - START: Thread 'list_users' iniciada com sucesso
2025-09-13 02:09:08,827 - pypsrp.powershell - INFO - Initialising RunspacePool object for configuration Microsoft.PowerShell
2025-09-13 02:09:08,828 - pypsrp.powershell - INFO - Opening a new Runspace Pool on remote host
2025-09-13 02:09:09,043 - pypsrp.powershell - INFO - Initialising PowerShell in remote Runspace Pool
2025-09-13 02:09:09,044 - root - INFO - Executing 'list_connected_users_winrm' on 10.5.5.48
2025-09-13 02:09:09,047 - pypsrp.powershell - INFO - Initialising PowerShell in remote Runspace Pool
2025-09-13 02:09:09,049 - pypsrp.powershell - INFO - Beginning remote Pipeline invocation
2025-09-13 02:09:09,304 - root - INFO - Performance Summary - CPU: 0.0%, Memory: 83.8MB, Threads: 27.2, Active Commands: 0, Hanging Commands: 0
2025-09-13 02:09:10,599 - root - INFO - Tentando fallback com parse manual do qwinsta
2025-09-13 02:09:10,599 - root - INFO - Finished 'list_connected_users_winrm' on 10.5.5.48. Found 0 sessions.
2025-09-13 02:09:10,600 - pypsrp.powershell - INFO - Closing Runspace Pool
2025-09-13 02:09:10,608 - root - INFO - Enviando callback update_users_combobox com 0 usuários
2025-09-13 02:09:10,608 - root - INFO - THREAD: 'list_users' executado com sucesso
2025-09-13 02:09:10,609 - root - INFO - THREAD: Finalizando 'list_users'
2025-09-13 02:09:10,610 - root - INFO - RemoteSessionsFrame recebeu atualização de status: Comando 'None', Rodando: False
2025-09-13 02:09:21,362 - root - INFO - PerformanceMonitor stopped
2025-09-13 02:09:21,363 - root - INFO - Credential vault locked
2025-09-13 02:09:21,704 - root - INFO - Executando limpeza de recursos...
2025-09-13 02:09:21,705 - root - INFO - Credential vault locked
2025-09-13 02:09:21,706 - root - INFO - Limpeza de recursos concluída
2025-09-13 02:09:21,708 - root - INFO - Aplicação finalizada normalmente
2025-09-13 02:18:44,282 - root - INFO - Iniciando aplicação Ferramentas de Rede v2.0.0
2025-09-13 02:18:45,586 - root - INFO - Criando instância da aplicação...
2025-09-13 02:18:45,834 - root - INFO - PerformanceMonitor initialized
2025-09-13 02:18:45,959 - root - INFO - Initializing HostTabView
2025-09-13 02:18:46,218 - root - INFO - Instância criada com sucesso
2025-09-13 02:18:46,218 - root - INFO - Executando aplicação...
2025-09-13 02:18:46,219 - root - INFO - Sistema de proteção contra loops configurado
2025-09-13 02:18:46,224 - root - INFO - PerformanceMonitor started
2025-09-13 02:18:46,224 - root - INFO - Monitor de performance iniciado
2025-09-13 02:18:46,239 - root - INFO - Watchdog do mainloop iniciado
2025-09-13 02:18:46,239 - root - INFO - Iniciando mainloop com proteção anti-travamento...
2025-09-13 02:18:46,821 - root - INFO - HomeTabManager.update_home_buttons_state chamado:
2025-09-13 02:18:46,821 - root - INFO -   - status_data: None
2025-09-13 02:18:46,822 - root - INFO -   - controller.running_command: None
2025-09-13 02:18:46,822 - root - INFO -   - controller.is_running: False
2025-09-13 02:18:46,822 - root - INFO -   - ping_running: None
2025-09-13 02:18:46,822 - root - INFO -   - traceroute_running: None
2025-09-13 02:18:46,830 - root - INFO - Populating initial host tabs
2025-09-13 02:18:46,841 - root - INFO - Carregamento de dados concluído
2025-09-13 02:18:47,696 - root - INFO - Loading tools for host tab: CMI-10947.saude.betim
2025-09-13 02:18:47,867 - root - INFO - SysInfoController initialized for host: CMI-10947.saude.betim
2025-09-13 02:18:47,912 - root - INFO - Initializing PingFrame for host: CMI-10947.saude.betim
2025-09-13 02:18:49,996 - root - INFO - START: Iniciando 'list_users' para host 'CMI-10947.saude.betim'
2025-09-13 02:18:49,997 - root - INFO - Opening credential dialog for target: 10.5.5.48
2025-09-13 02:18:53,759 - root - INFO - Credential vault does not exist and user hasn't been prompted this session. Showing vault prompt dialog.
2025-09-13 02:18:53,759 - root - INFO - Showing vault creation prompt dialog.
2025-09-13 02:18:54,893 - root - INFO - User chose NOT to create a vault.
2025-09-13 02:18:54,917 - root - INFO - Vault prompt dialog result: False
2025-09-13 02:18:54,917 - root - INFO - Credential dialog confirmed for user: saude.betim\raphael.rego
2025-09-13 02:18:54,937 - root - INFO - RemoteSessionsFrame recebeu atualização de status: Comando 'list_users', Rodando: True
2025-09-13 02:18:54,944 - root - INFO - START: Criando thread para 'list_users'
2025-09-13 02:18:54,945 - root - INFO - THREAD: Executando 'list_users' com args: ('saude.betim\\raphael.rego', '$067076', <bound method RemoteSessionsFrame.update_users_combobox of <src.ui.components.remote_sessions_frame.RemoteSessionsFrame object .!ctkframe.!hosttabview.!ctkframe.!ctktabview.!ctkframe3.!ctkframe.!ctktabview.!ctkframe3.!remotesessionsframe>>)
2025-09-13 02:18:54,946 - root - INFO - START: Thread 'list_users' iniciada com sucesso
2025-09-13 02:18:54,947 - pypsrp.powershell - INFO - Initialising RunspacePool object for configuration Microsoft.PowerShell
2025-09-13 02:18:54,948 - pypsrp.powershell - INFO - Opening a new Runspace Pool on remote host
2025-09-13 02:18:55,187 - pypsrp.powershell - INFO - Initialising PowerShell in remote Runspace Pool
2025-09-13 02:18:55,190 - root - INFO - Executing 'list_connected_users_winrm' on 10.5.5.48
2025-09-13 02:18:55,191 - pypsrp.powershell - INFO - Initialising PowerShell in remote Runspace Pool
2025-09-13 02:18:55,191 - pypsrp.powershell - INFO - Beginning remote Pipeline invocation
2025-09-13 02:18:56,618 - root - INFO - Tentando fallback com parse manual do qwinsta
2025-09-13 02:18:56,619 - root - INFO - Finished 'list_connected_users_winrm' on 10.5.5.48. Found 0 sessions.
2025-09-13 02:18:56,619 - pypsrp.powershell - INFO - Closing Runspace Pool
2025-09-13 02:18:56,624 - root - INFO - Enviando callback update_users_combobox com 0 usuários
2025-09-13 02:18:56,624 - root - INFO - THREAD: 'list_users' executado com sucesso
2025-09-13 02:18:56,625 - root - INFO - THREAD: Finalizando 'list_users'
2025-09-13 02:18:56,625 - root - INFO - RemoteSessionsFrame recebeu atualização de status: Comando 'None', Rodando: False
2025-09-13 02:19:01,613 - root - INFO - START: Iniciando 'check_rdp' para host 'CMI-10947.saude.betim'
2025-09-13 02:19:01,614 - root - INFO - RemoteSessionsFrame recebeu atualização de status: Comando 'check_rdp', Rodando: True
2025-09-13 02:19:01,617 - root - INFO - START: Criando thread para 'check_rdp'
2025-09-13 02:19:01,620 - root - INFO - THREAD: Executando 'check_rdp' com args: ()
2025-09-13 02:19:01,620 - root - INFO - START: Thread 'check_rdp' iniciada com sucesso
2025-09-13 02:19:01,621 - root - INFO - RDP: Iniciando conexão para 10.5.5.48
2025-09-13 02:19:01,656 - root - INFO - RDP: Conexão iniciada com sucesso para 10.5.5.48
2025-09-13 02:19:01,657 - root - INFO - RDP: Worker finalizado para 10.5.5.48
2025-09-13 02:19:01,658 - root - INFO - THREAD: 'check_rdp' executado com sucesso
2025-09-13 02:19:01,661 - root - INFO - THREAD: Finalizando 'check_rdp'
2025-09-13 02:19:01,662 - root - INFO - RemoteSessionsFrame recebeu atualização de status: Comando 'None', Rodando: False
2025-09-13 02:19:15,165 - root - INFO - START: Iniciando 'check_winrm' para host 'CMI-10947.saude.betim'
2025-09-13 02:19:15,166 - root - INFO - Opening credential dialog for target: 10.5.5.48
2025-09-13 02:19:15,381 - root - INFO - Performance Summary - CPU: 0.0%, Memory: 83.5MB, Threads: 28.0, Active Commands: 0, Hanging Commands: 0
2025-09-13 02:19:19,167 - root - INFO - Credential dialog confirmed for user: saude.betim\raphael.rego
2025-09-13 02:19:19,193 - root - INFO - RemoteSessionsFrame recebeu atualização de status: Comando 'check_winrm', Rodando: True
2025-09-13 02:19:19,194 - root - INFO - START: Criando thread para 'check_winrm'
2025-09-13 02:19:19,195 - root - INFO - THREAD: Executando 'check_winrm' com args: ('saude.betim\\raphael.rego', '$067076', <customtkinter.windows.widgets.ctk_button.CTkButton object .!ctkframe.!hosttabview.!ctkframe.!ctktabview.!ctkframe3.!ctkframe.!ctktabview.!ctkframe3.!remotesessionsframe.!ctkframe.!ctkframe2.!ctkbutton3>)
2025-09-13 02:19:19,195 - root - INFO - START: Thread 'check_winrm' iniciada com sucesso
2025-09-13 02:19:19,205 - pypsrp.powershell - INFO - Initialising RunspacePool object for configuration Microsoft.PowerShell
2025-09-13 02:19:19,206 - pypsrp.powershell - INFO - Opening a new Runspace Pool on remote host
2025-09-13 02:19:19,411 - pypsrp.powershell - INFO - Initialising PowerShell in remote Runspace Pool
2025-09-13 02:19:19,412 - pypsrp.powershell - INFO - Closing Runspace Pool
2025-09-13 02:19:19,423 - root - INFO - THREAD: 'check_winrm' executado com sucesso
2025-09-13 02:19:19,423 - root - INFO - THREAD: Finalizando 'check_winrm'
2025-09-13 02:19:19,424 - root - INFO - RemoteSessionsFrame recebeu atualização de status: Comando 'None', Rodando: False
2025-09-13 02:19:45,571 - root - INFO - Performance Summary - CPU: 0.0%, Memory: 83.7MB, Threads: 27.4, Active Commands: 0, Hanging Commands: 0
2025-09-13 02:20:15,750 - root - INFO - Performance Summary - CPU: 0.0%, Memory: 83.7MB, Threads: 25.0, Active Commands: 0, Hanging Commands: 0
2025-09-13 02:20:36,884 - root - INFO - PerformanceMonitor stopped
2025-09-13 02:20:36,884 - root - INFO - Credential vault locked
2025-09-13 02:20:37,161 - root - INFO - Executando limpeza de recursos...
2025-09-13 02:20:37,163 - root - INFO - Credential vault locked
2025-09-13 02:20:37,174 - root - INFO - Limpeza de recursos concluída
2025-09-13 02:20:37,176 - root - INFO - Aplicação finalizada normalmente
2025-09-13 02:26:27,208 - root - INFO - Iniciando aplicação Ferramentas de Rede v2.0.0
2025-09-13 02:26:28,447 - root - INFO - Criando instância da aplicação...
2025-09-13 02:26:28,710 - root - INFO - PerformanceMonitor initialized
2025-09-13 02:26:28,836 - root - INFO - Initializing HostTabView
2025-09-13 02:26:29,107 - root - INFO - Instância criada com sucesso
2025-09-13 02:26:29,108 - root - INFO - Executando aplicação...
2025-09-13 02:26:29,108 - root - INFO - Sistema de proteção contra loops configurado
2025-09-13 02:26:29,113 - root - INFO - PerformanceMonitor started
2025-09-13 02:26:29,113 - root - INFO - Monitor de performance iniciado
2025-09-13 02:26:29,125 - root - INFO - Watchdog do mainloop iniciado
2025-09-13 02:26:29,126 - root - INFO - Iniciando mainloop com proteção anti-travamento...
2025-09-13 02:26:29,825 - root - INFO - HomeTabManager.update_home_buttons_state chamado:
2025-09-13 02:26:29,826 - root - INFO -   - status_data: None
2025-09-13 02:26:29,826 - root - INFO -   - controller.running_command: None
2025-09-13 02:26:29,826 - root - INFO -   - controller.is_running: False
2025-09-13 02:26:29,826 - root - INFO -   - ping_running: None
2025-09-13 02:26:29,826 - root - INFO -   - traceroute_running: None
2025-09-13 02:26:29,831 - root - INFO - Populating initial host tabs
2025-09-13 02:26:29,840 - root - INFO - Carregamento de dados concluído
2025-09-13 02:26:30,825 - root - INFO - Loading tools for host tab: CMI-10947.saude.betim
2025-09-13 02:26:31,021 - root - INFO - SysInfoController initialized for host: CMI-10947.saude.betim
2025-09-13 02:26:31,075 - root - INFO - Initializing PingFrame for host: CMI-10947.saude.betim
2025-09-13 02:26:33,232 - root - INFO - START: Iniciando 'list_users' para host 'CMI-10947.saude.betim'
2025-09-13 02:26:33,233 - root - INFO - Opening credential dialog for target: 10.5.5.48
2025-09-13 02:26:37,112 - root - INFO - Credential vault does not exist and user hasn't been prompted this session. Showing vault prompt dialog.
2025-09-13 02:26:37,113 - root - INFO - Showing vault creation prompt dialog.
2025-09-13 02:26:38,338 - root - INFO - User chose NOT to create a vault.
2025-09-13 02:26:38,357 - root - INFO - Vault prompt dialog result: False
2025-09-13 02:26:38,357 - root - INFO - Credential dialog confirmed for user: saude.betim\raphael.rego
2025-09-13 02:26:38,383 - root - INFO - RemoteSessionsFrame recebeu atualização de status: Comando 'list_users', Rodando: True
2025-09-13 02:26:38,388 - root - INFO - START: Criando thread para 'list_users'
2025-09-13 02:26:38,389 - root - INFO - THREAD: Executando 'list_users' com args: ('saude.betim\\raphael.rego', '$067076', <bound method RemoteSessionsFrame.update_users_combobox of <src.ui.components.remote_sessions_frame.RemoteSessionsFrame object .!ctkframe.!hosttabview.!ctkframe.!ctktabview.!ctkframe3.!ctkframe.!ctktabview.!ctkframe3.!remotesessionsframe>>)
2025-09-13 02:26:38,389 - root - INFO - START: Thread 'list_users' iniciada com sucesso
2025-09-13 02:26:38,390 - pypsrp.powershell - INFO - Initialising RunspacePool object for configuration Microsoft.PowerShell
2025-09-13 02:26:38,391 - pypsrp.powershell - INFO - Opening a new Runspace Pool on remote host
2025-09-13 02:26:38,601 - pypsrp.powershell - INFO - Initialising PowerShell in remote Runspace Pool
2025-09-13 02:26:38,602 - root - INFO - Executing 'list_connected_users_winrm' on 10.5.5.48
2025-09-13 02:26:38,602 - pypsrp.powershell - INFO - Initialising PowerShell in remote Runspace Pool
2025-09-13 02:26:38,602 - pypsrp.powershell - INFO - Beginning remote Pipeline invocation
2025-09-13 02:26:38,893 - root - INFO - Parsed 0 users from remote command
2025-09-13 02:26:38,894 - pypsrp.powershell - INFO - Closing Runspace Pool
2025-09-13 02:26:38,900 - root - INFO - Enviando callback update_users_combobox com 0 usuários
2025-09-13 02:26:38,900 - root - INFO - THREAD: 'list_users' executado com sucesso
2025-09-13 02:26:38,901 - root - INFO - THREAD: Finalizando 'list_users'
2025-09-13 02:26:38,902 - root - INFO - RemoteSessionsFrame recebeu atualização de status: Comando 'None', Rodando: False
2025-09-13 02:26:46,129 - root - INFO - START: Iniciando 'check_winrm' para host 'CMI-10947.saude.betim'
2025-09-13 02:26:46,129 - root - INFO - Opening credential dialog for target: 10.5.5.48
2025-09-13 02:26:50,032 - root - INFO - Credential dialog confirmed for user: saude.betim\raphael.rego
2025-09-13 02:26:50,084 - root - INFO - RemoteSessionsFrame recebeu atualização de status: Comando 'check_winrm', Rodando: True
2025-09-13 02:26:50,087 - root - INFO - START: Criando thread para 'check_winrm'
2025-09-13 02:26:50,094 - root - INFO - THREAD: Executando 'check_winrm' com args: ('saude.betim\\raphael.rego', '$067076', <customtkinter.windows.widgets.ctk_button.CTkButton object .!ctkframe.!hosttabview.!ctkframe.!ctktabview.!ctkframe3.!ctkframe.!ctktabview.!ctkframe3.!remotesessionsframe.!ctkframe.!ctkframe2.!ctkbutton3>)
2025-09-13 02:26:50,094 - root - INFO - START: Thread 'check_winrm' iniciada com sucesso
2025-09-13 02:26:50,099 - pypsrp.powershell - INFO - Initialising RunspacePool object for configuration Microsoft.PowerShell
2025-09-13 02:26:50,100 - pypsrp.powershell - INFO - Opening a new Runspace Pool on remote host
2025-09-13 02:26:50,279 - pypsrp.powershell - INFO - Initialising PowerShell in remote Runspace Pool
2025-09-13 02:26:50,279 - pypsrp.powershell - INFO - Closing Runspace Pool
2025-09-13 02:26:50,293 - root - INFO - THREAD: 'check_winrm' executado com sucesso
2025-09-13 02:26:50,294 - root - INFO - THREAD: Finalizando 'check_winrm'
2025-09-13 02:26:50,294 - root - INFO - RemoteSessionsFrame recebeu atualização de status: Comando 'None', Rodando: False
2025-09-13 02:26:58,258 - root - INFO - Performance Summary - CPU: 0.0%, Memory: 83.2MB, Threads: 28.1, Active Commands: 0, Hanging Commands: 0
2025-09-13 02:27:06,297 - root - INFO - PerformanceMonitor stopped
2025-09-13 02:27:06,297 - root - INFO - Credential vault locked
2025-09-13 02:27:06,525 - root - INFO - Executando limpeza de recursos...
2025-09-13 02:27:06,526 - root - INFO - Credential vault locked
2025-09-13 02:27:06,527 - root - INFO - Limpeza de recursos concluída
2025-09-13 02:27:06,532 - root - INFO - Aplicação finalizada normalmente
2025-09-13 02:28:14,676 - root - INFO - Iniciando aplicação Ferramentas de Rede v2.0.0
2025-09-13 02:28:16,677 - root - INFO - Criando instância da aplicação...
2025-09-13 02:28:16,970 - root - INFO - PerformanceMonitor initialized
2025-09-13 02:28:17,136 - root - INFO - Initializing HostTabView
2025-09-13 02:28:17,447 - root - INFO - Instância criada com sucesso
2025-09-13 02:28:17,448 - root - INFO - Executando aplicação...
2025-09-13 02:28:17,448 - root - INFO - Sistema de proteção contra loops configurado
2025-09-13 02:28:17,458 - root - INFO - PerformanceMonitor started
2025-09-13 02:28:17,459 - root - INFO - Monitor de performance iniciado
2025-09-13 02:28:17,479 - root - INFO - Watchdog do mainloop iniciado
2025-09-13 02:28:17,479 - root - INFO - Iniciando mainloop com proteção anti-travamento...
2025-09-13 02:28:18,319 - root - INFO - HomeTabManager.update_home_buttons_state chamado:
2025-09-13 02:28:18,320 - root - INFO -   - status_data: None
2025-09-13 02:28:18,320 - root - INFO -   - controller.running_command: None
2025-09-13 02:28:18,320 - root - INFO -   - controller.is_running: False
2025-09-13 02:28:18,320 - root - INFO -   - ping_running: None
2025-09-13 02:28:18,320 - root - INFO -   - traceroute_running: None
2025-09-13 02:28:18,329 - root - INFO - Populating initial host tabs
2025-09-13 02:28:18,342 - root - INFO - Carregamento de dados concluído
2025-09-13 02:29:37,237 - root - INFO - Iniciando aplicação Ferramentas de Rede v2.0.0
2025-09-13 02:29:39,411 - root - INFO - Criando instância da aplicação...
2025-09-13 02:29:39,697 - root - INFO - PerformanceMonitor initialized
2025-09-13 02:29:39,878 - root - INFO - Initializing HostTabView
2025-09-13 02:29:40,221 - root - INFO - Instância criada com sucesso
2025-09-13 02:29:40,222 - root - INFO - Executando aplicação...
2025-09-13 02:29:40,222 - root - INFO - Sistema de proteção contra loops configurado
2025-09-13 02:29:40,227 - root - INFO - PerformanceMonitor started
2025-09-13 02:29:40,228 - root - INFO - Monitor de performance iniciado
2025-09-13 02:29:40,251 - root - INFO - Watchdog do mainloop iniciado
2025-09-13 02:29:40,252 - root - INFO - Iniciando mainloop com proteção anti-travamento...
2025-09-13 02:29:41,120 - root - INFO - HomeTabManager.update_home_buttons_state chamado:
2025-09-13 02:29:41,120 - root - INFO -   - status_data: None
2025-09-13 02:29:41,120 - root - INFO -   - controller.running_command: None
2025-09-13 02:29:41,120 - root - INFO -   - controller.is_running: False
2025-09-13 02:29:41,120 - root - INFO -   - ping_running: None
2025-09-13 02:29:41,121 - root - INFO -   - traceroute_running: None
2025-09-13 02:29:41,128 - root - INFO - Populating initial host tabs
2025-09-13 02:29:41,138 - root - INFO - Carregamento de dados concluído
2025-09-13 02:29:51,939 - root - INFO - Loading tools for host tab: CMI-10947.saude.betim
2025-09-13 02:29:52,170 - root - INFO - SysInfoController initialized for host: CMI-10947.saude.betim
2025-09-13 02:29:52,211 - root - INFO - Initializing PingFrame for host: CMI-10947.saude.betim
2025-09-13 02:30:10,552 - root - INFO - Iniciando aplicação Ferramentas de Rede v2.0.0
2025-09-13 02:30:12,379 - root - INFO - Criando instância da aplicação...
2025-09-13 02:30:12,707 - root - INFO - PerformanceMonitor initialized
2025-09-13 02:30:12,908 - root - INFO - Initializing HostTabView
2025-09-13 02:30:13,225 - root - INFO - Instância criada com sucesso
2025-09-13 02:30:13,226 - root - INFO - Executando aplicação...
2025-09-13 02:30:13,226 - root - INFO - Sistema de proteção contra loops configurado
2025-09-13 02:30:13,247 - root - INFO - PerformanceMonitor started
2025-09-13 02:30:13,248 - root - INFO - Monitor de performance iniciado
2025-09-13 02:30:13,264 - root - INFO - Watchdog do mainloop iniciado
2025-09-13 02:30:13,264 - root - INFO - Iniciando mainloop com proteção anti-travamento...
2025-09-13 02:30:14,096 - root - INFO - HomeTabManager.update_home_buttons_state chamado:
2025-09-13 02:30:14,096 - root - INFO -   - status_data: None
2025-09-13 02:30:14,096 - root - INFO -   - controller.running_command: None
2025-09-13 02:30:14,096 - root - INFO -   - controller.is_running: False
2025-09-13 02:30:14,096 - root - INFO -   - ping_running: None
2025-09-13 02:30:14,097 - root - INFO -   - traceroute_running: None
2025-09-13 02:30:14,107 - root - INFO - Populating initial host tabs
2025-09-13 02:30:14,118 - root - INFO - Carregamento de dados concluído
2025-09-13 02:33:38,454 - root - INFO - Iniciando aplicação Ferramentas de Rede v2.0.0
2025-09-13 02:33:40,474 - root - INFO - Criando instância da aplicação...
2025-09-13 02:33:40,795 - root - INFO - PerformanceMonitor initialized
2025-09-13 02:33:40,966 - root - INFO - Initializing HostTabView
2025-09-13 02:33:41,276 - root - INFO - Instância criada com sucesso
2025-09-13 02:33:41,276 - root - INFO - Executando aplicação...
2025-09-13 02:33:41,276 - root - INFO - Sistema de proteção contra loops configurado
2025-09-13 02:33:41,285 - root - INFO - PerformanceMonitor started
2025-09-13 02:33:41,285 - root - INFO - Monitor de performance iniciado
2025-09-13 02:33:41,309 - root - INFO - Watchdog do mainloop iniciado
2025-09-13 02:33:41,310 - root - INFO - Iniciando mainloop com proteção anti-travamento...
2025-09-13 02:33:42,190 - root - INFO - HomeTabManager.update_home_buttons_state chamado:
2025-09-13 02:33:42,190 - root - INFO -   - status_data: None
2025-09-13 02:33:42,190 - root - INFO -   - controller.running_command: None
2025-09-13 02:33:42,190 - root - INFO -   - controller.is_running: False
2025-09-13 02:33:42,190 - root - INFO -   - ping_running: None
2025-09-13 02:33:42,190 - root - INFO -   - traceroute_running: None
2025-09-13 02:33:42,201 - root - INFO - Populating initial host tabs
2025-09-13 02:33:42,216 - root - INFO - Carregamento de dados concluído
2025-09-13 02:34:39,735 - root - INFO - Iniciando aplicação Ferramentas de Rede v2.0.0
2025-09-13 02:34:40,824 - root - INFO - Criando instância da aplicação...
2025-09-13 02:34:41,094 - root - INFO - PerformanceMonitor initialized
2025-09-13 02:34:41,207 - root - INFO - Initializing HostTabView
2025-09-13 02:34:41,452 - root - INFO - Instância criada com sucesso
2025-09-13 02:34:41,452 - root - INFO - Executando aplicação...
2025-09-13 02:34:41,453 - root - INFO - Sistema de proteção contra loops configurado
2025-09-13 02:34:41,457 - root - INFO - PerformanceMonitor started
2025-09-13 02:34:41,457 - root - INFO - Monitor de performance iniciado
2025-09-13 02:34:41,475 - root - INFO - Watchdog do mainloop iniciado
2025-09-13 02:34:41,476 - root - INFO - Iniciando mainloop com proteção anti-travamento...
2025-09-13 02:34:42,142 - root - INFO - HomeTabManager.update_home_buttons_state chamado:
2025-09-13 02:34:42,142 - root - INFO -   - status_data: None
2025-09-13 02:34:42,142 - root - INFO -   - controller.running_command: None
2025-09-13 02:34:42,143 - root - INFO -   - controller.is_running: False
2025-09-13 02:34:42,143 - root - INFO -   - ping_running: None
2025-09-13 02:34:42,143 - root - INFO -   - traceroute_running: None
2025-09-13 02:34:42,148 - root - INFO - Populating initial host tabs
2025-09-13 02:34:42,157 - root - INFO - Carregamento de dados concluído
2025-09-13 02:34:43,398 - root - INFO - Loading tools for host tab: CMI-10947.saude.betim
2025-09-13 02:34:43,571 - root - INFO - SysInfoController initialized for host: CMI-10947.saude.betim
2025-09-13 02:34:43,604 - root - INFO - Initializing PingFrame for host: CMI-10947.saude.betim
2025-09-13 02:34:45,894 - root - INFO - START: Iniciando 'list_users' para host 'CMI-10947.saude.betim'
2025-09-13 02:34:45,896 - root - INFO - Opening credential dialog for target: 10.5.5.48
2025-09-13 02:34:49,514 - root - INFO - Credential vault does not exist and user hasn't been prompted this session. Showing vault prompt dialog.
2025-09-13 02:34:49,514 - root - INFO - Showing vault creation prompt dialog.
2025-09-13 02:34:50,897 - root - INFO - User chose NOT to create a vault.
2025-09-13 02:34:50,915 - root - INFO - Vault prompt dialog result: False
2025-09-13 02:34:50,915 - root - INFO - Credential dialog confirmed for user: saude.betim\raphael.rego
2025-09-13 02:34:50,938 - root - INFO - RemoteSessionsFrame recebeu atualização de status: Comando 'list_users', Rodando: True
2025-09-13 02:34:50,943 - root - INFO - START: Criando thread para 'list_users'
2025-09-13 02:34:50,944 - root - INFO - THREAD: Executando 'list_users' com args: ('saude.betim\\raphael.rego', '$067076', <bound method RemoteSessionsFrame.update_users_combobox of <src.ui.components.remote_sessions_frame.RemoteSessionsFrame object .!ctkframe.!hosttabview.!ctkframe.!ctktabview.!ctkframe3.!ctkframe.!ctktabview.!ctkframe3.!remotesessionsframe>>)
2025-09-13 02:34:50,944 - root - INFO - START: Thread 'list_users' iniciada com sucesso
2025-09-13 02:34:50,945 - pypsrp.powershell - INFO - Initialising RunspacePool object for configuration Microsoft.PowerShell
2025-09-13 02:34:50,946 - pypsrp.powershell - INFO - Opening a new Runspace Pool on remote host
2025-09-13 02:34:51,218 - pypsrp.powershell - INFO - Initialising PowerShell in remote Runspace Pool
2025-09-13 02:34:51,218 - root - INFO - Executing 'list_connected_users_winrm' on 10.5.5.48
2025-09-13 02:34:51,219 - pypsrp.powershell - INFO - Initialising PowerShell in remote Runspace Pool
2025-09-13 02:34:51,219 - pypsrp.powershell - INFO - Beginning remote Pipeline invocation
2025-09-13 02:34:51,635 - root - INFO - === QUSER DEBUG ===
2025-09-13 02:34:51,636 - root - INFO - PowerShell result: {'success': True, 'output': ['{"UserName":"raphael.rego","SessionId":"3","State":"Ativo","SessionName":"rdp-tcp#3"}']}
2025-09-13 02:34:51,636 - root - INFO - Output lines count: 1
2025-09-13 02:34:51,636 - root - INFO - Full PowerShell output: {"UserName":"raphael.rego","SessionId":"3","State":"Ativo","SessionName":"rdp-tcp#3"}
2025-09-13 02:34:51,637 - root - INFO - Parsed 0 users from remote command
2025-09-13 02:34:51,637 - pypsrp.powershell - INFO - Closing Runspace Pool
2025-09-13 02:34:51,642 - root - INFO - Enviando callback update_users_combobox com 0 usuários
2025-09-13 02:34:51,643 - root - INFO - THREAD: 'list_users' executado com sucesso
2025-09-13 02:34:51,643 - root - INFO - THREAD: Finalizando 'list_users'
2025-09-13 02:34:51,646 - root - INFO - RemoteSessionsFrame recebeu atualização de status: Comando 'None', Rodando: False
2025-09-13 02:35:10,639 - root - INFO - Performance Summary - CPU: 0.0%, Memory: 83.1MB, Threads: 28.0, Active Commands: 0, Hanging Commands: 0
2025-09-13 02:35:15,029 - root - INFO - START: Iniciando 'check_winrm' para host 'CMI-10947.saude.betim'
2025-09-13 02:35:15,029 - root - INFO - Opening credential dialog for target: 10.5.5.48
2025-09-13 02:35:18,913 - root - INFO - Credential dialog confirmed for user: saude.betim\raphael.rego
2025-09-13 02:35:18,939 - root - INFO - RemoteSessionsFrame recebeu atualização de status: Comando 'check_winrm', Rodando: True
2025-09-13 02:35:18,940 - root - INFO - START: Criando thread para 'check_winrm'
2025-09-13 02:35:18,948 - root - INFO - THREAD: Executando 'check_winrm' com args: ('saude.betim\\raphael.rego', '$067076', <customtkinter.windows.widgets.ctk_button.CTkButton object .!ctkframe.!hosttabview.!ctkframe.!ctktabview.!ctkframe3.!ctkframe.!ctktabview.!ctkframe3.!remotesessionsframe.!ctkframe.!ctkframe2.!ctkbutton3>)
2025-09-13 02:35:18,948 - root - INFO - START: Thread 'check_winrm' iniciada com sucesso
2025-09-13 02:35:18,949 - root - INFO - === WINRM CHECK DEBUG ===
2025-09-13 02:35:18,954 - root - INFO - Checking WinRM for host: 10.5.5.48
2025-09-13 02:35:18,956 - root - INFO - Username: saude.betim\raphael.rego
2025-09-13 02:35:18,961 - root - INFO - Button widget: .!ctkframe.!hosttabview.!ctkframe.!ctktabview.!ctkframe3.!ctkframe.!ctktabview.!ctkframe3.!remotesessionsframe.!ctkframe.!ctkframe2.!ctkbutton3
2025-09-13 02:35:18,970 - pypsrp.powershell - INFO - Initialising RunspacePool object for configuration Microsoft.PowerShell
2025-09-13 02:35:18,970 - pypsrp.powershell - INFO - Opening a new Runspace Pool on remote host
2025-09-13 02:35:19,165 - pypsrp.powershell - INFO - Initialising PowerShell in remote Runspace Pool
2025-09-13 02:35:19,165 - pypsrp.powershell - INFO - Initialising PowerShell in remote Runspace Pool
2025-09-13 02:35:19,166 - pypsrp.powershell - INFO - Beginning remote Pipeline invocation
2025-09-13 02:35:19,290 - pypsrp.powershell - INFO - Closing Runspace Pool
2025-09-13 02:35:19,298 - root - INFO - WinRM check result: False
2025-09-13 02:35:19,298 - root - INFO - Result type: <class 'bool'>
2025-09-13 02:35:19,299 - root - INFO - WinRM check failed (falsy result) - setting button to FAILED state
2025-09-13 02:35:19,309 - root - INFO - THREAD: 'check_winrm' executado com sucesso
2025-09-13 02:35:19,310 - root - INFO - THREAD: Finalizando 'check_winrm'
2025-09-13 02:35:19,314 - root - INFO - RemoteSessionsFrame recebeu atualização de status: Comando 'None', Rodando: False
2025-09-13 02:35:28,748 - root - INFO - PerformanceMonitor stopped
2025-09-13 02:35:28,748 - root - INFO - Credential vault locked
2025-09-13 02:35:28,972 - root - INFO - Executando limpeza de recursos...
2025-09-13 02:35:28,973 - root - INFO - Credential vault locked
2025-09-13 02:35:28,975 - root - INFO - Limpeza de recursos concluída
2025-09-13 02:35:28,976 - root - INFO - Aplicação finalizada normalmente
2025-09-13 02:37:35,064 - root - INFO - Iniciando aplicação Ferramentas de Rede v2.0.0
2025-09-13 02:37:36,885 - root - INFO - Criando instância da aplicação...
2025-09-13 02:37:37,172 - root - INFO - PerformanceMonitor initialized
2025-09-13 02:37:37,366 - root - INFO - Initializing HostTabView
2025-09-13 02:37:37,677 - root - INFO - Instância criada com sucesso
2025-09-13 02:37:37,677 - root - INFO - Executando aplicação...
2025-09-13 02:37:37,678 - root - INFO - Sistema de proteção contra loops configurado
2025-09-13 02:37:37,685 - root - INFO - PerformanceMonitor started
2025-09-13 02:37:37,685 - root - INFO - Monitor de performance iniciado
2025-09-13 02:37:37,706 - root - INFO - Watchdog do mainloop iniciado
2025-09-13 02:37:37,706 - root - INFO - Iniciando mainloop com proteção anti-travamento...
2025-09-13 02:37:38,635 - root - INFO - HomeTabManager.update_home_buttons_state chamado:
2025-09-13 02:37:38,635 - root - INFO -   - status_data: None
2025-09-13 02:37:38,635 - root - INFO -   - controller.running_command: None
2025-09-13 02:37:38,636 - root - INFO -   - controller.is_running: False
2025-09-13 02:37:38,636 - root - INFO -   - ping_running: None
2025-09-13 02:37:38,636 - root - INFO -   - traceroute_running: None
2025-09-13 02:37:38,649 - root - INFO - Populating initial host tabs
2025-09-13 02:37:38,663 - root - INFO - Carregamento de dados concluído
2025-09-13 02:39:03,507 - root - INFO - Iniciando aplicação Ferramentas de Rede v2.0.0
2025-09-13 02:39:04,607 - root - INFO - Criando instância da aplicação...
2025-09-13 02:39:04,878 - root - INFO - PerformanceMonitor initialized
2025-09-13 02:39:04,995 - root - INFO - Initializing HostTabView
2025-09-13 02:39:05,235 - root - INFO - Instância criada com sucesso
2025-09-13 02:39:05,235 - root - INFO - Executando aplicação...
2025-09-13 02:39:05,236 - root - INFO - Sistema de proteção contra loops configurado
2025-09-13 02:39:05,240 - root - INFO - PerformanceMonitor started
2025-09-13 02:39:05,240 - root - INFO - Monitor de performance iniciado
2025-09-13 02:39:05,256 - root - INFO - Watchdog do mainloop iniciado
2025-09-13 02:39:05,257 - root - INFO - Iniciando mainloop com proteção anti-travamento...
2025-09-13 02:39:05,873 - root - INFO - HomeTabManager.update_home_buttons_state chamado:
2025-09-13 02:39:05,874 - root - INFO -   - status_data: None
2025-09-13 02:39:05,874 - root - INFO -   - controller.running_command: None
2025-09-13 02:39:05,874 - root - INFO -   - controller.is_running: False
2025-09-13 02:39:05,874 - root - INFO -   - ping_running: None
2025-09-13 02:39:05,874 - root - INFO -   - traceroute_running: None
2025-09-13 02:39:05,880 - root - INFO - Populating initial host tabs
2025-09-13 02:39:05,890 - root - INFO - Carregamento de dados concluído
2025-09-13 02:39:06,659 - root - INFO - Loading tools for host tab: CMI-10947.saude.betim
2025-09-13 02:39:06,842 - root - INFO - SysInfoController initialized for host: CMI-10947.saude.betim
2025-09-13 02:39:06,883 - root - INFO - Initializing PingFrame for host: CMI-10947.saude.betim
2025-09-13 02:39:08,599 - root - INFO - START: Iniciando 'list_users' para host 'CMI-10947.saude.betim'
2025-09-13 02:39:08,600 - root - INFO - Opening credential dialog for target: 10.5.5.48
2025-09-13 02:39:11,902 - root - INFO - Credential vault does not exist and user hasn't been prompted this session. Showing vault prompt dialog.
2025-09-13 02:39:11,903 - root - INFO - Showing vault creation prompt dialog.
2025-09-13 02:39:13,336 - root - INFO - User chose NOT to create a vault.
2025-09-13 02:39:13,358 - root - INFO - Vault prompt dialog result: False
2025-09-13 02:39:13,359 - root - INFO - Credential dialog confirmed for user: saude.betim\raphael.rego
2025-09-13 02:39:13,389 - root - INFO - RemoteSessionsFrame recebeu atualização de status: Comando 'list_users', Rodando: True
2025-09-13 02:39:13,395 - root - INFO - START: Criando thread para 'list_users'
2025-09-13 02:39:13,396 - root - INFO - THREAD: Executando 'list_users' com args: ('saude.betim\\raphael.rego', '$067076', <bound method RemoteSessionsFrame.update_users_combobox of <src.ui.components.remote_sessions_frame.RemoteSessionsFrame object .!ctkframe.!hosttabview.!ctkframe.!ctktabview.!ctkframe3.!ctkframe.!ctktabview.!ctkframe3.!remotesessionsframe>>)
2025-09-13 02:39:13,396 - root - INFO - START: Thread 'list_users' iniciada com sucesso
2025-09-13 02:39:13,398 - pypsrp.powershell - INFO - Initialising RunspacePool object for configuration Microsoft.PowerShell
2025-09-13 02:39:13,399 - pypsrp.powershell - INFO - Opening a new Runspace Pool on remote host
2025-09-13 02:39:13,624 - pypsrp.powershell - INFO - Initialising PowerShell in remote Runspace Pool
2025-09-13 02:39:13,624 - root - INFO - Executing 'list_connected_users_winrm' on 10.5.5.48
2025-09-13 02:39:13,624 - pypsrp.powershell - INFO - Initialising PowerShell in remote Runspace Pool
2025-09-13 02:39:13,624 - pypsrp.powershell - INFO - Beginning remote Pipeline invocation
2025-09-13 02:39:13,950 - root - INFO - === QUSER DEBUG ===
2025-09-13 02:39:13,950 - root - INFO - PowerShell result: {'success': True, 'output': ['{"UserName":"raphael.rego","SessionId":"3","State":"Ativo","SessionName":"rdp-tcp#3"}']}
2025-09-13 02:39:13,950 - root - INFO - Output lines count: 1
2025-09-13 02:39:13,951 - root - INFO - Full PowerShell output: {"UserName":"raphael.rego","SessionId":"3","State":"Ativo","SessionName":"rdp-tcp#3"}
2025-09-13 02:39:13,951 - root - INFO - Parsed single user: {'UserName': 'raphael.rego', 'SessionId': '3', 'State': 'Ativo', 'SessionName': 'rdp-tcp#3'}
2025-09-13 02:39:13,951 - root - INFO - Parsed 1 users from remote command
2025-09-13 02:39:13,952 - pypsrp.powershell - INFO - Closing Runspace Pool
2025-09-13 02:39:13,957 - root - INFO - Enviando callback update_users_combobox com 1 usuários
2025-09-13 02:39:13,957 - root - INFO - THREAD: 'list_users' executado com sucesso
2025-09-13 02:39:13,957 - root - INFO - THREAD: Finalizando 'list_users'
2025-09-13 02:39:13,958 - root - INFO - RemoteSessionsFrame recebeu atualização de status: Comando 'None', Rodando: False
2025-09-13 02:39:16,983 - root - INFO - START: Iniciando 'check_winrm' para host 'CMI-10947.saude.betim'
2025-09-13 02:39:16,984 - root - INFO - Opening credential dialog for target: 10.5.5.48
2025-09-13 02:39:20,583 - root - INFO - Credential dialog confirmed for user: saude.betim\raphael.rego
2025-09-13 02:39:20,609 - root - INFO - RemoteSessionsFrame recebeu atualização de status: Comando 'check_winrm', Rodando: True
2025-09-13 02:39:20,610 - root - INFO - START: Criando thread para 'check_winrm'
2025-09-13 02:39:20,611 - root - INFO - THREAD: Executando 'check_winrm' com args: ('saude.betim\\raphael.rego', '$067076', <customtkinter.windows.widgets.ctk_button.CTkButton object .!ctkframe.!hosttabview.!ctkframe.!ctktabview.!ctkframe3.!ctkframe.!ctktabview.!ctkframe3.!remotesessionsframe.!ctkframe.!ctkframe2.!ctkbutton3>)
2025-09-13 02:39:20,611 - root - INFO - START: Thread 'check_winrm' iniciada com sucesso
2025-09-13 02:39:20,612 - root - INFO - === WINRM CHECK DEBUG ===
2025-09-13 02:39:20,620 - root - INFO - Checking WinRM for host: 10.5.5.48
2025-09-13 02:39:20,622 - root - INFO - Username: saude.betim\raphael.rego
2025-09-13 02:39:20,624 - root - INFO - Button widget: .!ctkframe.!hosttabview.!ctkframe.!ctktabview.!ctkframe3.!ctkframe.!ctktabview.!ctkframe3.!remotesessionsframe.!ctkframe.!ctkframe2.!ctkbutton3
2025-09-13 02:39:20,628 - pypsrp.powershell - INFO - Initialising RunspacePool object for configuration Microsoft.PowerShell
2025-09-13 02:39:20,629 - pypsrp.powershell - INFO - Opening a new Runspace Pool on remote host
2025-09-13 02:39:20,838 - pypsrp.powershell - INFO - Initialising PowerShell in remote Runspace Pool
2025-09-13 02:39:20,839 - pypsrp.powershell - INFO - Initialising PowerShell in remote Runspace Pool
2025-09-13 02:39:20,841 - pypsrp.powershell - INFO - Beginning remote Pipeline invocation
2025-09-13 02:39:20,956 - root - INFO - WinRM check script result: {'success': True, 'output': []}
2025-09-13 02:39:20,956 - root - INFO - WinRM check - success: True, output: []
2025-09-13 02:39:20,957 - root - WARNING - WinRM check FAILED - success: True, output: []
2025-09-13 02:39:20,960 - pypsrp.powershell - INFO - Closing Runspace Pool
2025-09-13 02:39:20,965 - root - INFO - WinRM check result: False
2025-09-13 02:39:20,965 - root - INFO - Result type: <class 'bool'>
2025-09-13 02:39:20,966 - root - INFO - WinRM check failed (falsy result) - setting button to FAILED state
2025-09-13 02:39:20,970 - root - INFO - THREAD: 'check_winrm' executado com sucesso
2025-09-13 02:39:20,971 - root - INFO - THREAD: Finalizando 'check_winrm'
2025-09-13 02:39:20,974 - root - INFO - RemoteSessionsFrame recebeu atualização de status: Comando 'None', Rodando: False
2025-09-13 02:39:25,353 - root - INFO - PerformanceMonitor stopped
2025-09-13 02:39:25,353 - root - INFO - Credential vault locked
2025-09-13 02:39:25,580 - root - INFO - Executando limpeza de recursos...
2025-09-13 02:39:25,580 - root - INFO - Credential vault locked
2025-09-13 02:39:25,582 - root - INFO - Limpeza de recursos concluída
2025-09-13 02:39:25,583 - root - INFO - Aplicação finalizada normalmente
2025-09-13 02:43:10,638 - root - INFO - Iniciando aplicação Ferramentas de Rede v2.0.0
2025-09-13 02:43:11,744 - root - INFO - Criando instância da aplicação...
2025-09-13 02:43:11,977 - root - INFO - PerformanceMonitor initialized
2025-09-13 02:43:12,100 - root - INFO - Initializing HostTabView
2025-09-13 02:43:12,355 - root - INFO - Instância criada com sucesso
2025-09-13 02:43:12,355 - root - INFO - Executando aplicação...
2025-09-13 02:43:12,355 - root - INFO - Sistema de proteção contra loops configurado
2025-09-13 02:43:12,360 - root - INFO - PerformanceMonitor started
2025-09-13 02:43:12,360 - root - INFO - Monitor de performance iniciado
2025-09-13 02:43:12,372 - root - INFO - Watchdog do mainloop iniciado
2025-09-13 02:43:12,372 - root - INFO - Iniciando mainloop com proteção anti-travamento...
2025-09-13 02:43:13,045 - root - INFO - HomeTabManager.update_home_buttons_state chamado:
2025-09-13 02:43:13,046 - root - INFO -   - status_data: None
2025-09-13 02:43:13,046 - root - INFO -   - controller.running_command: None
2025-09-13 02:43:13,046 - root - INFO -   - controller.is_running: False
2025-09-13 02:43:13,046 - root - INFO -   - ping_running: None
2025-09-13 02:43:13,046 - root - INFO -   - traceroute_running: None
2025-09-13 02:43:13,054 - root - INFO - Populating initial host tabs
2025-09-13 02:43:13,063 - root - INFO - Carregamento de dados concluído
2025-09-13 02:43:13,786 - root - INFO - Loading tools for host tab: CMI-10947.saude.betim
2025-09-13 02:43:13,963 - root - INFO - SysInfoController initialized for host: CMI-10947.saude.betim
2025-09-13 02:43:14,000 - root - INFO - Initializing PingFrame for host: CMI-10947.saude.betim
2025-09-13 02:43:15,992 - root - INFO - START: Iniciando 'list_users' para host 'CMI-10947.saude.betim'
2025-09-13 02:43:15,993 - root - INFO - Opening credential dialog for target: 10.5.5.48
2025-09-13 02:43:19,323 - root - INFO - Credential vault does not exist and user hasn't been prompted this session. Showing vault prompt dialog.
2025-09-13 02:43:19,323 - root - INFO - Showing vault creation prompt dialog.
2025-09-13 02:43:20,487 - root - INFO - User chose NOT to create a vault.
2025-09-13 02:43:20,502 - root - INFO - Vault prompt dialog result: False
2025-09-13 02:43:20,503 - root - INFO - Credential dialog confirmed for user: saude.betim\raphael.rego
2025-09-13 02:43:20,524 - root - INFO - RemoteSessionsFrame recebeu atualização de status: Comando 'list_users', Rodando: True
2025-09-13 02:43:20,529 - root - INFO - START: Criando thread para 'list_users'
2025-09-13 02:43:20,530 - root - INFO - THREAD: Executando 'list_users' com args: ('saude.betim\\raphael.rego', '$067076', <bound method RemoteSessionsFrame.update_users_combobox of <src.ui.components.remote_sessions_frame.RemoteSessionsFrame object .!ctkframe.!hosttabview.!ctkframe.!ctktabview.!ctkframe3.!ctkframe.!ctktabview.!ctkframe3.!remotesessionsframe>>)
2025-09-13 02:43:20,530 - root - INFO - START: Thread 'list_users' iniciada com sucesso
2025-09-13 02:43:20,531 - pypsrp.powershell - INFO - Initialising RunspacePool object for configuration Microsoft.PowerShell
2025-09-13 02:43:20,532 - pypsrp.powershell - INFO - Opening a new Runspace Pool on remote host
2025-09-13 02:43:20,732 - pypsrp.powershell - INFO - Initialising PowerShell in remote Runspace Pool
2025-09-13 02:43:20,733 - root - INFO - Executing 'list_connected_users_winrm' on 10.5.5.48
2025-09-13 02:43:20,733 - pypsrp.powershell - INFO - Initialising PowerShell in remote Runspace Pool
2025-09-13 02:43:20,734 - pypsrp.powershell - INFO - Beginning remote Pipeline invocation
2025-09-13 02:43:21,069 - root - INFO - === QUSER DEBUG ===
2025-09-13 02:43:21,070 - root - INFO - PowerShell result: {'success': True, 'output': ['{"UserName":"raphael.rego","SessionId":"3","State":"Ativo","SessionName":"rdp-tcp#3"}']}
2025-09-13 02:43:21,070 - root - INFO - Output lines count: 1
2025-09-13 02:43:21,071 - root - INFO - Full PowerShell output: {"UserName":"raphael.rego","SessionId":"3","State":"Ativo","SessionName":"rdp-tcp#3"}
2025-09-13 02:43:21,072 - root - INFO - Parsed single user: {'UserName': 'raphael.rego', 'SessionId': '3', 'State': 'Ativo', 'SessionName': 'rdp-tcp#3'}
2025-09-13 02:43:21,072 - root - INFO - Parsed 1 users from remote command
2025-09-13 02:43:21,073 - pypsrp.powershell - INFO - Closing Runspace Pool
2025-09-13 02:43:21,078 - root - INFO - Enviando callback update_users_combobox com 1 usuários
2025-09-13 02:43:21,079 - root - INFO - THREAD: 'list_users' executado com sucesso
2025-09-13 02:43:21,079 - root - INFO - THREAD: Finalizando 'list_users'
2025-09-13 02:43:21,080 - root - INFO - RemoteSessionsFrame recebeu atualização de status: Comando 'None', Rodando: False
2025-09-13 02:43:23,524 - root - INFO - START: Iniciando 'check_winrm' para host 'CMI-10947.saude.betim'
2025-09-13 02:43:23,524 - root - INFO - Opening credential dialog for target: 10.5.5.48
2025-09-13 02:43:27,251 - root - INFO - Credential dialog confirmed for user: saude.betim\raphael.rego
2025-09-13 02:43:27,276 - root - INFO - RemoteSessionsFrame recebeu atualização de status: Comando 'check_winrm', Rodando: True
2025-09-13 02:43:27,276 - root - INFO - START: Criando thread para 'check_winrm'
2025-09-13 02:43:27,277 - root - INFO - THREAD: Executando 'check_winrm' com args: ('saude.betim\\raphael.rego', '$067076', <customtkinter.windows.widgets.ctk_button.CTkButton object .!ctkframe.!hosttabview.!ctkframe.!ctktabview.!ctkframe3.!ctkframe.!ctktabview.!ctkframe3.!remotesessionsframe.!ctkframe.!ctkframe2.!ctkbutton3>)
2025-09-13 02:43:27,277 - root - INFO - START: Thread 'check_winrm' iniciada com sucesso
2025-09-13 02:43:27,278 - root - INFO - === WINRM CHECK DEBUG ===
2025-09-13 02:43:27,279 - root - INFO - Checking WinRM for host: 10.5.5.48
2025-09-13 02:43:27,282 - root - INFO - Username: saude.betim\raphael.rego
2025-09-13 02:43:27,286 - root - INFO - Button widget: .!ctkframe.!hosttabview.!ctkframe.!ctktabview.!ctkframe3.!ctkframe.!ctktabview.!ctkframe3.!remotesessionsframe.!ctkframe.!ctkframe2.!ctkbutton3
2025-09-13 02:43:27,295 - pypsrp.powershell - INFO - Initialising RunspacePool object for configuration Microsoft.PowerShell
2025-09-13 02:43:27,295 - pypsrp.powershell - INFO - Opening a new Runspace Pool on remote host
2025-09-13 02:43:27,500 - pypsrp.powershell - INFO - Initialising PowerShell in remote Runspace Pool
2025-09-13 02:43:27,500 - pypsrp.powershell - INFO - Initialising PowerShell in remote Runspace Pool
2025-09-13 02:43:27,502 - pypsrp.powershell - INFO - Beginning remote Pipeline invocation
2025-09-13 02:43:27,617 - root - INFO - WinRM check script result: {'success': True, 'output': []}
2025-09-13 02:43:27,617 - root - INFO - WinRM check - success: True, output: []
2025-09-13 02:43:27,618 - root - INFO - WinRM check PASSED - connection is working
2025-09-13 02:43:27,621 - pypsrp.powershell - INFO - Closing Runspace Pool
2025-09-13 02:43:27,625 - root - INFO - WinRM check result: True
2025-09-13 02:43:27,625 - root - INFO - Result type: <class 'bool'>
2025-09-13 02:43:27,626 - root - INFO - WinRM check SUCCEEDED - setting button to OK state
2025-09-13 02:43:27,630 - root - INFO - THREAD: 'check_winrm' executado com sucesso
2025-09-13 02:43:27,630 - root - INFO - THREAD: Finalizando 'check_winrm'
2025-09-13 02:43:27,631 - root - INFO - RemoteSessionsFrame recebeu atualização de status: Comando 'None', Rodando: False
2025-09-13 02:43:36,497 - root - INFO - PerformanceMonitor stopped
2025-09-13 02:43:36,498 - root - INFO - Credential vault locked
2025-09-13 02:43:36,702 - root - INFO - Executando limpeza de recursos...
2025-09-13 02:43:36,702 - root - INFO - Credential vault locked
2025-09-13 02:43:36,704 - root - INFO - Limpeza de recursos concluída
2025-09-13 02:43:36,706 - root - INFO - Aplicação finalizada normalmente
2025-09-13 02:45:27,216 - root - INFO - Iniciando aplicação Ferramentas de Rede v2.0.0
2025-09-13 02:45:28,779 - root - INFO - Criando instância da aplicação...
2025-09-13 02:45:29,070 - root - INFO - PerformanceMonitor initialized
2025-09-13 02:45:29,243 - root - INFO - Initializing HostTabView
2025-09-13 02:45:29,509 - root - INFO - Instância criada com sucesso
2025-09-13 02:45:29,510 - root - INFO - Executando aplicação...
2025-09-13 02:45:29,510 - root - INFO - Sistema de proteção contra loops configurado
2025-09-13 02:45:29,516 - root - INFO - PerformanceMonitor started
2025-09-13 02:45:29,516 - root - INFO - Monitor de performance iniciado
2025-09-13 02:45:29,530 - root - INFO - Watchdog do mainloop iniciado
2025-09-13 02:45:29,531 - root - INFO - Iniciando mainloop com proteção anti-travamento...
2025-09-13 02:45:30,312 - root - INFO - HomeTabManager.update_home_buttons_state chamado:
2025-09-13 02:45:30,312 - root - INFO -   - status_data: None
2025-09-13 02:45:30,312 - root - INFO -   - controller.running_command: None
2025-09-13 02:45:30,312 - root - INFO -   - controller.is_running: False
2025-09-13 02:45:30,313 - root - INFO -   - ping_running: None
2025-09-13 02:45:30,313 - root - INFO -   - traceroute_running: None
2025-09-13 02:45:30,321 - root - INFO - Populating initial host tabs
2025-09-13 02:45:30,332 - root - INFO - Carregamento de dados concluído
2025-09-13 02:45:58,685 - root - INFO - Performance Summary - CPU: 0.0%, Memory: 78.7MB, Threads: 20.0, Active Commands: 0, Hanging Commands: 0
2025-09-13 02:46:03,392 - root - INFO - Loading tools for host tab: CMI-10947.saude.betim
2025-09-13 02:46:03,629 - root - INFO - SysInfoController initialized for host: CMI-10947.saude.betim
2025-09-13 02:46:03,672 - root - INFO - Initializing PingFrame for host: CMI-10947.saude.betim
2025-09-13 02:46:06,896 - root - INFO - START: Iniciando 'list_users' para host 'CMI-10947.saude.betim'
2025-09-13 02:46:06,896 - root - INFO - Opening credential dialog for target: 10.5.5.48
2025-09-13 02:46:14,567 - root - INFO - Credential vault does not exist and user hasn't been prompted this session. Showing vault prompt dialog.
2025-09-13 02:46:14,567 - root - INFO - Showing vault creation prompt dialog.
2025-09-13 02:46:15,920 - root - INFO - User chose NOT to create a vault.
2025-09-13 02:46:15,946 - root - INFO - Vault prompt dialog result: False
2025-09-13 02:46:15,946 - root - INFO - Credential dialog confirmed for user: saude.betim\raphael.rego
2025-09-13 02:46:15,974 - root - INFO - RemoteSessionsFrame recebeu atualização de status: Comando 'list_users', Rodando: True
2025-09-13 02:46:15,982 - root - INFO - START: Criando thread para 'list_users'
2025-09-13 02:46:15,983 - root - INFO - THREAD: Executando 'list_users' com args: ('saude.betim\\raphael.rego', '$067076', <bound method RemoteSessionsFrame.update_users_combobox of <src.ui.components.remote_sessions_frame.RemoteSessionsFrame object .!ctkframe.!hosttabview.!ctkframe.!ctktabview.!ctkframe3.!ctkframe.!ctktabview.!ctkframe3.!remotesessionsframe>>)
2025-09-13 02:46:15,983 - root - INFO - START: Thread 'list_users' iniciada com sucesso
2025-09-13 02:46:15,984 - pypsrp.powershell - INFO - Initialising RunspacePool object for configuration Microsoft.PowerShell
2025-09-13 02:46:15,985 - pypsrp.powershell - INFO - Opening a new Runspace Pool on remote host
2025-09-13 02:46:16,298 - pypsrp.powershell - INFO - Initialising PowerShell in remote Runspace Pool
2025-09-13 02:46:16,298 - root - INFO - Executing 'list_connected_users_winrm' on 10.5.5.48
2025-09-13 02:46:16,299 - pypsrp.powershell - INFO - Initialising PowerShell in remote Runspace Pool
2025-09-13 02:46:16,299 - pypsrp.powershell - INFO - Beginning remote Pipeline invocation
2025-09-13 02:46:16,633 - root - INFO - === QUSER DEBUG ===
2025-09-13 02:46:16,633 - root - INFO - PowerShell result: {'success': True, 'output': ['{"UserName":"raphael.rego","SessionId":"3","State":"Ativo","SessionName":"rdp-tcp#3"}']}
2025-09-13 02:46:16,633 - root - INFO - Output lines count: 1
2025-09-13 02:46:16,633 - root - INFO - Full PowerShell output: {"UserName":"raphael.rego","SessionId":"3","State":"Ativo","SessionName":"rdp-tcp#3"}
2025-09-13 02:46:16,633 - root - INFO - Parsed single user: {'UserName': 'raphael.rego', 'SessionId': '3', 'State': 'Ativo', 'SessionName': 'rdp-tcp#3'}
2025-09-13 02:46:16,633 - root - INFO - Parsed 1 users from remote command
2025-09-13 02:46:16,633 - pypsrp.powershell - INFO - Closing Runspace Pool
2025-09-13 02:46:16,640 - root - INFO - Enviando callback update_users_combobox com 1 usuários
2025-09-13 02:46:16,640 - root - INFO - THREAD: 'list_users' executado com sucesso
2025-09-13 02:46:16,640 - root - INFO - THREAD: Finalizando 'list_users'
2025-09-13 02:46:16,641 - root - INFO - RemoteSessionsFrame recebeu atualização de status: Comando 'None', Rodando: False
2025-09-13 02:46:28,905 - root - INFO - Performance Summary - CPU: 0.0%, Memory: 82.9MB, Threads: 27.0, Active Commands: 0, Hanging Commands: 0
2025-09-13 02:46:31,798 - root - INFO - START: Iniciando 'check_winrm' para host 'CMI-10947.saude.betim'
2025-09-13 02:46:31,798 - root - INFO - Opening credential dialog for target: 10.5.5.48
2025-09-13 02:46:37,039 - root - INFO - Credential dialog confirmed for user: saude.betim\raphael.rego
2025-09-13 02:46:37,088 - root - INFO - RemoteSessionsFrame recebeu atualização de status: Comando 'check_winrm', Rodando: True
2025-09-13 02:46:37,089 - root - INFO - START: Criando thread para 'check_winrm'
2025-09-13 02:46:37,090 - root - INFO - THREAD: Executando 'check_winrm' com args: ('saude.betim\\raphael.rego', '$067076', <customtkinter.windows.widgets.ctk_button.CTkButton object .!ctkframe.!hosttabview.!ctkframe.!ctktabview.!ctkframe3.!ctkframe.!ctktabview.!ctkframe3.!remotesessionsframe.!ctkframe.!ctkframe2.!ctkbutton3>)
2025-09-13 02:46:37,090 - root - INFO - START: Thread 'check_winrm' iniciada com sucesso
2025-09-13 02:46:37,091 - root - INFO - === WINRM CHECK DEBUG ===
2025-09-13 02:46:37,091 - root - INFO - Checking WinRM for host: 10.5.5.48
2025-09-13 02:46:37,091 - root - INFO - Username: saude.betim\raphael.rego
2025-09-13 02:46:37,091 - root - INFO - Button widget: .!ctkframe.!hosttabview.!ctkframe.!ctktabview.!ctkframe3.!ctkframe.!ctktabview.!ctkframe3.!remotesessionsframe.!ctkframe.!ctkframe2.!ctkbutton3
2025-09-13 02:46:37,097 - pypsrp.powershell - INFO - Initialising RunspacePool object for configuration Microsoft.PowerShell
2025-09-13 02:46:37,097 - pypsrp.powershell - INFO - Opening a new Runspace Pool on remote host
2025-09-13 02:46:37,280 - pypsrp.powershell - INFO - Initialising PowerShell in remote Runspace Pool
2025-09-13 02:46:37,280 - pypsrp.powershell - INFO - Initialising PowerShell in remote Runspace Pool
2025-09-13 02:46:37,280 - pypsrp.powershell - INFO - Beginning remote Pipeline invocation
2025-09-13 02:46:37,397 - root - INFO - WinRM check script result: {'success': True, 'output': []}
2025-09-13 02:46:37,397 - root - INFO - WinRM check - success: True, output: []
2025-09-13 02:46:37,397 - root - INFO - WinRM check PASSED - connection is working
2025-09-13 02:46:37,397 - pypsrp.powershell - INFO - Closing Runspace Pool
2025-09-13 02:46:37,403 - root - INFO - WinRM check result: True
2025-09-13 02:46:37,403 - root - INFO - Result type: <class 'bool'>
2025-09-13 02:46:37,403 - root - INFO - WinRM check SUCCEEDED - setting button to OK state
2025-09-13 02:46:37,409 - root - INFO - THREAD: 'check_winrm' executado com sucesso
2025-09-13 02:46:37,410 - root - INFO - THREAD: Finalizando 'check_winrm'
2025-09-13 02:46:37,410 - root - INFO - RemoteSessionsFrame recebeu atualização de status: Comando 'None', Rodando: False
2025-09-13 02:46:59,090 - root - INFO - Performance Summary - CPU: 0.0%, Memory: 83.1MB, Threads: 26.4, Active Commands: 0, Hanging Commands: 0
2025-09-13 02:51:07,559 - root - INFO - PerformanceMonitor stopped
2025-09-13 02:51:07,559 - root - INFO - Credential vault locked
2025-09-13 02:51:08,024 - root - INFO - Executando limpeza de recursos...
2025-09-13 02:51:08,025 - root - INFO - Credential vault locked
2025-09-13 02:51:08,026 - root - INFO - Limpeza de recursos concluída
2025-09-13 02:51:08,026 - root - INFO - Aplicação finalizada normalmente
2025-09-13 02:51:57,236 - root - INFO - Iniciando aplicação Ferramentas de Rede v2.0.0
2025-09-13 02:51:59,679 - root - INFO - Criando instância da aplicação...
2025-09-13 02:52:00,126 - root - INFO - PerformanceMonitor initialized
2025-09-13 02:52:00,334 - root - INFO - Initializing HostTabView
2025-09-13 02:52:00,632 - root - INFO - Instância criada com sucesso
2025-09-13 02:52:00,632 - root - INFO - Executando aplicação...
2025-09-13 02:52:00,632 - root - INFO - Sistema de proteção contra loops configurado
2025-09-13 02:52:00,717 - root - INFO - PerformanceMonitor started
2025-09-13 02:52:00,721 - root - INFO - Monitor de performance iniciado
2025-09-13 02:52:00,733 - root - INFO - Watchdog do mainloop iniciado
2025-09-13 02:52:00,734 - root - INFO - Iniciando mainloop com proteção anti-travamento...
2025-09-13 02:52:01,890 - root - INFO - HomeTabManager.update_home_buttons_state chamado:
2025-09-13 02:52:01,890 - root - INFO -   - status_data: None
2025-09-13 02:52:01,891 - root - INFO -   - controller.running_command: None
2025-09-13 02:52:01,891 - root - INFO -   - controller.is_running: False
2025-09-13 02:52:01,891 - root - INFO -   - ping_running: None
2025-09-13 02:52:01,891 - root - INFO -   - traceroute_running: None
2025-09-13 02:52:01,899 - root - INFO - Populating initial host tabs
2025-09-13 02:52:01,915 - root - INFO - Carregamento de dados concluído
2025-09-13 02:52:20,603 - root - INFO - Loading tools for host tab: CMI-10947.saude.betim
2025-09-13 02:52:20,831 - root - INFO - SysInfoController initialized for host: CMI-10947.saude.betim
2025-09-13 02:52:20,894 - root - INFO - Initializing PingFrame for host: CMI-10947.saude.betim
2025-09-13 02:52:26,189 - root - INFO - START: Iniciando 'list_users' para host 'CMI-10947.saude.betim'
2025-09-13 02:52:26,190 - root - INFO - Opening credential dialog for target: 10.5.5.48
2025-09-13 02:52:30,138 - root - INFO - Credential vault does not exist and user hasn't been prompted this session. Showing vault prompt dialog.
2025-09-13 02:52:30,138 - root - INFO - Showing vault creation prompt dialog.
2025-09-13 02:52:30,196 - root - INFO - Performance Summary - CPU: 0.0%, Memory: 81.5MB, Threads: 26.0, Active Commands: 0, Hanging Commands: 0
2025-09-13 02:52:31,412 - root - INFO - User chose NOT to create a vault.
2025-09-13 02:52:31,437 - root - INFO - Vault prompt dialog result: False
2025-09-13 02:52:31,437 - root - INFO - Credential dialog confirmed for user: saude.betim\raphael.rego
2025-09-13 02:52:31,488 - root - INFO - RemoteSessionsFrame recebeu atualização de status: Comando 'list_users', Rodando: True
2025-09-13 02:52:31,498 - root - INFO - START: Criando thread para 'list_users'
2025-09-13 02:52:31,499 - root - INFO - THREAD: Executando 'list_users' com args: ('saude.betim\\raphael.rego', '$067076', <bound method RemoteSessionsFrame.update_users_combobox of <src.ui.components.remote_sessions_frame.RemoteSessionsFrame object .!ctkframe.!hosttabview.!ctkframe.!ctktabview.!ctkframe3.!ctkframe.!ctktabview.!ctkframe3.!remotesessionsframe>>)
2025-09-13 02:52:31,499 - root - INFO - START: Thread 'list_users' iniciada com sucesso
2025-09-13 02:52:31,501 - pypsrp.powershell - INFO - Initialising RunspacePool object for configuration Microsoft.PowerShell
2025-09-13 02:52:31,501 - root - INFO - START: Iniciando process_queue para 'list_users'
2025-09-13 02:52:31,501 - pypsrp.powershell - INFO - Opening a new Runspace Pool on remote host
2025-09-13 02:52:31,831 - pypsrp.powershell - INFO - Initialising PowerShell in remote Runspace Pool
2025-09-13 02:52:31,832 - root - INFO - Executing 'list_connected_users_winrm' on 10.5.5.48
2025-09-13 02:52:31,833 - pypsrp.powershell - INFO - Initialising PowerShell in remote Runspace Pool
2025-09-13 02:52:31,833 - pypsrp.powershell - INFO - Beginning remote Pipeline invocation
2025-09-13 02:52:32,173 - root - INFO - === QUSER DEBUG ===
2025-09-13 02:52:32,173 - root - INFO - PowerShell result: {'success': True, 'output': ['{"UserName":"raphael.rego","SessionId":"3","State":"Ativo","SessionName":"rdp-tcp#3"}']}
2025-09-13 02:52:32,173 - root - INFO - Output lines count: 1
2025-09-13 02:52:32,173 - root - INFO - Full PowerShell output: {"UserName":"raphael.rego","SessionId":"3","State":"Ativo","SessionName":"rdp-tcp#3"}
2025-09-13 02:52:32,174 - root - INFO - Parsed single user: {'UserName': 'raphael.rego', 'SessionId': '3', 'State': 'Ativo', 'SessionName': 'rdp-tcp#3'}
2025-09-13 02:52:32,174 - root - INFO - Parsed 1 users from remote command
2025-09-13 02:52:32,174 - pypsrp.powershell - INFO - Closing Runspace Pool
2025-09-13 02:52:32,178 - root - INFO - Enviando callback update_users_combobox com 1 usuários
2025-09-13 02:52:32,178 - root - INFO - THREAD: 'list_users' executado com sucesso
2025-09-13 02:52:32,178 - root - INFO - THREAD: Finalizando 'list_users'
2025-09-13 02:52:32,179 - root - INFO - RemoteSessionsFrame recebeu atualização de status: Comando 'None', Rodando: False
2025-09-13 02:52:32,434 - root - INFO - Q_ITEM_CALLBACK recebido - tipo: <class 'tuple'>, conteúdo: (<bound method RemoteSessionsFrame.update_users_combobox of <src.ui.components.remote_sessions_frame.RemoteSessionsFrame object .!ctkframe.!hosttabview.!ctkframe.!ctktabview.!ctkframe3.!ctkframe.!ctktabview.!ctkframe3.!remotesessionsframe>>, ([{'UserName': 'raphael.rego', 'ID': '3', 'State': 'Ativo', 'SessionName': 'rdp-tcp#3'}],), {})
2025-09-13 02:52:32,434 - root - INFO - Agendando callback: <bound method RemoteSessionsFrame.update_users_combobox of <src.ui.components.remote_sessions_frame.RemoteSessionsFrame object .!ctkframe.!hosttabview.!ctkframe.!ctktabview.!ctkframe3.!ctkframe.!ctktabview.!ctkframe3.!remotesessionsframe>>
2025-09-13 02:52:32,434 - root - INFO - Callback data structure: (<bound method RemoteSessionsFrame.update_users_combobox of <src.ui.components.remote_sessions_frame.RemoteSessionsFrame object .!ctkframe.!hosttabview.!ctkframe.!ctktabview.!ctkframe3.!ctkframe.!ctktabview.!ctkframe3.!remotesessionsframe>>, ([{'UserName': 'raphael.rego', 'ID': '3', 'State': 'Ativo', 'SessionName': 'rdp-tcp#3'}],), {})
2025-09-13 02:52:32,434 - root - INFO - Widget callback - scheduling with after_idle
2025-09-13 02:52:32,434 - root - INFO - Callback agendado com sucesso
2025-09-13 02:52:32,434 - root - INFO - Executando callback: <bound method RemoteSessionsFrame.update_users_combobox of <src.ui.components.remote_sessions_frame.RemoteSessionsFrame object .!ctkframe.!hosttabview.!ctkframe.!ctktabview.!ctkframe3.!ctkframe.!ctktabview.!ctkframe3.!remotesessionsframe>>
2025-09-13 02:52:32,435 - root - INFO - update_users_combobox chamado com 1 usuários
2025-09-13 02:52:32,437 - root - INFO - Combobox atualizada com 1 usuários
2025-09-13 02:52:32,437 - root - INFO - Callback executado com sucesso: <bound method RemoteSessionsFrame.update_users_combobox of <src.ui.components.remote_sessions_frame.RemoteSessionsFrame object .!ctkframe.!hosttabview.!ctkframe.!ctktabview.!ctkframe3.!ctkframe.!ctktabview.!ctkframe3.!remotesessionsframe>>
2025-09-13 02:52:35,155 - root - INFO - START: Iniciando 'check_winrm' para host 'CMI-10947.saude.betim'
2025-09-13 02:52:35,155 - root - INFO - Opening credential dialog for target: 10.5.5.48
2025-09-13 02:52:45,426 - root - INFO - Credential dialog confirmed for user: saude.betim\raphael.rego
2025-09-13 02:52:45,463 - root - INFO - RemoteSessionsFrame recebeu atualização de status: Comando 'check_winrm', Rodando: True
2025-09-13 02:52:45,464 - root - INFO - START: Criando thread para 'check_winrm'
2025-09-13 02:52:45,464 - root - INFO - THREAD: Executando 'check_winrm' com args: ('saude.betim\\raphael.rego', '$067076', <customtkinter.windows.widgets.ctk_button.CTkButton object .!ctkframe.!hosttabview.!ctkframe.!ctktabview.!ctkframe3.!ctkframe.!ctktabview.!ctkframe3.!remotesessionsframe.!ctkframe.!ctkframe2.!ctkbutton3>)
2025-09-13 02:52:45,465 - root - INFO - START: Thread 'check_winrm' iniciada com sucesso
2025-09-13 02:52:45,465 - root - INFO - === WINRM CHECK DEBUG ===
2025-09-13 02:52:45,465 - root - INFO - START: Iniciando process_queue para 'check_winrm'
2025-09-13 02:52:45,465 - root - INFO - Checking WinRM for host: 10.5.5.48
2025-09-13 02:52:45,465 - root - INFO - Username: saude.betim\raphael.rego
2025-09-13 02:52:45,465 - root - INFO - Button widget: .!ctkframe.!hosttabview.!ctkframe.!ctktabview.!ctkframe3.!ctkframe.!ctktabview.!ctkframe3.!remotesessionsframe.!ctkframe.!ctkframe2.!ctkbutton3
2025-09-13 02:52:45,470 - pypsrp.powershell - INFO - Initialising RunspacePool object for configuration Microsoft.PowerShell
2025-09-13 02:52:45,470 - pypsrp.powershell - INFO - Opening a new Runspace Pool on remote host
2025-09-13 02:52:45,673 - pypsrp.powershell - INFO - Initialising PowerShell in remote Runspace Pool
2025-09-13 02:52:45,674 - pypsrp.powershell - INFO - Initialising PowerShell in remote Runspace Pool
2025-09-13 02:52:45,674 - pypsrp.powershell - INFO - Beginning remote Pipeline invocation
2025-09-13 02:52:45,784 - root - INFO - WinRM check script result: {'success': True, 'output': []}
2025-09-13 02:52:45,784 - root - INFO - WinRM check - success: True, output: []
2025-09-13 02:52:45,784 - root - INFO - WinRM check PASSED - connection is working
2025-09-13 02:52:45,784 - pypsrp.powershell - INFO - Closing Runspace Pool
2025-09-13 02:52:45,788 - root - INFO - WinRM check result: True
2025-09-13 02:52:45,789 - root - INFO - Result type: <class 'bool'>
2025-09-13 02:52:45,789 - root - INFO - WinRM check SUCCEEDED - setting button to OK state
2025-09-13 02:52:45,794 - root - INFO - THREAD: 'check_winrm' executado com sucesso
2025-09-13 02:52:45,794 - root - INFO - THREAD: Finalizando 'check_winrm'
2025-09-13 02:52:45,798 - root - INFO - RemoteSessionsFrame recebeu atualização de status: Comando 'None', Rodando: False
2025-09-13 02:52:45,823 - root - INFO - Q_ITEM_CALLBACK recebido - tipo: <class 'tuple'>, conteúdo: (<bound method RemoteActionsController._update_winrm_button_state of <src.ui.components.tool_controllers.remote_actions_controller.RemoteActionsController object at 0x0000021FBDCFCC20>>, (True, <customtkinter.windows.widgets.ctk_button.CTkButton object .!ctkframe.!hosttabview.!ctkframe.!ctktabview.!ctkframe3.!ctkframe.!ctktabview.!ctkframe3.!remotesessionsframe.!ctkframe.!ctkframe2.!ctkbutton3>), {})
2025-09-13 02:52:45,823 - root - INFO - Agendando callback: <bound method RemoteActionsController._update_winrm_button_state of <src.ui.components.tool_controllers.remote_actions_controller.RemoteActionsController object at 0x0000021FBDCFCC20>>
2025-09-13 02:52:45,823 - root - INFO - Callback data structure: (<bound method RemoteActionsController._update_winrm_button_state of <src.ui.components.tool_controllers.remote_actions_controller.RemoteActionsController object at 0x0000021FBDCFCC20>>, (True, <customtkinter.windows.widgets.ctk_button.CTkButton object .!ctkframe.!hosttabview.!ctkframe.!ctktabview.!ctkframe3.!ctkframe.!ctktabview.!ctkframe3.!remotesessionsframe.!ctkframe.!ctkframe2.!ctkbutton3>), {})
2025-09-13 02:52:45,823 - root - INFO - Non-widget callback - scheduling with after_idle
2025-09-13 02:52:45,823 - root - INFO - Callback agendado com sucesso
2025-09-13 02:52:45,823 - root - INFO - Executando callback: <bound method RemoteActionsController._update_winrm_button_state of <src.ui.components.tool_controllers.remote_actions_controller.RemoteActionsController object at 0x0000021FBDCFCC20>>
2025-09-13 02:52:45,823 - root - INFO - === WINRM BUTTON UPDATE DEBUG ===
2025-09-13 02:52:45,823 - root - INFO - is_ok: True
2025-09-13 02:52:45,823 - root - INFO - button_widget exists: 1
2025-09-13 02:52:45,823 - root - INFO - Configurando botão WinRM para estado OK (verde, desabilitado)
2025-09-13 02:52:45,825 - root - INFO - Callback executado com sucesso: <bound method RemoteActionsController._update_winrm_button_state of <src.ui.components.tool_controllers.remote_actions_controller.RemoteActionsController object at 0x0000021FBDCFCC20>>
2025-09-13 02:53:00,412 - root - INFO - Performance Summary - CPU: 0.0%, Memory: 83.4MB, Threads: 27.0, Active Commands: 0, Hanging Commands: 0
2025-09-13 02:53:30,604 - root - INFO - Performance Summary - CPU: 0.0%, Memory: 83.5MB, Threads: 25.8, Active Commands: 0, Hanging Commands: 0
2025-09-13 02:56:29,951 - root - INFO - Iniciando aplicação Ferramentas de Rede v2.0.0
2025-09-13 02:56:31,797 - root - INFO - Criando instância da aplicação...
2025-09-13 02:56:32,206 - root - INFO - PerformanceMonitor initialized
2025-09-13 02:56:32,381 - root - INFO - Initializing HostTabView
2025-09-13 02:56:32,674 - root - INFO - Instância criada com sucesso
2025-09-13 02:56:32,674 - root - INFO - Executando aplicação...
2025-09-13 02:56:32,674 - root - INFO - Sistema de proteção contra loops configurado
2025-09-13 02:56:32,680 - root - INFO - PerformanceMonitor started
2025-09-13 02:56:32,680 - root - INFO - Monitor de performance iniciado
2025-09-13 02:56:32,693 - root - INFO - Watchdog do mainloop iniciado
2025-09-13 02:56:32,693 - root - INFO - Iniciando mainloop com proteção anti-travamento...
2025-09-13 02:56:33,484 - root - INFO - HomeTabManager.update_home_buttons_state chamado:
2025-09-13 02:56:33,484 - root - INFO -   - status_data: None
2025-09-13 02:56:33,484 - root - INFO -   - controller.running_command: None
2025-09-13 02:56:33,484 - root - INFO -   - controller.is_running: False
2025-09-13 02:56:33,484 - root - INFO -   - ping_running: None
2025-09-13 02:56:33,484 - root - INFO -   - traceroute_running: None
2025-09-13 02:56:33,493 - root - INFO - Populating initial host tabs
2025-09-13 02:56:33,504 - root - INFO - Carregamento de dados concluído
2025-09-13 02:56:56,405 - root - INFO - Loading tools for host tab: CMI-10947.saude.betim
2025-09-13 02:56:56,633 - root - INFO - SysInfoController initialized for host: CMI-10947.saude.betim
2025-09-13 02:56:56,679 - root - INFO - Initializing PingFrame for host: CMI-10947.saude.betim
2025-09-13 02:57:00,661 - root - INFO - START: Iniciando 'list_users' para host 'CMI-10947.saude.betim'
2025-09-13 02:57:00,662 - root - INFO - Opening credential dialog for target: 10.5.5.48
2025-09-13 02:57:01,947 - root - INFO - Performance Summary - CPU: 0.0%, Memory: 80.3MB, Threads: 23.6, Active Commands: 0, Hanging Commands: 0
2025-09-13 02:57:04,540 - root - INFO - Credential vault does not exist and user hasn't been prompted this session. Showing vault prompt dialog.
2025-09-13 02:57:04,540 - root - INFO - Showing vault creation prompt dialog.
2025-09-13 02:57:05,711 - root - INFO - User chose NOT to create a vault.
2025-09-13 02:57:05,729 - root - INFO - Vault prompt dialog result: False
2025-09-13 02:57:05,729 - root - INFO - Credential dialog confirmed for user: saude.betim\raphael.rego
2025-09-13 02:57:05,764 - root - INFO - RemoteSessionsFrame recebeu atualização de status: Comando 'list_users', Rodando: True
2025-09-13 02:57:05,771 - root - INFO - START: Criando thread para 'list_users'
2025-09-13 02:57:05,772 - root - INFO - THREAD: Executando 'list_users' com args: ('saude.betim\\raphael.rego', '$067076', <bound method RemoteSessionsFrame.update_users_combobox of <src.ui.components.remote_sessions_frame.RemoteSessionsFrame object .!ctkframe.!hosttabview.!ctkframe.!ctktabview.!ctkframe3.!ctkframe.!ctktabview.!ctkframe3.!remotesessionsframe>>)
2025-09-13 02:57:05,772 - root - INFO - START: Thread 'list_users' iniciada com sucesso
2025-09-13 02:57:05,773 - pypsrp.powershell - INFO - Initialising RunspacePool object for configuration Microsoft.PowerShell
2025-09-13 02:57:05,773 - root - INFO - START: Iniciando process_queue para 'list_users'
2025-09-13 02:57:05,774 - pypsrp.powershell - INFO - Opening a new Runspace Pool on remote host
2025-09-13 02:57:05,999 - pypsrp.powershell - INFO - Initialising PowerShell in remote Runspace Pool
2025-09-13 02:57:05,999 - root - INFO - Executing 'list_connected_users_winrm' on 10.5.5.48
2025-09-13 02:57:06,000 - pypsrp.powershell - INFO - Initialising PowerShell in remote Runspace Pool
2025-09-13 02:57:06,000 - pypsrp.powershell - INFO - Beginning remote Pipeline invocation
2025-09-13 02:57:06,346 - root - INFO - === QUSER DEBUG ===
2025-09-13 02:57:06,347 - root - INFO - PowerShell result: {'success': True, 'output': ['{"UserName":"raphael.rego","SessionId":"3","State":"Ativo","SessionName":"rdp-tcp#3"}']}
2025-09-13 02:57:06,347 - root - INFO - Output lines count: 1
2025-09-13 02:57:06,347 - root - INFO - Full PowerShell output: {"UserName":"raphael.rego","SessionId":"3","State":"Ativo","SessionName":"rdp-tcp#3"}
2025-09-13 02:57:06,347 - root - INFO - Parsed single user: {'UserName': 'raphael.rego', 'SessionId': '3', 'State': 'Ativo', 'SessionName': 'rdp-tcp#3'}
2025-09-13 02:57:06,347 - root - INFO - Parsed 1 users from remote command
2025-09-13 02:57:06,348 - pypsrp.powershell - INFO - Closing Runspace Pool
2025-09-13 02:57:06,352 - root - INFO - Enviando callback update_users_combobox com 1 usuários
2025-09-13 02:57:06,353 - root - INFO - THREAD: 'list_users' executado com sucesso
2025-09-13 02:57:06,353 - root - INFO - THREAD: Finalizando 'list_users'
2025-09-13 02:57:06,353 - root - INFO - RemoteSessionsFrame recebeu atualização de status: Comando 'None', Rodando: False
2025-09-13 02:57:06,516 - root - INFO - Q_ITEM_CALLBACK recebido - tipo: <class 'tuple'>, conteúdo: (<bound method RemoteSessionsFrame.update_users_combobox of <src.ui.components.remote_sessions_frame.RemoteSessionsFrame object .!ctkframe.!hosttabview.!ctkframe.!ctktabview.!ctkframe3.!ctkframe.!ctktabview.!ctkframe3.!remotesessionsframe>>, ([{'UserName': 'raphael.rego', 'ID': '3', 'State': 'Ativo', 'SessionName': 'rdp-tcp#3'}],), {})
2025-09-13 02:57:06,516 - root - INFO - Agendando callback: <bound method RemoteSessionsFrame.update_users_combobox of <src.ui.components.remote_sessions_frame.RemoteSessionsFrame object .!ctkframe.!hosttabview.!ctkframe.!ctktabview.!ctkframe3.!ctkframe.!ctktabview.!ctkframe3.!remotesessionsframe>>
2025-09-13 02:57:06,516 - root - INFO - Callback data structure: (<bound method RemoteSessionsFrame.update_users_combobox of <src.ui.components.remote_sessions_frame.RemoteSessionsFrame object .!ctkframe.!hosttabview.!ctkframe.!ctktabview.!ctkframe3.!ctkframe.!ctktabview.!ctkframe3.!remotesessionsframe>>, ([{'UserName': 'raphael.rego', 'ID': '3', 'State': 'Ativo', 'SessionName': 'rdp-tcp#3'}],), {})
2025-09-13 02:57:06,516 - root - INFO - Widget callback - scheduling with after_idle
2025-09-13 02:57:06,517 - root - INFO - Callback agendado com sucesso
2025-09-13 02:57:06,517 - root - INFO - Executando callback: <bound method RemoteSessionsFrame.update_users_combobox of <src.ui.components.remote_sessions_frame.RemoteSessionsFrame object .!ctkframe.!hosttabview.!ctkframe.!ctktabview.!ctkframe3.!ctkframe.!ctktabview.!ctkframe3.!remotesessionsframe>>
2025-09-13 02:57:06,517 - root - INFO - update_users_combobox chamado com 1 usuários
2025-09-13 02:57:06,517 - root - INFO - DEBUG: Processando 1 usuários recebidos
2025-09-13 02:57:06,517 - root - INFO - DEBUG: Usuário 0: {'UserName': 'raphael.rego', 'ID': '3', 'State': 'Ativo', 'SessionName': 'rdp-tcp#3'}
2025-09-13 02:57:06,517 - root - INFO - DEBUG: user_id = '3', tipo: <class 'str'>
2025-09-13 02:57:06,517 - root - INFO - DEBUG: str(user_id).isdigit() = True
2025-09-13 02:57:06,517 - root - INFO - DEBUG: Adicionado à display_list: raphael.rego (ID: 3, Estado: Ativo)
2025-09-13 02:57:06,519 - root - INFO - Combobox atualizada com 1 usuários
2025-09-13 02:57:06,520 - root - INFO - Callback executado com sucesso: <bound method RemoteSessionsFrame.update_users_combobox of <src.ui.components.remote_sessions_frame.RemoteSessionsFrame object .!ctkframe.!hosttabview.!ctkframe.!ctktabview.!ctkframe3.!ctkframe.!ctktabview.!ctkframe3.!remotesessionsframe>>
2025-09-13 02:57:32,182 - root - INFO - Performance Summary - CPU: 0.0%, Memory: 83.3MB, Threads: 27.0, Active Commands: 0, Hanging Commands: 0
2025-09-13 02:58:02,373 - root - INFO - Performance Summary - CPU: 0.0%, Memory: 83.4MB, Threads: 26.1, Active Commands: 0, Hanging Commands: 0
2025-09-13 02:58:22,486 - root - INFO - PerformanceMonitor stopped
2025-09-13 02:58:22,486 - root - INFO - Credential vault locked
2025-09-13 02:58:22,775 - root - INFO - Executando limpeza de recursos...
2025-09-13 02:58:22,775 - root - INFO - Credential vault locked
2025-09-13 02:58:22,777 - root - INFO - Limpeza de recursos concluída
2025-09-13 02:58:22,778 - root - INFO - Aplicação finalizada normalmente
2025-09-13 02:58:26,036 - root - INFO - Iniciando aplicação Ferramentas de Rede v2.0.0
2025-09-13 02:58:27,279 - root - INFO - Criando instância da aplicação...
2025-09-13 02:58:27,512 - root - INFO - PerformanceMonitor initialized
2025-09-13 02:58:27,631 - root - INFO - Initializing HostTabView
2025-09-13 02:58:27,876 - root - INFO - Instância criada com sucesso
2025-09-13 02:58:27,876 - root - INFO - Executando aplicação...
2025-09-13 02:58:27,876 - root - INFO - Sistema de proteção contra loops configurado
2025-09-13 02:58:27,881 - root - INFO - PerformanceMonitor started
2025-09-13 02:58:27,881 - root - INFO - Monitor de performance iniciado
2025-09-13 02:58:27,897 - root - INFO - Watchdog do mainloop iniciado
2025-09-13 02:58:27,897 - root - INFO - Iniciando mainloop com proteção anti-travamento...
2025-09-13 02:58:28,552 - root - INFO - HomeTabManager.update_home_buttons_state chamado:
2025-09-13 02:58:28,552 - root - INFO -   - status_data: None
2025-09-13 02:58:28,552 - root - INFO -   - controller.running_command: None
2025-09-13 02:58:28,552 - root - INFO -   - controller.is_running: False
2025-09-13 02:58:28,552 - root - INFO -   - ping_running: None
2025-09-13 02:58:28,552 - root - INFO -   - traceroute_running: None
2025-09-13 02:58:28,559 - root - INFO - Populating initial host tabs
2025-09-13 02:58:28,569 - root - INFO - Carregamento de dados concluído
2025-09-13 02:58:29,643 - root - INFO - Loading tools for host tab: CMI-10947.saude.betim
2025-09-13 02:58:29,843 - root - INFO - SysInfoController initialized for host: CMI-10947.saude.betim
2025-09-13 02:58:29,879 - root - INFO - Initializing PingFrame for host: CMI-10947.saude.betim
2025-09-13 02:58:32,041 - root - INFO - START: Iniciando 'list_users' para host 'CMI-10947.saude.betim'
2025-09-13 02:58:32,043 - root - INFO - Opening credential dialog for target: 10.5.5.48
2025-09-13 02:58:35,900 - root - INFO - Credential vault does not exist and user hasn't been prompted this session. Showing vault prompt dialog.
2025-09-13 02:58:35,900 - root - INFO - Showing vault creation prompt dialog.
2025-09-13 02:58:37,214 - root - INFO - User chose NOT to create a vault.
2025-09-13 02:58:37,231 - root - INFO - Vault prompt dialog result: False
2025-09-13 02:58:37,231 - root - INFO - Credential dialog confirmed for user: saude.betim\raphael.rego
2025-09-13 02:58:37,254 - root - INFO - RemoteSessionsFrame recebeu atualização de status: Comando 'list_users', Rodando: True
2025-09-13 02:58:37,260 - root - INFO - START: Criando thread para 'list_users'
2025-09-13 02:58:37,261 - root - INFO - THREAD: Executando 'list_users' com args: ('saude.betim\\raphael.rego', '$067076', <bound method RemoteSessionsFrame.update_users_combobox of <src.ui.components.remote_sessions_frame.RemoteSessionsFrame object .!ctkframe.!hosttabview.!ctkframe.!ctktabview.!ctkframe3.!ctkframe.!ctktabview.!ctkframe3.!remotesessionsframe>>)
2025-09-13 02:58:37,262 - root - INFO - START: Thread 'list_users' iniciada com sucesso
2025-09-13 02:58:37,263 - pypsrp.powershell - INFO - Initialising RunspacePool object for configuration Microsoft.PowerShell
2025-09-13 02:58:37,263 - root - INFO - START: Iniciando process_queue para 'list_users'
2025-09-13 02:58:37,264 - pypsrp.powershell - INFO - Opening a new Runspace Pool on remote host
2025-09-13 02:58:37,450 - pypsrp.powershell - INFO - Initialising PowerShell in remote Runspace Pool
2025-09-13 02:58:37,450 - root - INFO - Executing 'list_connected_users_winrm' on 10.5.5.48
2025-09-13 02:58:37,450 - pypsrp.powershell - INFO - Initialising PowerShell in remote Runspace Pool
2025-09-13 02:58:37,451 - pypsrp.powershell - INFO - Beginning remote Pipeline invocation
2025-09-13 02:58:37,791 - root - INFO - === QUSER DEBUG ===
2025-09-13 02:58:37,792 - root - INFO - PowerShell result: {'success': True, 'output': ['{"UserName":"raphael.rego","SessionId":"3","State":"Ativo","SessionName":"rdp-tcp#3"}']}
2025-09-13 02:58:37,793 - root - INFO - Output lines count: 1
2025-09-13 02:58:37,794 - root - INFO - Full PowerShell output: {"UserName":"raphael.rego","SessionId":"3","State":"Ativo","SessionName":"rdp-tcp#3"}
2025-09-13 02:58:37,795 - root - INFO - Parsed single user: {'UserName': 'raphael.rego', 'SessionId': '3', 'State': 'Ativo', 'SessionName': 'rdp-tcp#3'}
2025-09-13 02:58:37,795 - root - INFO - Parsed 1 users from remote command
2025-09-13 02:58:37,796 - pypsrp.powershell - INFO - Closing Runspace Pool
2025-09-13 02:58:37,800 - root - INFO - Enviando callback update_users_combobox com 1 usuários
2025-09-13 02:58:37,800 - root - INFO - THREAD: 'list_users' executado com sucesso
2025-09-13 02:58:37,801 - root - INFO - THREAD: Finalizando 'list_users'
2025-09-13 02:58:37,802 - root - INFO - RemoteSessionsFrame recebeu atualização de status: Comando 'None', Rodando: False
2025-09-13 02:58:37,964 - root - INFO - Q_ITEM_CALLBACK recebido - tipo: <class 'tuple'>, conteúdo: (<bound method RemoteSessionsFrame.update_users_combobox of <src.ui.components.remote_sessions_frame.RemoteSessionsFrame object .!ctkframe.!hosttabview.!ctkframe.!ctktabview.!ctkframe3.!ctkframe.!ctktabview.!ctkframe3.!remotesessionsframe>>, ([{'UserName': 'raphael.rego', 'ID': '3', 'State': 'Ativo', 'SessionName': 'rdp-tcp#3'}],), {})
2025-09-13 02:58:37,967 - root - INFO - Agendando callback: <bound method RemoteSessionsFrame.update_users_combobox of <src.ui.components.remote_sessions_frame.RemoteSessionsFrame object .!ctkframe.!hosttabview.!ctkframe.!ctktabview.!ctkframe3.!ctkframe.!ctktabview.!ctkframe3.!remotesessionsframe>>
2025-09-13 02:58:37,968 - root - INFO - Callback data structure: (<bound method RemoteSessionsFrame.update_users_combobox of <src.ui.components.remote_sessions_frame.RemoteSessionsFrame object .!ctkframe.!hosttabview.!ctkframe.!ctktabview.!ctkframe3.!ctkframe.!ctktabview.!ctkframe3.!remotesessionsframe>>, ([{'UserName': 'raphael.rego', 'ID': '3', 'State': 'Ativo', 'SessionName': 'rdp-tcp#3'}],), {})
2025-09-13 02:58:37,972 - root - INFO - Widget callback - scheduling with after_idle
2025-09-13 02:58:37,973 - root - INFO - Callback agendado com sucesso
2025-09-13 02:58:37,975 - root - INFO - Executando callback: <bound method RemoteSessionsFrame.update_users_combobox of <src.ui.components.remote_sessions_frame.RemoteSessionsFrame object .!ctkframe.!hosttabview.!ctkframe.!ctktabview.!ctkframe3.!ctkframe.!ctktabview.!ctkframe3.!remotesessionsframe>>
2025-09-13 02:58:37,975 - root - INFO - update_users_combobox chamado com 1 usuários
2025-09-13 02:58:37,976 - root - INFO - DEBUG: Processando 1 usuários recebidos
2025-09-13 02:58:37,977 - root - INFO - DEBUG: Usuário 0: {'UserName': 'raphael.rego', 'ID': '3', 'State': 'Ativo', 'SessionName': 'rdp-tcp#3'}
2025-09-13 02:58:37,977 - root - INFO - DEBUG: user_id = '3', tipo: <class 'str'>
2025-09-13 02:58:37,978 - root - INFO - DEBUG: str(user_id).isdigit() = True
2025-09-13 02:58:37,978 - root - INFO - DEBUG: Adicionado à display_list: raphael.rego (ID: 3, Estado: Ativo)
2025-09-13 02:58:37,981 - root - INFO - Combobox atualizada com 1 usuários
2025-09-13 02:58:37,981 - root - INFO - Callback executado com sucesso: <bound method RemoteSessionsFrame.update_users_combobox of <src.ui.components.remote_sessions_frame.RemoteSessionsFrame object .!ctkframe.!hosttabview.!ctkframe.!ctktabview.!ctkframe3.!ctkframe.!ctktabview.!ctkframe3.!remotesessionsframe>>
2025-09-13 02:58:40,258 - root - INFO - START: Iniciando 'check_winrm' para host 'CMI-10947.saude.betim'
2025-09-13 02:58:40,259 - root - INFO - Opening credential dialog for target: 10.5.5.48
2025-09-13 02:58:44,797 - root - INFO - Credential dialog confirmed for user: saude.betim\raphael.rego
2025-09-13 02:58:44,826 - root - INFO - RemoteSessionsFrame recebeu atualização de status: Comando 'check_winrm', Rodando: True
2025-09-13 02:58:44,828 - root - INFO - START: Criando thread para 'check_winrm'
2025-09-13 02:58:44,834 - root - INFO - THREAD: Executando 'check_winrm' com args: ('saude.betim\\raphael.rego', '$067076', <customtkinter.windows.widgets.ctk_button.CTkButton object .!ctkframe.!hosttabview.!ctkframe.!ctktabview.!ctkframe3.!ctkframe.!ctktabview.!ctkframe3.!remotesessionsframe.!ctkframe.!ctkframe2.!ctkbutton3>)
2025-09-13 02:58:44,834 - root - INFO - START: Thread 'check_winrm' iniciada com sucesso
2025-09-13 02:58:44,835 - root - INFO - === WINRM CHECK DEBUG ===
2025-09-13 02:58:44,835 - root - INFO - START: Iniciando process_queue para 'check_winrm'
2025-09-13 02:58:44,836 - root - INFO - Checking WinRM for host: 10.5.5.48
2025-09-13 02:58:44,838 - root - INFO - Username: saude.betim\raphael.rego
2025-09-13 02:58:44,845 - root - INFO - Button widget: .!ctkframe.!hosttabview.!ctkframe.!ctktabview.!ctkframe3.!ctkframe.!ctktabview.!ctkframe3.!remotesessionsframe.!ctkframe.!ctkframe2.!ctkbutton3
2025-09-13 02:58:44,852 - pypsrp.powershell - INFO - Initialising RunspacePool object for configuration Microsoft.PowerShell
2025-09-13 02:58:44,853 - pypsrp.powershell - INFO - Opening a new Runspace Pool on remote host
2025-09-13 02:58:45,046 - pypsrp.powershell - INFO - Initialising PowerShell in remote Runspace Pool
2025-09-13 02:58:45,047 - pypsrp.powershell - INFO - Initialising PowerShell in remote Runspace Pool
2025-09-13 02:58:45,048 - pypsrp.powershell - INFO - Beginning remote Pipeline invocation
2025-09-13 02:58:45,161 - root - INFO - WinRM check script result: {'success': True, 'output': []}
2025-09-13 02:58:45,161 - root - INFO - WinRM check - success: True, output: []
2025-09-13 02:58:45,162 - root - INFO - WinRM check PASSED - connection is working
2025-09-13 02:58:45,166 - pypsrp.powershell - INFO - Closing Runspace Pool
2025-09-13 02:58:45,170 - root - INFO - WinRM check result: True
2025-09-13 02:58:45,171 - root - INFO - Result type: <class 'bool'>
2025-09-13 02:58:45,171 - root - INFO - WinRM check SUCCEEDED - setting button to OK state
2025-09-13 02:58:45,175 - root - INFO - THREAD: 'check_winrm' executado com sucesso
2025-09-13 02:58:45,175 - root - INFO - THREAD: Finalizando 'check_winrm'
2025-09-13 02:58:45,177 - root - INFO - RemoteSessionsFrame recebeu atualização de status: Comando 'None', Rodando: False
2025-09-13 02:58:45,195 - root - INFO - Q_ITEM_CALLBACK recebido - tipo: <class 'tuple'>, conteúdo: (<bound method RemoteActionsController._update_winrm_button_state of <src.ui.components.tool_controllers.remote_actions_controller.RemoteActionsController object at 0x000001E941DA0D70>>, (True, <customtkinter.windows.widgets.ctk_button.CTkButton object .!ctkframe.!hosttabview.!ctkframe.!ctktabview.!ctkframe3.!ctkframe.!ctktabview.!ctkframe3.!remotesessionsframe.!ctkframe.!ctkframe2.!ctkbutton3>), {})
2025-09-13 02:58:45,196 - root - INFO - Agendando callback: <bound method RemoteActionsController._update_winrm_button_state of <src.ui.components.tool_controllers.remote_actions_controller.RemoteActionsController object at 0x000001E941DA0D70>>
2025-09-13 02:58:45,197 - root - INFO - Callback data structure: (<bound method RemoteActionsController._update_winrm_button_state of <src.ui.components.tool_controllers.remote_actions_controller.RemoteActionsController object at 0x000001E941DA0D70>>, (True, <customtkinter.windows.widgets.ctk_button.CTkButton object .!ctkframe.!hosttabview.!ctkframe.!ctktabview.!ctkframe3.!ctkframe.!ctktabview.!ctkframe3.!remotesessionsframe.!ctkframe.!ctkframe2.!ctkbutton3>), {})
2025-09-13 02:58:45,197 - root - INFO - Non-widget callback - scheduling with after_idle
2025-09-13 02:58:45,200 - root - INFO - Callback agendado com sucesso
2025-09-13 02:58:45,201 - root - INFO - Executando callback: <bound method RemoteActionsController._update_winrm_button_state of <src.ui.components.tool_controllers.remote_actions_controller.RemoteActionsController object at 0x000001E941DA0D70>>
2025-09-13 02:58:45,201 - root - INFO - === WINRM BUTTON UPDATE DEBUG ===
2025-09-13 02:58:45,201 - root - INFO - is_ok: True
2025-09-13 02:58:45,202 - root - INFO - button_widget exists: 1
2025-09-13 02:58:45,202 - root - INFO - Configurando botão WinRM para estado OK (verde, desabilitado)
2025-09-13 02:58:45,204 - root - INFO - Callback executado com sucesso: <bound method RemoteActionsController._update_winrm_button_state of <src.ui.components.tool_controllers.remote_actions_controller.RemoteActionsController object at 0x000001E941DA0D70>>
2025-09-13 02:58:54,039 - root - INFO - PerformanceMonitor stopped
2025-09-13 02:58:54,039 - root - INFO - Credential vault locked
2025-09-13 02:58:54,257 - root - INFO - Executando limpeza de recursos...
2025-09-13 02:58:54,257 - root - INFO - Credential vault locked
2025-09-13 02:58:54,259 - root - INFO - Limpeza de recursos concluída
2025-09-13 02:58:54,261 - root - INFO - Aplicação finalizada normalmente
2025-09-13 03:00:39,622 - root - INFO - Iniciando aplicação Ferramentas de Rede v2.0.0
2025-09-13 03:00:41,271 - root - INFO - Criando instância da aplicação...
2025-09-13 03:00:41,538 - root - INFO - PerformanceMonitor initialized
2025-09-13 03:00:41,704 - root - INFO - Initializing HostTabView
2025-09-13 03:00:42,040 - root - INFO - Instância criada com sucesso
2025-09-13 03:00:42,040 - root - INFO - Executando aplicação...
2025-09-13 03:00:42,041 - root - INFO - Sistema de proteção contra loops configurado
2025-09-13 03:00:42,046 - root - INFO - PerformanceMonitor started
2025-09-13 03:00:42,046 - root - INFO - Monitor de performance iniciado
2025-09-13 03:00:42,062 - root - INFO - Watchdog do mainloop iniciado
2025-09-13 03:00:42,063 - root - INFO - Iniciando mainloop com proteção anti-travamento...
2025-09-13 03:00:42,981 - root - INFO - HomeTabManager.update_home_buttons_state chamado:
2025-09-13 03:00:42,981 - root - INFO -   - status_data: None
2025-09-13 03:00:42,981 - root - INFO -   - controller.running_command: None
2025-09-13 03:00:42,981 - root - INFO -   - controller.is_running: False
2025-09-13 03:00:42,981 - root - INFO -   - ping_running: None
2025-09-13 03:00:42,981 - root - INFO -   - traceroute_running: None
2025-09-13 03:00:42,994 - root - INFO - Populating initial host tabs
2025-09-13 03:00:43,005 - root - INFO - Carregamento de dados concluído
2025-09-13 03:00:48,125 - root - INFO - Loading tools for host tab: CMI-10947.saude.betim
2025-09-13 03:00:48,357 - root - INFO - SysInfoController initialized for host: CMI-10947.saude.betim
2025-09-13 03:00:48,417 - root - INFO - Initializing PingFrame for host: CMI-10947.saude.betim
2025-09-13 03:00:50,896 - root - INFO - START: Iniciando 'list_users' para host 'CMI-10947.saude.betim'
2025-09-13 03:00:50,896 - root - INFO - Opening credential dialog for target: 10.5.5.48
2025-09-13 03:00:54,390 - root - INFO - Credential vault does not exist and user hasn't been prompted this session. Showing vault prompt dialog.
2025-09-13 03:00:54,390 - root - INFO - Showing vault creation prompt dialog.
2025-09-13 03:00:56,016 - root - INFO - User chose NOT to create a vault.
2025-09-13 03:00:56,041 - root - INFO - Vault prompt dialog result: False
2025-09-13 03:00:56,041 - root - INFO - Credential dialog confirmed for user: saude.betim\raphael.rego
2025-09-13 03:00:56,091 - root - INFO - RemoteSessionsFrame recebeu atualização de status: Comando 'list_users', Rodando: True
2025-09-13 03:00:56,106 - root - INFO - START: Criando thread para 'list_users'
2025-09-13 03:00:56,107 - root - INFO - THREAD: Executando 'list_users' com args: ('saude.betim\\raphael.rego', '$067076', <bound method RemoteSessionsFrame.update_users_combobox of <src.ui.components.remote_sessions_frame.RemoteSessionsFrame object .!ctkframe.!hosttabview.!ctkframe.!ctktabview.!ctkframe3.!ctkframe.!ctktabview.!ctkframe3.!remotesessionsframe>>)
2025-09-13 03:00:56,107 - root - INFO - START: Thread 'list_users' iniciada com sucesso
2025-09-13 03:00:56,108 - pypsrp.powershell - INFO - Initialising RunspacePool object for configuration Microsoft.PowerShell
2025-09-13 03:00:56,109 - root - INFO - START: Iniciando process_queue para 'list_users'
2025-09-13 03:00:56,109 - pypsrp.powershell - INFO - Opening a new Runspace Pool on remote host
2025-09-13 03:00:56,381 - pypsrp.powershell - INFO - Initialising PowerShell in remote Runspace Pool
2025-09-13 03:00:56,381 - root - INFO - Executing 'list_connected_users_winrm' on 10.5.5.48
2025-09-13 03:00:56,381 - pypsrp.powershell - INFO - Initialising PowerShell in remote Runspace Pool
2025-09-13 03:00:56,382 - pypsrp.powershell - INFO - Beginning remote Pipeline invocation
2025-09-13 03:00:56,719 - root - INFO - === QUSER DEBUG ===
2025-09-13 03:00:56,719 - root - INFO - PowerShell result: {'success': True, 'output': ['{"UserName":"raphael.rego","SessionId":"3","State":"Ativo","SessionName":"rdp-tcp#3"}']}
2025-09-13 03:00:56,719 - root - INFO - Output lines count: 1
2025-09-13 03:00:56,719 - root - INFO - Full PowerShell output: {"UserName":"raphael.rego","SessionId":"3","State":"Ativo","SessionName":"rdp-tcp#3"}
2025-09-13 03:00:56,719 - root - INFO - Parsed single user: {'UserName': 'raphael.rego', 'SessionId': '3', 'State': 'Ativo', 'SessionName': 'rdp-tcp#3'}
2025-09-13 03:00:56,719 - root - INFO - Parsed 1 users from remote command
2025-09-13 03:00:56,720 - pypsrp.powershell - INFO - Closing Runspace Pool
2025-09-13 03:00:56,724 - root - INFO - Enviando callback update_users_combobox com 1 usuários
2025-09-13 03:00:56,724 - root - INFO - THREAD: 'list_users' executado com sucesso
2025-09-13 03:00:56,724 - root - INFO - THREAD: Finalizando 'list_users'
2025-09-13 03:00:56,724 - root - INFO - RemoteSessionsFrame recebeu atualização de status: Comando 'None', Rodando: False
2025-09-13 03:00:56,913 - root - INFO - Q_ITEM_CALLBACK recebido - tipo: <class 'tuple'>, conteúdo: (<bound method RemoteSessionsFrame.update_users_combobox of <src.ui.components.remote_sessions_frame.RemoteSessionsFrame object .!ctkframe.!hosttabview.!ctkframe.!ctktabview.!ctkframe3.!ctkframe.!ctktabview.!ctkframe3.!remotesessionsframe>>, ([{'UserName': 'raphael.rego', 'ID': '3', 'State': 'Ativo', 'SessionName': 'rdp-tcp#3'}],), {})
2025-09-13 03:00:56,913 - root - INFO - Agendando callback: <bound method RemoteSessionsFrame.update_users_combobox of <src.ui.components.remote_sessions_frame.RemoteSessionsFrame object .!ctkframe.!hosttabview.!ctkframe.!ctktabview.!ctkframe3.!ctkframe.!ctktabview.!ctkframe3.!remotesessionsframe>>
2025-09-13 03:00:56,913 - root - INFO - Callback data structure: (<bound method RemoteSessionsFrame.update_users_combobox of <src.ui.components.remote_sessions_frame.RemoteSessionsFrame object .!ctkframe.!hosttabview.!ctkframe.!ctktabview.!ctkframe3.!ctkframe.!ctktabview.!ctkframe3.!remotesessionsframe>>, ([{'UserName': 'raphael.rego', 'ID': '3', 'State': 'Ativo', 'SessionName': 'rdp-tcp#3'}],), {})
2025-09-13 03:00:56,914 - root - INFO - Widget callback - scheduling with after_idle
2025-09-13 03:00:56,914 - root - INFO - Callback agendado com sucesso
2025-09-13 03:00:56,914 - root - INFO - Executando callback: <bound method RemoteSessionsFrame.update_users_combobox of <src.ui.components.remote_sessions_frame.RemoteSessionsFrame object .!ctkframe.!hosttabview.!ctkframe.!ctktabview.!ctkframe3.!ctkframe.!ctktabview.!ctkframe3.!remotesessionsframe>>
2025-09-13 03:00:56,914 - root - INFO - update_users_combobox chamado com 1 usuários
2025-09-13 03:00:56,914 - root - INFO - DEBUG: Processando 1 usuários recebidos
2025-09-13 03:00:56,915 - root - INFO - DEBUG: Usuário 0: {'UserName': 'raphael.rego', 'ID': '3', 'State': 'Ativo', 'SessionName': 'rdp-tcp#3'}
2025-09-13 03:00:56,915 - root - INFO - DEBUG: user_id = '3', tipo: <class 'str'>
2025-09-13 03:00:56,915 - root - INFO - DEBUG: str(user_id).isdigit() = True
2025-09-13 03:00:56,915 - root - INFO - DEBUG: Adicionado à display_list: raphael.rego (ID: 3, Estado: Ativo)
2025-09-13 03:00:56,915 - root - INFO - DEBUG: Configurando combobox com values: ['raphael.rego (ID: 3, Estado: Ativo)']
2025-09-13 03:00:56,915 - root - INFO - DEBUG: Definindo valor selecionado: raphael.rego (ID: 3, Estado: Ativo)
2025-09-13 03:00:56,916 - root - INFO - DEBUG: Valor atual do combobox após set: Clique em 'Listar Usuários' para carregar
2025-09-13 03:00:56,916 - root - INFO - DEBUG: Values do combobox após configure: ['raphael.rego (ID: 3, Estado: Ativo)']
2025-09-13 03:00:56,920 - root - INFO - Combobox atualizada com 1 usuários
2025-09-13 03:00:56,920 - root - INFO - Callback executado com sucesso: <bound method RemoteSessionsFrame.update_users_combobox of <src.ui.components.remote_sessions_frame.RemoteSessionsFrame object .!ctkframe.!hosttabview.!ctkframe.!ctktabview.!ctkframe3.!ctkframe.!ctktabview.!ctkframe3.!remotesessionsframe>>
2025-09-13 03:01:11,208 - root - INFO - Performance Summary - CPU: 0.0%, Memory: 83.1MB, Threads: 27.0, Active Commands: 0, Hanging Commands: 0
2025-09-13 03:01:50,337 - root - INFO - Iniciando aplicação Ferramentas de Rede v2.0.0
2025-09-13 03:01:51,845 - root - INFO - Criando instância da aplicação...
2025-09-13 03:01:52,126 - root - INFO - PerformanceMonitor initialized
2025-09-13 03:01:52,308 - root - INFO - Initializing HostTabView
2025-09-13 03:01:52,616 - root - INFO - Instância criada com sucesso
2025-09-13 03:01:52,616 - root - INFO - Executando aplicação...
2025-09-13 03:01:52,616 - root - INFO - Sistema de proteção contra loops configurado
2025-09-13 03:01:52,623 - root - INFO - PerformanceMonitor started
2025-09-13 03:01:52,624 - root - INFO - Monitor de performance iniciado
2025-09-13 03:01:52,641 - root - INFO - Watchdog do mainloop iniciado
2025-09-13 03:01:52,642 - root - INFO - Iniciando mainloop com proteção anti-travamento...
2025-09-13 03:01:53,333 - root - INFO - HomeTabManager.update_home_buttons_state chamado:
2025-09-13 03:01:53,333 - root - INFO -   - status_data: None
2025-09-13 03:01:53,333 - root - INFO -   - controller.running_command: None
2025-09-13 03:01:53,333 - root - INFO -   - controller.is_running: False
2025-09-13 03:01:53,333 - root - INFO -   - ping_running: None
2025-09-13 03:01:53,333 - root - INFO -   - traceroute_running: None
2025-09-13 03:01:53,343 - root - INFO - Populating initial host tabs
2025-09-13 03:01:53,354 - root - INFO - Carregamento de dados concluído
2025-09-13 03:01:54,820 - root - INFO - Loading tools for host tab: CMI-10947.saude.betim
2025-09-13 03:01:55,042 - root - INFO - SysInfoController initialized for host: CMI-10947.saude.betim
2025-09-13 03:01:55,092 - root - INFO - Initializing PingFrame for host: CMI-10947.saude.betim
2025-09-13 03:01:57,588 - root - INFO - START: Iniciando 'list_users' para host 'CMI-10947.saude.betim'
2025-09-13 03:01:57,589 - root - INFO - Opening credential dialog for target: 10.5.5.48
2025-09-13 03:02:01,646 - root - INFO - Credential vault does not exist and user hasn't been prompted this session. Showing vault prompt dialog.
2025-09-13 03:02:01,646 - root - INFO - Showing vault creation prompt dialog.
2025-09-13 03:02:02,808 - root - INFO - User chose NOT to create a vault.
2025-09-13 03:02:02,835 - root - INFO - Vault prompt dialog result: False
2025-09-13 03:02:02,835 - root - INFO - Credential dialog confirmed for user: saude.betim\raphael.rego
2025-09-13 03:02:02,869 - root - INFO - RemoteSessionsFrame recebeu atualização de status: Comando 'list_users', Rodando: True
2025-09-13 03:02:02,881 - root - INFO - START: Criando thread para 'list_users'
2025-09-13 03:02:02,881 - root - INFO - THREAD: Executando 'list_users' com args: ('saude.betim\\raphael.rego', '$067076', <bound method RemoteSessionsFrame.update_users_combobox of <src.ui.components.remote_sessions_frame.RemoteSessionsFrame object .!ctkframe.!hosttabview.!ctkframe.!ctktabview.!ctkframe3.!ctkframe.!ctktabview.!ctkframe3.!remotesessionsframe>>)
2025-09-13 03:02:02,882 - root - INFO - START: Thread 'list_users' iniciada com sucesso
2025-09-13 03:02:02,883 - pypsrp.powershell - INFO - Initialising RunspacePool object for configuration Microsoft.PowerShell
2025-09-13 03:02:02,883 - root - INFO - START: Iniciando process_queue para 'list_users'
2025-09-13 03:02:02,884 - pypsrp.powershell - INFO - Opening a new Runspace Pool on remote host
2025-09-13 03:02:03,105 - pypsrp.powershell - INFO - Initialising PowerShell in remote Runspace Pool
2025-09-13 03:02:03,105 - root - INFO - Executing 'list_connected_users_winrm' on 10.5.5.48
2025-09-13 03:02:03,105 - pypsrp.powershell - INFO - Initialising PowerShell in remote Runspace Pool
2025-09-13 03:02:03,106 - pypsrp.powershell - INFO - Beginning remote Pipeline invocation
2025-09-13 03:02:03,459 - root - INFO - === QUSER DEBUG ===
2025-09-13 03:02:03,459 - root - INFO - PowerShell result: {'success': True, 'output': ['{"UserName":"raphael.rego","SessionId":"3","State":"Ativo","SessionName":"rdp-tcp#3"}']}
2025-09-13 03:02:03,460 - root - INFO - Output lines count: 1
2025-09-13 03:02:03,460 - root - INFO - Full PowerShell output: {"UserName":"raphael.rego","SessionId":"3","State":"Ativo","SessionName":"rdp-tcp#3"}
2025-09-13 03:02:03,460 - root - INFO - Parsed single user: {'UserName': 'raphael.rego', 'SessionId': '3', 'State': 'Ativo', 'SessionName': 'rdp-tcp#3'}
2025-09-13 03:02:03,460 - root - INFO - Parsed 1 users from remote command
2025-09-13 03:02:03,460 - pypsrp.powershell - INFO - Closing Runspace Pool
2025-09-13 03:02:03,467 - root - INFO - Enviando callback update_users_combobox com 1 usuários
2025-09-13 03:02:03,467 - root - INFO - THREAD: 'list_users' executado com sucesso
2025-09-13 03:02:03,467 - root - INFO - THREAD: Finalizando 'list_users'
2025-09-13 03:02:03,468 - root - INFO - RemoteSessionsFrame recebeu atualização de status: Comando 'None', Rodando: False
2025-09-13 03:02:03,591 - root - INFO - Q_ITEM_CALLBACK recebido - tipo: <class 'tuple'>, conteúdo: (<bound method RemoteSessionsFrame.update_users_combobox of <src.ui.components.remote_sessions_frame.RemoteSessionsFrame object .!ctkframe.!hosttabview.!ctkframe.!ctktabview.!ctkframe3.!ctkframe.!ctktabview.!ctkframe3.!remotesessionsframe>>, ([{'UserName': 'raphael.rego', 'ID': '3', 'State': 'Ativo', 'SessionName': 'rdp-tcp#3'}],), {})
2025-09-13 03:02:03,591 - root - INFO - Agendando callback: <bound method RemoteSessionsFrame.update_users_combobox of <src.ui.components.remote_sessions_frame.RemoteSessionsFrame object .!ctkframe.!hosttabview.!ctkframe.!ctktabview.!ctkframe3.!ctkframe.!ctktabview.!ctkframe3.!remotesessionsframe>>
2025-09-13 03:02:03,591 - root - INFO - Callback data structure: (<bound method RemoteSessionsFrame.update_users_combobox of <src.ui.components.remote_sessions_frame.RemoteSessionsFrame object .!ctkframe.!hosttabview.!ctkframe.!ctktabview.!ctkframe3.!ctkframe.!ctktabview.!ctkframe3.!remotesessionsframe>>, ([{'UserName': 'raphael.rego', 'ID': '3', 'State': 'Ativo', 'SessionName': 'rdp-tcp#3'}],), {})
2025-09-13 03:02:03,591 - root - INFO - Widget callback - scheduling with after_idle
2025-09-13 03:02:03,592 - root - INFO - Callback agendado com sucesso
2025-09-13 03:02:03,592 - root - INFO - Executando callback: <bound method RemoteSessionsFrame.update_users_combobox of <src.ui.components.remote_sessions_frame.RemoteSessionsFrame object .!ctkframe.!hosttabview.!ctkframe.!ctktabview.!ctkframe3.!ctkframe.!ctktabview.!ctkframe3.!remotesessionsframe>>
2025-09-13 03:02:03,592 - root - INFO - update_users_combobox chamado com 1 usuários
2025-09-13 03:02:03,592 - root - INFO - DEBUG: Processando 1 usuários recebidos
2025-09-13 03:02:03,592 - root - INFO - DEBUG: Usuário 0: {'UserName': 'raphael.rego', 'ID': '3', 'State': 'Ativo', 'SessionName': 'rdp-tcp#3'}
2025-09-13 03:02:03,592 - root - INFO - DEBUG: user_id = '3', tipo: <class 'str'>
2025-09-13 03:02:03,592 - root - INFO - DEBUG: str(user_id).isdigit() = True
2025-09-13 03:02:03,592 - root - INFO - DEBUG: Adicionado à display_list: raphael.rego (ID: 3, Estado: Ativo)
2025-09-13 03:02:03,593 - root - INFO - DEBUG: Configurando combobox com values: ['raphael.rego (ID: 3, Estado: Ativo)']
2025-09-13 03:02:03,600 - root - INFO - DEBUG: Definindo valor selecionado: raphael.rego (ID: 3, Estado: Ativo)
2025-09-13 03:02:03,601 - root - INFO - DEBUG: Valor atual do combobox após set: raphael.rego (ID: 3, Estado: Ativo)
2025-09-13 03:02:03,601 - root - INFO - DEBUG: Values do combobox após configure: ['raphael.rego (ID: 3, Estado: Ativo)']
2025-09-13 03:02:03,603 - root - INFO - Combobox atualizada com 1 usuários
2025-09-13 03:02:03,603 - root - INFO - Callback executado com sucesso: <bound method RemoteSessionsFrame.update_users_combobox of <src.ui.components.remote_sessions_frame.RemoteSessionsFrame object .!ctkframe.!hosttabview.!ctkframe.!ctktabview.!ctkframe3.!ctkframe.!ctktabview.!ctkframe3.!remotesessionsframe>>
2025-09-13 03:02:03,714 - root - INFO - DEBUG: Valor final do combobox após delay: raphael.rego (ID: 3, Estado: Ativo)
2025-09-13 03:02:21,792 - root - INFO - Performance Summary - CPU: 0.0%, Memory: 83.4MB, Threads: 27.0, Active Commands: 0, Hanging Commands: 0
2025-09-13 03:02:52,040 - root - INFO - Performance Summary - CPU: 0.0%, Memory: 83.5MB, Threads: 26.4, Active Commands: 0, Hanging Commands: 0
2025-09-13 03:03:19,269 - root - INFO - PerformanceMonitor stopped
2025-09-13 03:03:19,270 - root - INFO - Credential vault locked
2025-09-13 03:03:19,603 - root - INFO - Executando limpeza de recursos...
2025-09-13 03:03:19,604 - root - INFO - Credential vault locked
2025-09-13 03:03:19,605 - root - INFO - Limpeza de recursos concluída
2025-09-13 03:03:19,605 - root - INFO - Aplicação finalizada normalmente
2025-09-13 07:06:04,855 - root - INFO - Iniciando aplicação Ferramentas de Rede v2.0.0
2025-09-13 07:06:07,827 - root - INFO - Criando instância da aplicação...
2025-09-13 07:06:08,239 - root - INFO - PerformanceMonitor initialized
2025-09-13 07:06:08,449 - root - INFO - Initializing HostTabView
2025-09-13 07:06:08,796 - root - INFO - Instância criada com sucesso
2025-09-13 07:06:08,796 - root - INFO - Executando aplicação...
2025-09-13 07:06:08,796 - root - INFO - Sistema de proteção contra loops configurado
2025-09-13 07:06:08,800 - root - INFO - PerformanceMonitor started
2025-09-13 07:06:08,801 - root - INFO - Monitor de performance iniciado
2025-09-13 07:06:08,814 - root - INFO - Watchdog do mainloop iniciado
2025-09-13 07:06:08,815 - root - INFO - Iniciando mainloop com proteção anti-travamento...
2025-09-13 07:06:09,752 - root - INFO - HomeTabManager.update_home_buttons_state chamado:
2025-09-13 07:06:09,752 - root - INFO -   - status_data: None
2025-09-13 07:06:09,752 - root - INFO -   - controller.running_command: None
2025-09-13 07:06:09,753 - root - INFO -   - controller.is_running: False
2025-09-13 07:06:09,753 - root - INFO -   - ping_running: None
2025-09-13 07:06:09,753 - root - INFO -   - traceroute_running: None
2025-09-13 07:06:09,758 - root - INFO - Populating initial host tabs
2025-09-13 07:06:09,767 - root - INFO - Carregamento de dados concluído
2025-09-13 07:06:11,053 - root - INFO - Loading tools for host tab: CMI-10947.saude.betim
2025-09-13 07:06:11,241 - root - INFO - SysInfoController initialized for host: CMI-10947.saude.betim
2025-09-13 07:06:11,315 - root - INFO - Initializing PingFrame for host: CMI-10947.saude.betim
2025-09-13 07:06:18,059 - root - INFO - Initializing SystemToolsFrame for host: CMI-10947.saude.betim
2025-09-13 07:06:18,095 - root - INFO - Initializing SystemInfoPanel
2025-09-13 07:06:18,133 - root - INFO - Received info data for display. Data is None: False, is empty: True, has error: False
2025-09-13 07:06:22,797 - root - INFO - Shutting down host: CMI-10947.saude.betim
2025-09-13 07:06:27,000 - root - INFO - START: Iniciando 'shutdown' para host 'CMI-10947.saude.betim'
2025-09-13 07:06:27,000 - root - INFO - Opening credential dialog for target: 10.5.5.48
2025-09-13 07:06:31,054 - root - INFO - Credential vault does not exist and user hasn't been prompted this session. Showing vault prompt dialog.
2025-09-13 07:06:31,055 - root - INFO - Showing vault creation prompt dialog.
2025-09-13 07:06:32,383 - root - INFO - User chose NOT to create a vault.
2025-09-13 07:06:32,398 - root - INFO - Vault prompt dialog result: False
2025-09-13 07:06:32,399 - root - INFO - Credential dialog confirmed for user: saude.betim\raphael.rego
2025-09-13 07:06:32,416 - root - INFO - START: Criando thread para 'shutdown'
2025-09-13 07:06:32,416 - root - INFO - THREAD: Executando 'shutdown' com args: ('saude.betim\\raphael.rego', '$067076', '/s', 'Ação agendada pelo sistema.', 0)
2025-09-13 07:06:32,416 - root - INFO - START: Thread 'shutdown' iniciada com sucesso
2025-09-13 07:06:32,416 - root - INFO - SHUTDOWN: Executando /s para 10.5.5.48, delay: 0s
2025-09-13 07:06:32,417 - root - INFO - START: Iniciando process_queue para 'shutdown'
2025-09-13 07:06:32,417 - pypsrp.powershell - INFO - Initialising RunspacePool object for configuration Microsoft.PowerShell
2025-09-13 07:06:32,418 - pypsrp.powershell - INFO - Opening a new Runspace Pool on remote host
2025-09-13 07:06:32,811 - pypsrp.powershell - INFO - Initialising PowerShell in remote Runspace Pool
2025-09-13 07:06:32,811 - root - INFO - Executing shutdown command (/s) on 10.5.5.48 with delay 0s
2025-09-13 07:06:32,812 - pypsrp.powershell - INFO - Initialising PowerShell in remote Runspace Pool
2025-09-13 07:06:32,812 - pypsrp.powershell - INFO - Beginning remote Pipeline invocation
2025-09-13 07:06:33,006 - root - INFO - Shutdown command executed successfully on 10.5.5.48
2025-09-13 07:06:33,020 - pypsrp.powershell - INFO - Closing Runspace Pool
2025-09-13 07:06:33,063 - root - INFO - SHUTDOWN: Worker finalizado para 10.5.5.48
2025-09-13 07:06:33,064 - root - INFO - THREAD: 'shutdown' executado com sucesso
2025-09-13 07:06:33,065 - root - INFO - THREAD: Finalizando 'shutdown'
2025-09-13 07:06:37,956 - root - INFO - Performance Summary - CPU: 0.0%, Memory: 84.5MB, Threads: 27.7, Active Commands: 0, Hanging Commands: 0
2025-09-13 07:06:38,958 - root - INFO - PerformanceMonitor stopped
2025-09-13 07:06:38,959 - root - INFO - Credential vault locked
2025-09-13 07:06:39,248 - root - INFO - Executando limpeza de recursos...
2025-09-13 07:06:39,249 - root - INFO - Credential vault locked
2025-09-13 07:06:39,250 - root - INFO - Limpeza de recursos concluída
2025-09-13 07:06:39,250 - root - INFO - Aplicação finalizada normalmente
2025-09-13 23:37:11,821 - root - INFO - Iniciando aplicação Ferramentas de Rede v2.0.0
2025-09-13 23:37:18,789 - root - INFO - Criando instância da aplicação...
2025-09-13 23:37:19,595 - root - INFO - PerformanceMonitor initialized
2025-09-13 23:37:19,853 - root - INFO - Initializing HostTabView
2025-09-13 23:37:20,299 - root - INFO - Instância criada com sucesso
2025-09-13 23:37:20,300 - root - INFO - Executando aplicação...
2025-09-13 23:37:20,300 - root - INFO - Sistema de proteção contra loops configurado
2025-09-13 23:37:20,304 - root - INFO - PerformanceMonitor started
2025-09-13 23:37:20,304 - root - INFO - Monitor de performance iniciado
2025-09-13 23:37:20,317 - root - INFO - Watchdog do mainloop iniciado
2025-09-13 23:37:20,317 - root - INFO - Iniciando mainloop com proteção anti-travamento...
2025-09-13 23:37:21,126 - root - INFO - HomeTabManager.update_home_buttons_state chamado:
2025-09-13 23:37:21,126 - root - INFO -   - status_data: None
2025-09-13 23:37:21,126 - root - INFO -   - controller.running_command: None
2025-09-13 23:37:21,127 - root - INFO -   - controller.is_running: False
2025-09-13 23:37:21,127 - root - INFO -   - ping_running: None
2025-09-13 23:37:21,127 - root - INFO -   - traceroute_running: None
2025-09-13 23:37:21,133 - root - INFO - Populating initial host tabs
2025-09-13 23:37:21,143 - root - INFO - Carregamento de dados concluído
2025-09-13 23:37:22,574 - root - INFO - Loading tools for host tab: CMI-10947.saude.betim
2025-09-13 23:37:22,742 - root - INFO - SysInfoController initialized for host: CMI-10947.saude.betim
2025-09-13 23:37:22,809 - root - INFO - Initializing PingFrame for host: CMI-10947.saude.betim
2025-09-13 23:37:23,832 - root - INFO - PingFrame.toggle_ping chamado:
2025-09-13 23:37:23,832 - root - INFO -   - running_cmd: None
2025-09-13 23:37:23,833 - root - INFO -   - is_running: False
2025-09-13 23:37:23,833 - root - INFO - Iniciando comando ping para CMI-10947.saude.betim com packet size: 
2025-09-13 23:37:23,833 - root - INFO - START: Iniciando 'ping' para host 'CMI-10947.saude.betim'
2025-09-13 23:37:23,840 - root - INFO - START: Criando thread para 'ping'
2025-09-13 23:37:23,840 - root - INFO - THREAD: Executando 'ping' com args: (32,)
2025-09-13 23:37:23,840 - root - INFO - START: Thread 'ping' iniciada com sucesso
2025-09-13 23:37:23,840 - root - INFO - PING: Iniciando ping para 10.5.5.48, packet_size: 32
2025-09-13 23:37:23,841 - root - INFO - START: Iniciando process_queue para 'ping'
2025-09-13 23:37:24,687 - root - INFO - PingFrame.toggle_ping chamado:
2025-09-13 23:37:24,687 - root - INFO -   - running_cmd: ping
2025-09-13 23:37:24,687 - root - INFO -   - is_running: True
2025-09-13 23:37:24,688 - root - INFO - STOP: Parando comando 'ping' (is_running=True)
2025-09-13 23:37:24,690 - root - INFO - PING: Finalizando worker para 10.5.5.48
2025-09-13 23:37:24,791 - root - INFO - PING: Worker finalizado para 10.5.5.48
2025-09-13 23:37:24,791 - root - INFO - THREAD: 'ping' executado com sucesso
2025-09-13 23:37:24,792 - root - INFO - THREAD: Finalizando 'ping'
2025-09-13 23:37:24,859 - root - INFO - STOP: Comando 'ping' parado - Estado limpo
2025-09-13 23:37:25,059 - root - INFO - Parando comando ping
2025-09-13 23:37:27,279 - root - INFO - START: Iniciando 'list_users' para host 'CMI-10947.saude.betim'
2025-09-13 23:37:27,280 - root - INFO - Opening credential dialog for target: 10.5.5.48
2025-09-13 23:37:31,503 - root - INFO - Credential vault does not exist and user hasn't been prompted this session. Showing vault prompt dialog.
2025-09-13 23:37:31,503 - root - INFO - Showing vault creation prompt dialog.
2025-09-13 23:37:32,858 - root - INFO - User chose NOT to create a vault.
2025-09-13 23:37:32,877 - root - INFO - Vault prompt dialog result: False
2025-09-13 23:37:32,877 - root - INFO - Credential dialog confirmed for user: saude.betim\raphael.rego
2025-09-13 23:37:32,917 - root - INFO - RemoteSessionsFrame recebeu atualização de status: Comando 'list_users', Rodando: True
2025-09-13 23:37:32,925 - root - INFO - START: Criando thread para 'list_users'
2025-09-13 23:37:32,926 - root - INFO - THREAD: Executando 'list_users' com args: ('saude.betim\\raphael.rego', '$067076', <bound method RemoteSessionsFrame.update_users_combobox of <src.ui.components.remote_sessions_frame.RemoteSessionsFrame object .!ctkframe.!hosttabview.!ctkframe.!ctktabview.!ctkframe3.!ctkframe.!ctktabview.!ctkframe3.!remotesessionsframe>>)
2025-09-13 23:37:32,926 - root - INFO - START: Thread 'list_users' iniciada com sucesso
2025-09-13 23:37:32,927 - pypsrp.powershell - INFO - Initialising RunspacePool object for configuration Microsoft.PowerShell
2025-09-13 23:37:32,977 - root - INFO - START: Iniciando process_queue para 'list_users'
2025-09-13 23:37:32,979 - pypsrp.powershell - INFO - Opening a new Runspace Pool on remote host
2025-09-13 23:37:33,507 - pypsrp.powershell - INFO - Initialising PowerShell in remote Runspace Pool
2025-09-13 23:37:33,508 - root - INFO - Executing 'list_connected_users_winrm' on 10.5.5.48
2025-09-13 23:37:33,509 - pypsrp.powershell - INFO - Initialising PowerShell in remote Runspace Pool
2025-09-13 23:37:33,512 - pypsrp.powershell - INFO - Beginning remote Pipeline invocation
2025-09-13 23:37:34,140 - root - INFO - === QUSER DEBUG ===
2025-09-13 23:37:34,140 - root - INFO - PowerShell result: {'success': True, 'output': []}
2025-09-13 23:37:34,144 - root - INFO - Output lines count: 0
2025-09-13 23:37:34,144 - root - INFO - Full PowerShell output: 
2025-09-13 23:37:34,145 - root - INFO - Parsed 0 users from remote command
2025-09-13 23:37:34,145 - pypsrp.powershell - INFO - Closing Runspace Pool
2025-09-13 23:37:34,151 - root - INFO - Enviando callback update_users_combobox com 0 usuários
2025-09-13 23:37:34,151 - root - INFO - THREAD: 'list_users' executado com sucesso
2025-09-13 23:37:34,152 - root - INFO - THREAD: Finalizando 'list_users'
2025-09-13 23:37:34,155 - root - INFO - RemoteSessionsFrame recebeu atualização de status: Comando 'None', Rodando: False
2025-09-13 23:37:34,473 - root - INFO - Q_ITEM_CALLBACK recebido - tipo: <class 'tuple'>, conteúdo: (<bound method RemoteSessionsFrame.update_users_combobox of <src.ui.components.remote_sessions_frame.RemoteSessionsFrame object .!ctkframe.!hosttabview.!ctkframe.!ctktabview.!ctkframe3.!ctkframe.!ctktabview.!ctkframe3.!remotesessionsframe>>, ([],), {})
2025-09-13 23:37:34,474 - root - INFO - Agendando callback: <bound method RemoteSessionsFrame.update_users_combobox of <src.ui.components.remote_sessions_frame.RemoteSessionsFrame object .!ctkframe.!hosttabview.!ctkframe.!ctktabview.!ctkframe3.!ctkframe.!ctktabview.!ctkframe3.!remotesessionsframe>>
2025-09-13 23:37:34,476 - root - INFO - Callback data structure: (<bound method RemoteSessionsFrame.update_users_combobox of <src.ui.components.remote_sessions_frame.RemoteSessionsFrame object .!ctkframe.!hosttabview.!ctkframe.!ctktabview.!ctkframe3.!ctkframe.!ctktabview.!ctkframe3.!remotesessionsframe>>, ([],), {})
2025-09-13 23:37:34,477 - root - INFO - Widget callback - scheduling with after_idle
2025-09-13 23:37:34,480 - root - INFO - Callback agendado com sucesso
2025-09-13 23:37:34,480 - root - INFO - Executando callback: <bound method RemoteSessionsFrame.update_users_combobox of <src.ui.components.remote_sessions_frame.RemoteSessionsFrame object .!ctkframe.!hosttabview.!ctkframe.!ctktabview.!ctkframe3.!ctkframe.!ctktabview.!ctkframe3.!remotesessionsframe>>
2025-09-13 23:37:34,481 - root - INFO - update_users_combobox chamado com 0 usuários
2025-09-13 23:37:34,486 - root - INFO - Combobox atualizada - nenhum usuário encontrado
2025-09-13 23:37:34,486 - root - INFO - Callback executado com sucesso: <bound method RemoteSessionsFrame.update_users_combobox of <src.ui.components.remote_sessions_frame.RemoteSessionsFrame object .!ctkframe.!hosttabview.!ctkframe.!ctktabview.!ctkframe3.!ctkframe.!ctktabview.!ctkframe3.!remotesessionsframe>>
2025-09-13 23:37:38,553 - root - INFO - START: Iniciando 'check_rdp' para host 'CMI-10947.saude.betim'
2025-09-13 23:37:38,553 - root - INFO - RemoteSessionsFrame recebeu atualização de status: Comando 'check_rdp', Rodando: True
2025-09-13 23:37:38,556 - root - INFO - START: Criando thread para 'check_rdp'
2025-09-13 23:37:38,559 - root - INFO - THREAD: Executando 'check_rdp' com args: ()
2025-09-13 23:37:38,559 - root - INFO - START: Thread 'check_rdp' iniciada com sucesso
2025-09-13 23:37:38,559 - root - INFO - RDP: Iniciando conexão para 10.5.5.48
2025-09-13 23:37:38,560 - root - INFO - START: Iniciando process_queue para 'check_rdp'
2025-09-13 23:37:38,589 - root - INFO - RDP: Conexão iniciada com sucesso para 10.5.5.48
2025-09-13 23:37:38,590 - root - INFO - RDP: Worker finalizado para 10.5.5.48
2025-09-13 23:37:38,591 - root - INFO - THREAD: 'check_rdp' executado com sucesso
2025-09-13 23:37:38,594 - root - INFO - THREAD: Finalizando 'check_rdp'
2025-09-13 23:37:38,594 - root - INFO - RemoteSessionsFrame recebeu atualização de status: Comando 'None', Rodando: False
2025-09-13 23:37:49,454 - root - INFO - Performance Summary - CPU: 0.0%, Memory: 82.4MB, Threads: 28.0, Active Commands: 0, Hanging Commands: 0
2025-09-13 23:38:19,624 - root - INFO - Performance Summary - CPU: 0.0%, Memory: 82.4MB, Threads: 25.3, Active Commands: 0, Hanging Commands: 0
2025-09-13 23:38:49,777 - root - INFO - Performance Summary - CPU: 0.0%, Memory: 82.4MB, Threads: 25.0, Active Commands: 0, Hanging Commands: 0
2025-09-13 23:39:17,090 - root - INFO - START: Iniciando 'check_winrm' para host 'CMI-10947.saude.betim'
2025-09-13 23:39:17,092 - root - INFO - Opening credential dialog for target: 10.5.5.48
2025-09-13 23:39:22,271 - root - INFO - Credential dialog confirmed for user: saude.betim\raphael.rego
2025-09-13 23:39:22,306 - root - INFO - RemoteSessionsFrame recebeu atualização de status: Comando 'check_winrm', Rodando: True
2025-09-13 23:39:22,309 - root - INFO - START: Criando thread para 'check_winrm'
2025-09-13 23:39:22,314 - root - INFO - THREAD: Executando 'check_winrm' com args: ('saude.betim\\raphael.rego', '$067076', <customtkinter.windows.widgets.ctk_button.CTkButton object .!ctkframe.!hosttabview.!ctkframe.!ctktabview.!ctkframe3.!ctkframe.!ctktabview.!ctkframe3.!remotesessionsframe.!ctkframe.!ctkframe2.!ctkbutton3>)
2025-09-13 23:39:22,314 - root - INFO - START: Thread 'check_winrm' iniciada com sucesso
2025-09-13 23:39:22,315 - root - INFO - === WINRM CHECK DEBUG ===
2025-09-13 23:39:22,320 - root - INFO - START: Iniciando process_queue para 'check_winrm'
2025-09-13 23:39:22,327 - root - INFO - Checking WinRM for host: 10.5.5.48
2025-09-13 23:39:22,328 - root - INFO - Username: saude.betim\raphael.rego
2025-09-13 23:39:22,329 - root - INFO - Button widget: .!ctkframe.!hosttabview.!ctkframe.!ctktabview.!ctkframe3.!ctkframe.!ctktabview.!ctkframe3.!remotesessionsframe.!ctkframe.!ctkframe2.!ctkbutton3
2025-09-13 23:39:22,341 - pypsrp.powershell - INFO - Initialising RunspacePool object for configuration Microsoft.PowerShell
2025-09-13 23:39:22,341 - pypsrp.powershell - INFO - Opening a new Runspace Pool on remote host
2025-09-13 23:39:22,582 - pypsrp.powershell - INFO - Initialising PowerShell in remote Runspace Pool
2025-09-13 23:39:22,583 - pypsrp.powershell - INFO - Initialising PowerShell in remote Runspace Pool
2025-09-13 23:39:22,584 - pypsrp.powershell - INFO - Beginning remote Pipeline invocation
2025-09-13 23:39:22,709 - root - INFO - WinRM check script result: {'success': True, 'output': []}
2025-09-13 23:39:22,710 - root - INFO - WinRM check - success: True, output: []
2025-09-13 23:39:22,711 - root - INFO - WinRM check PASSED - connection is working
2025-09-13 23:39:22,714 - pypsrp.powershell - INFO - Closing Runspace Pool
2025-09-13 23:39:22,721 - root - INFO - WinRM check result: True
2025-09-13 23:39:22,721 - root - INFO - Result type: <class 'bool'>
2025-09-13 23:39:22,723 - root - INFO - WinRM check SUCCEEDED - setting button to OK state
2025-09-13 23:39:22,740 - root - INFO - THREAD: 'check_winrm' executado com sucesso
2025-09-13 23:39:22,740 - root - INFO - THREAD: Finalizando 'check_winrm'
2025-09-13 23:39:22,748 - root - INFO - RemoteSessionsFrame recebeu atualização de status: Comando 'None', Rodando: False
2025-09-13 23:39:22,782 - root - INFO - Q_ITEM_CALLBACK recebido - tipo: <class 'tuple'>, conteúdo: (<bound method RemoteActionsController._update_winrm_button_state of <src.ui.components.tool_controllers.remote_actions_controller.RemoteActionsController object at 0x000002314AC70D70>>, (True, <customtkinter.windows.widgets.ctk_button.CTkButton object .!ctkframe.!hosttabview.!ctkframe.!ctktabview.!ctkframe3.!ctkframe.!ctktabview.!ctkframe3.!remotesessionsframe.!ctkframe.!ctkframe2.!ctkbutton3>), {})
2025-09-13 23:39:22,783 - root - INFO - Agendando callback: <bound method RemoteActionsController._update_winrm_button_state of <src.ui.components.tool_controllers.remote_actions_controller.RemoteActionsController object at 0x000002314AC70D70>>
2025-09-13 23:39:22,784 - root - INFO - Callback data structure: (<bound method RemoteActionsController._update_winrm_button_state of <src.ui.components.tool_controllers.remote_actions_controller.RemoteActionsController object at 0x000002314AC70D70>>, (True, <customtkinter.windows.widgets.ctk_button.CTkButton object .!ctkframe.!hosttabview.!ctkframe.!ctktabview.!ctkframe3.!ctkframe.!ctktabview.!ctkframe3.!remotesessionsframe.!ctkframe.!ctkframe2.!ctkbutton3>), {})
2025-09-13 23:39:22,789 - root - INFO - Non-widget callback - scheduling with after_idle
2025-09-13 23:39:22,789 - root - INFO - Callback agendado com sucesso
2025-09-13 23:39:22,792 - root - INFO - Executando callback: <bound method RemoteActionsController._update_winrm_button_state of <src.ui.components.tool_controllers.remote_actions_controller.RemoteActionsController object at 0x000002314AC70D70>>
2025-09-13 23:39:22,792 - root - INFO - === WINRM BUTTON UPDATE DEBUG ===
2025-09-13 23:39:22,792 - root - INFO - is_ok: True
2025-09-13 23:39:22,794 - root - INFO - button_widget exists: 1
2025-09-13 23:39:22,796 - root - INFO - Configurando botão WinRM para estado OK (verde, desabilitado)
2025-09-13 23:39:22,799 - root - INFO - Callback executado com sucesso: <bound method RemoteActionsController._update_winrm_button_state of <src.ui.components.tool_controllers.remote_actions_controller.RemoteActionsController object at 0x000002314AC70D70>>
2025-09-13 23:39:25,921 - root - INFO - START: Iniciando 'get_tv_id' para host 'CMI-10947.saude.betim'
2025-09-13 23:39:25,921 - root - INFO - Opening credential dialog for target: 10.5.5.48
2025-09-13 23:39:29,247 - root - INFO - Credential dialog confirmed for user: saude.betim\raphael.rego
2025-09-13 23:39:29,273 - root - INFO - RemoteSessionsFrame recebeu atualização de status: Comando 'get_tv_id', Rodando: True
2025-09-13 23:39:29,274 - root - INFO - START: Criando thread para 'get_tv_id'
2025-09-13 23:39:29,278 - root - INFO - THREAD: Executando 'get_tv_id' com args: ('saude.betim\\raphael.rego', '$067076', <src.ui.components.info_widgets.HostInfoDisplay object .!ctkframe.!hosttabview.!ctkframe.!ctktabview.!ctkframe3.!hostinfodisplay>, <bound method RemoteSessionsFrame.update_tv_button_state of <src.ui.components.remote_sessions_frame.RemoteSessionsFrame object .!ctkframe.!hosttabview.!ctkframe.!ctktabview.!ctkframe3.!ctkframe.!ctktabview.!ctkframe3.!remotesessionsframe>>)
2025-09-13 23:39:29,278 - root - INFO - START: Thread 'get_tv_id' iniciada com sucesso
2025-09-13 23:39:29,278 - root - INFO - TEAMVIEWER: Obtendo ID do TeamViewer para 10.5.5.48
2025-09-13 23:39:29,279 - root - INFO - START: Iniciando process_queue para 'get_tv_id'
2025-09-13 23:39:29,280 - pypsrp.powershell - INFO - Initialising RunspacePool object for configuration Microsoft.PowerShell
2025-09-13 23:39:29,281 - pypsrp.powershell - INFO - Opening a new Runspace Pool on remote host
2025-09-13 23:39:29,473 - pypsrp.powershell - INFO - Initialising PowerShell in remote Runspace Pool
2025-09-13 23:39:29,473 - root - INFO - Executing 'get_teamviewer_id' on 10.5.5.48
2025-09-13 23:39:29,475 - pypsrp.powershell - INFO - Initialising PowerShell in remote Runspace Pool
2025-09-13 23:39:29,478 - pypsrp.powershell - INFO - Beginning remote Pipeline invocation
2025-09-13 23:39:29,644 - root - INFO - TeamViewer ID found for 10.5.5.48: 1857764059
2025-09-13 23:39:29,651 - pypsrp.powershell - INFO - Closing Runspace Pool
2025-09-13 23:39:29,655 - root - INFO - TEAMVIEWER: Finalizando - ID encontrado: 1857764059, connection_failed: False
2025-09-13 23:39:29,658 - root - INFO - TEAMVIEWER: Worker finalizado para 10.5.5.48
2025-09-13 23:39:29,658 - root - INFO - THREAD: 'get_tv_id' executado com sucesso
2025-09-13 23:39:29,659 - root - INFO - THREAD: Finalizando 'get_tv_id'
2025-09-13 23:39:29,660 - root - INFO - RemoteSessionsFrame recebeu atualização de status: Comando 'None', Rodando: False
2025-09-13 23:39:37,778 - root - INFO - Initializing SystemToolsFrame for host: CMI-10947.saude.betim
2025-09-13 23:39:37,828 - root - INFO - Initializing SystemInfoPanel
2025-09-13 23:39:37,881 - root - INFO - Received info data for display. Data is None: False, is empty: True, has error: False
2025-09-13 23:39:38,671 - root - INFO - Getting system info for host: CMI-10947.saude.betim
2025-09-13 23:39:38,672 - root - INFO - Received info data for display. Data is None: True, is empty: True, has error: False
2025-09-13 23:39:38,675 - root - INFO - Starting system info fetching for host: CMI-10947.saude.betim
2025-09-13 23:39:38,676 - root - INFO - START: Iniciando 'get_sysinfo' para host 'CMI-10947.saude.betim'
2025-09-13 23:39:38,676 - root - INFO - Opening credential dialog for target: 10.5.5.48
2025-09-13 23:39:38,678 - root - INFO - Received info data for display. Data is None: True, is empty: True, has error: False
2025-09-13 23:39:44,383 - root - INFO - Credential dialog confirmed for user: saude.betim\raphael.rego
2025-09-13 23:39:44,420 - root - INFO - START: Criando thread para 'get_sysinfo'
2025-09-13 23:39:44,422 - root - INFO - THREAD: Executando 'get_sysinfo' com args: ('saude.betim\\raphael.rego', '$067076', <function SysInfoController.get_sysinfo.<locals>.callback_update_general at 0x000002314FE6F880>, <function SysInfoController.get_sysinfo.<locals>.callback_update_disks at 0x000002314FE6F7E0>)
2025-09-13 23:39:44,423 - root - INFO - START: Thread 'get_sysinfo' iniciada com sucesso
2025-09-13 23:39:44,423 - root - INFO - SYSINFO: Buscando informações do sistema para 10.5.5.48
2025-09-13 23:39:44,425 - root - INFO - START: Iniciando process_queue para 'get_sysinfo'
2025-09-13 23:39:44,427 - pypsrp.powershell - INFO - Initialising RunspacePool object for configuration Microsoft.PowerShell
2025-09-13 23:39:44,428 - pypsrp.powershell - INFO - Opening a new Runspace Pool on remote host
2025-09-13 23:39:44,602 - pypsrp.powershell - INFO - Initialising PowerShell in remote Runspace Pool
2025-09-13 23:39:44,603 - root - INFO - SYSINFO: Iniciando tarefa 'OS'...
2025-09-13 23:39:44,604 - pypsrp.powershell - INFO - Initialising PowerShell in remote Runspace Pool
2025-09-13 23:39:44,608 - pypsrp.powershell - INFO - Beginning remote Pipeline invocation
2025-09-13 23:39:45,184 - root - INFO - SYSINFO: Tarefa 'OS' retornou: {'OS': 'Microsoft Windows 10 Pro', 'OS_Version': '10.0.19045', 'OS_InstallDate': '/Date(1736211838000)/'}
2025-09-13 23:39:45,186 - root - INFO - SYSINFO: Tipo do resultado para 'OS': <class 'dict'>
2025-09-13 23:39:45,187 - root - INFO - SYSINFO: Dados atualizados com resultado de 'OS' (dict)
2025-09-13 23:39:45,190 - root - INFO - SYSINFO: Iniciando tarefa 'CPU'...
2025-09-13 23:39:45,190 - pypsrp.powershell - INFO - Initialising PowerShell in remote Runspace Pool
2025-09-13 23:39:45,191 - pypsrp.powershell - INFO - Beginning remote Pipeline invocation
2025-09-13 23:39:46,450 - root - INFO - SYSINFO: Tarefa 'CPU' retornou: Intel(R) Core(TM) i5-6500 CPU @ 3.20GHz
2025-09-13 23:39:46,450 - root - INFO - SYSINFO: Tipo do resultado para 'CPU': <class 'str'>
2025-09-13 23:39:46,453 - root - INFO - SYSINFO: Dados atualizados com resultado de 'CPU' (direto): Intel(R) Core(TM) i5-6500 CPU @ 3.20GHz
2025-09-13 23:39:46,455 - root - INFO - SYSINFO: Iniciando tarefa 'RAM_GB'...
2025-09-13 23:39:46,456 - pypsrp.powershell - INFO - Initialising PowerShell in remote Runspace Pool
2025-09-13 23:39:46,456 - pypsrp.powershell - INFO - Beginning remote Pipeline invocation
2025-09-13 23:39:46,501 - root - INFO - SYSINFO: Tarefa 'RAM_GB' retornou: 8
2025-09-13 23:39:46,502 - root - INFO - SYSINFO: Tipo do resultado para 'RAM_GB': <class 'int'>
2025-09-13 23:39:46,504 - root - INFO - SYSINFO: Dados atualizados com resultado de 'RAM_GB' (direto): 8
2025-09-13 23:39:46,508 - root - INFO - SYSINFO: Iniciando tarefa 'Disks'...
2025-09-13 23:39:46,509 - root - INFO - DISKS: Executando get_disks_info em 10.5.5.48
2025-09-13 23:39:46,509 - root - INFO - DISKS: Script PowerShell: Get-CimInstance -ClassName Win32_LogicalDisk -Filter "DriveType=3" | Select-Object DeviceID, VolumeName, @{N="Total_GB";E={[Math]::Round($_.Size / 1GB, 2)}}, @{N="Free_GB";E={[Math]::Round($_.FreeSpace / 1GB, 2)}} | ConvertTo-Json -Compress
2025-09-13 23:39:46,510 - pypsrp.powershell - INFO - Initialising PowerShell in remote Runspace Pool
2025-09-13 23:39:46,511 - pypsrp.powershell - INFO - Beginning remote Pipeline invocation
2025-09-13 23:39:46,561 - root - INFO - DISKS: Dados retornados do PowerShell: {'DeviceID': 'C:', 'VolumeName': '', 'Total_GB': 237.88, 'Free_GB': 73.54}
2025-09-13 23:39:46,562 - root - INFO - DISKS: Tipo dos dados: <class 'dict'>
2025-09-13 23:39:46,563 - root - INFO - DISKS: Dados em formato de dicionário, convertendo para lista
2025-09-13 23:39:46,571 - root - INFO - SYSINFO: Tarefa 'Disks' retornou: [{'DeviceID': 'C:', 'VolumeName': '', 'Total_GB': 237.88, 'Free_GB': 73.54}]
2025-09-13 23:39:46,572 - root - INFO - SYSINFO: Tipo do resultado para 'Disks': <class 'list'>
2025-09-13 23:39:46,575 - root - INFO - SYSINFO: Dados atualizados com resultado de 'Disks' (direto): [{'DeviceID': 'C:', 'VolumeName': '', 'Total_GB': 237.88, 'Free_GB': 73.54}]
2025-09-13 23:39:46,575 - root - INFO - SYSINFO: Iniciando tarefa 'LastBootUpTime'...
2025-09-13 23:39:46,576 - pypsrp.powershell - INFO - Initialising PowerShell in remote Runspace Pool
2025-09-13 23:39:46,577 - pypsrp.powershell - INFO - Beginning remote Pipeline invocation
2025-09-13 23:39:46,624 - root - INFO - SYSINFO: Tarefa 'LastBootUpTime' retornou: 2025-09-13T18:46:54.5000000-03:00
2025-09-13 23:39:46,625 - root - INFO - SYSINFO: Tipo do resultado para 'LastBootUpTime': <class 'str'>
2025-09-13 23:39:46,628 - root - INFO - SYSINFO: Dados atualizados com resultado de 'LastBootUpTime' (direto): 2025-09-13T18:46:54.5000000-03:00
2025-09-13 23:39:46,628 - root - INFO - SYSINFO: Iniciando tarefa 'SubnetMask'...
2025-09-13 23:39:46,629 - pypsrp.powershell - INFO - Initialising PowerShell in remote Runspace Pool
2025-09-13 23:39:46,629 - pypsrp.powershell - INFO - Beginning remote Pipeline invocation
2025-09-13 23:39:46,676 - root - INFO - SYSINFO: Tarefa 'SubnetMask' retornou: 255.255.252.0
2025-09-13 23:39:46,680 - root - INFO - SYSINFO: Tipo do resultado para 'SubnetMask': <class 'str'>
2025-09-13 23:39:46,682 - root - INFO - SYSINFO: Dados atualizados com resultado de 'SubnetMask' (direto): 255.255.252.0
2025-09-13 23:39:46,683 - root - INFO - SYSINFO: Dados finais agregados para 10.5.5.48: {'OS': 'Microsoft Windows 10 Pro', 'OS_Version': '10.0.19045', 'OS_InstallDate': '/Date(1736211838000)/', 'CPU': 'Intel(R) Core(TM) i5-6500 CPU @ 3.20GHz', 'RAM_GB': 8, 'Disks': [{'DeviceID': 'C:', 'VolumeName': '', 'Total_GB': 237.88, 'Free_GB': 73.54}], 'LastBootUpTime': '2025-09-13T18:46:54.5000000-03:00', 'SubnetMask': '255.255.252.0'}
2025-09-13 23:39:46,686 - root - INFO - SYSINFO: Discos nos dados finais: [{'DeviceID': 'C:', 'VolumeName': '', 'Total_GB': 237.88, 'Free_GB': 73.54}]
2025-09-13 23:39:46,686 - pypsrp.powershell - INFO - Closing Runspace Pool
2025-09-13 23:39:46,691 - root - INFO - SYSINFO: Dados processados com sucesso para 10.5.5.48
2025-09-13 23:39:46,692 - root - INFO - SYSINFO: Worker finalizado para 10.5.5.48
2025-09-13 23:39:46,692 - root - INFO - Received info data for display. Data is None: False, is empty: False, has error: False
2025-09-13 23:39:46,694 - root - INFO - THREAD: 'get_sysinfo' executado com sucesso
2025-09-13 23:39:46,696 - root - INFO - THREAD: Finalizando 'get_sysinfo'
2025-09-13 23:39:55,047 - root - INFO - START: Iniciando 'get_services' para host 'CMI-10947.saude.betim'
2025-09-13 23:39:55,048 - root - INFO - Opening credential dialog for target: 10.5.5.48
2025-09-13 23:39:58,887 - root - INFO - Credential dialog confirmed for user: saude.betim\raphael.rego
2025-09-13 23:39:58,915 - root - INFO - START: Criando thread para 'get_services'
2025-09-13 23:39:58,920 - root - INFO - THREAD: Executando 'get_services' com args: ('saude.betim\\raphael.rego', '$067076', <bound method ServicesFrame.process_remote_data of <src.ui.components.services_frame.ServicesFrame object .!ctkframe.!hosttabview.!ctkframe.!ctktabview.!ctkframe3.!ctkframe.!ctktabview.!ctkframe5.!servicesframe>>)
2025-09-13 23:39:58,920 - root - INFO - START: Thread 'get_services' iniciada com sucesso
2025-09-13 23:39:58,921 - pypsrp.powershell - INFO - Initialising RunspacePool object for configuration Microsoft.PowerShell
2025-09-13 23:39:58,929 - root - INFO - START: Iniciando process_queue para 'get_services'
2025-09-13 23:39:58,931 - pypsrp.powershell - INFO - Opening a new Runspace Pool on remote host
2025-09-13 23:39:59,142 - pypsrp.powershell - INFO - Initialising PowerShell in remote Runspace Pool
2025-09-13 23:39:59,142 - pypsrp.powershell - INFO - Initialising PowerShell in remote Runspace Pool
2025-09-13 23:39:59,143 - pypsrp.powershell - INFO - Beginning remote Pipeline invocation
2025-09-13 23:39:59,407 - pypsrp.powershell - INFO - Closing Runspace Pool
2025-09-13 23:39:59,411 - root - INFO - THREAD: 'get_services' executado com sucesso
2025-09-13 23:39:59,412 - root - INFO - THREAD: Finalizando 'get_services'
2025-09-13 23:39:59,440 - root - INFO - Q_ITEM_CALLBACK recebido - tipo: <class 'tuple'>, conteúdo: (<bound method ServicesFrame.process_remote_data of <src.ui.components.services_frame.ServicesFrame object .!ctkframe.!hosttabview.!ctkframe.!ctktabview.!ctkframe3.!ctkframe.!ctktabview.!ctkframe5.!servicesframe>>, ([{'Name': 'AarSvc_74a110', 'DisplayName': 'Agent Activation Runtime_74a110', 'Status': 1, 'StartType': 3}, {'Name': 'AJRouter', 'DisplayName': 'Serviço de Roteador AllJoyn', 'Status': 1, 'StartType': 3}, {'Name': 'ALG', 'DisplayName': 'Serviço Gateway de Camada de Aplicativo', 'Status': 1, 'StartType': 3}, {'Name': 'AppHostSvc', 'DisplayName': 'Serviço Auxiliar de Host do Aplicativo', 'Status': 4, 'StartType': 2}, {'Name': 'AppIDSvc', 'DisplayName': 'Identidade do Aplicativo', 'Status': 1, 'StartType': 3}, {'Name': 'Appinfo', 'DisplayName': 'Informações sobre Aplicativos', 'Status': 1, 'StartType': 3}, {'Name': 'AppMgmt', 'DisplayName': 'Gerenciamento de aplicativo', 'Status': 1, 'StartType': 3}, {'Name': 'AppReadiness', 'DisplayName': 'Preparação de Aplicativos', 'Status': 1, 'StartType': 3}, {'Name': 'AppVClient', 'DisplayName': 'Microsoft App-V Client', 'Status': 1, 'StartType': 4}, {'Name': 'AppXSvc', 'DisplayName': 'Serviço de Implantação AppX (AppXSVC)', 'Status': 4, 'StartType': 3}, {'Name': 'aspnet_state', 'DisplayName': 'ASP.NET State Service', 'Status': 1, 'StartType': 3}, {'Name': 'AssignedAccessManagerSvc', 'DisplayName': 'Serviço AssignedAccessManager', 'Status': 1, 'StartType': 3}, {'Name': 'AudioEndpointBuilder', 'DisplayName': 'Construtor de Pontos de Extremidade de Áudio do Windows', 'Status': 4, 'StartType': 2}, {'Name': 'Audiosrv', 'DisplayName': 'Áudio do Windows', 'Status': 4, 'StartType': 2}, {'Name': 'autotimesvc', 'DisplayName': 'Hora da Rede Celular', 'Status': 1, 'StartType': 3}, {'Name': 'AVP.KES.12.10', 'DisplayName': 'Kaspersky Endpoint Security service (KES.12.10)', 'Status': 4, 'StartType': 2}, {'Name': 'avpsus.KES.12.10', 'DisplayName': 'Kaspersky Seamless Update Service (KES.12.10)', 'Status': 4, 'StartType': 2}, {'Name': 'AxInstSV', 'DisplayName': 'Instalador do ActiveX (AxInstSV)', 'Status': 1, 'StartType': 3}, {'Name': 'BcastDVRUserService_74a110', 'DisplayName': 'Serviço de Usuário do GameDVR e Transmissão_74a110', 'Status': 1, 'StartType': 3}, {'Name': 'BDESVC', 'DisplayName': 'Serviço de Criptografia de Unidade de Disco BitLocker', 'Status': 1, 'StartType': 3}, {'Name': 'BFE', 'DisplayName': 'Mecanismo de Filtragem Básica', 'Status': 4, 'StartType': 2}, {'Name': 'BITS', 'DisplayName': 'Serviço de Transferência Inteligente em Segundo Plano', 'Status': 1, 'StartType': 3}, {'Name': 'BluetoothUserService_74a110', 'DisplayName': 'Serviço de Suporte a Usuários de Bluetooth_74a110', 'Status': 1, 'StartType': 3}, {'Name': 'BrokerInfrastructure', 'DisplayName': 'Serviço de Infraestrutura de Tarefas de Segundo Plano', 'Status': 4, 'StartType': 2}, {'Name': 'Brother BRAdmin Service', 'DisplayName': 'Brother BRAdmin Service', 'Status': 4, 'StartType': 2}, {'Name': 'BTAGService', 'DisplayName': 'Serviço de Gateway Bluetooth de Áudio', 'Status': 4, 'StartType': 3}, {'Name': 'BthAvctpSvc', 'DisplayName': 'Serviço AVCTP', 'Status': 4, 'StartType': 3}, {'Name': 'bthserv', 'DisplayName': 'Serviço de Suporte a Bluetooth', 'Status': 4, 'StartType': 3}, {'Name': 'c2wts', 'DisplayName': 'Declarações para o Serviço de Token do Windows', 'Status': 1, 'StartType': 3}, {'Name': 'camsvc', 'DisplayName': 'Serviço do Gerenciador de Acesso de Recurso', 'Status': 4, 'StartType': 3}, {'Name': 'CaptureService_74a110', 'DisplayName': 'CaptureService_74a110', 'Status': 1, 'StartType': 3}, {'Name': 'cbdhsvc_74a110', 'DisplayName': 'Serviço de Usuário da Área de Transferência_74a110', 'Status': 4, 'StartType': 3}, {'Name': 'CDPSvc', 'DisplayName': 'Serviço de Plataforma de Dispositivos Conectados', 'Status': 4, 'StartType': 2}, {'Name': 'CDPUserSvc_74a110', 'DisplayName': 'Serviço de Usuário da Plataforma de Dispositivos Conectados_74a110', 'Status': 4, 'StartType': 2}, {'Name': 'CertPropSvc', 'DisplayName': 'Propagação de Certificado', 'Status': 4, 'StartType': 3}, {'Name': 'ClipSVC', 'DisplayName': 'Serviço de Licenças de Cliente (ClipSVC)', 'Status': 4, 'StartType': 3}, {'Name': 'cloudidsvc', 'DisplayName': 'Serviço de identidade Microsoft Cloud', 'Status': 1, 'StartType': 3}, {'Name': 'COMSysApp', 'DisplayName': 'COM+ System Application', 'Status': 1, 'StartType': 3}, {'Name': 'ConsentUxUserSvc_74a110', 'DisplayName': 'ConsentUX_74a110', 'Status': 1, 'StartType': 3}, {'Name': 'CoreMessagingRegistrar', 'DisplayName': 'CoreMessaging', 'Status': 4, 'StartType': 2}, {'Name': 'cphs', 'DisplayName': 'Intel(R) Content Protection HECI Service', 'Status': 4, 'StartType': 3}, {'Name': 'cplspcon', 'DisplayName': 'Intel(R) Content Protection HDCP Service', 'Status': 4, 'StartType': 2}, {'Name': 'CredentialEnrollmentManagerUserSvc_74a110', 'DisplayName': 'CredentialEnrollmentManagerUserSvc_74a110', 'Status': 1, 'StartType': 3}, {'Name': 'CryptSvc', 'DisplayName': 'Serviços de criptografia', 'Status': 4, 'StartType': 2}, {'Name': 'CscService', 'DisplayName': 'Arquivos Offline', 'Status': 1, 'StartType': 3}, {'Name': 'DcomLaunch', 'DisplayName': 'Inicializador do Processo de Servidor DCOM', 'Status': 4, 'StartType': 2}, {'Name': 'dcsvc', 'DisplayName': 'Declared Configuration(DC) service', 'Status': 1, 'StartType': 3}, {'Name': 'defragsvc', 'DisplayName': 'Otimizador de unidade', 'Status': 1, 'StartType': 3}, {'Name': 'DeviceAssociationBrokerSvc_74a110', 'DisplayName': 'DeviceAssociationBroker_74a110', 'Status': 1, 'StartType': 3}, {'Name': 'DeviceAssociationService', 'DisplayName': 'Serviço de Associação de Dispositivo', 'Status': 4, 'StartType': 3}, {'Name': 'DeviceInstall', 'DisplayName': 'Serviço de Instalação de Dispositivo', 'Status': 1, 'StartType': 3}, {'Name': 'DevicePickerUserSvc_74a110', 'DisplayName': 'DevicePicker_74a110', 'Status': 1, 'StartType': 3}, {'Name': 'DevicesFlowUserSvc_74a110', 'DisplayName': 'DevicesFlow_74a110', 'Status': 1, 'StartType': 3}, {'Name': 'DevQueryBroker', 'DisplayName': 'Agente de Descoberta em Segundo Plano de DevQuery', 'Status': 4, 'StartType': 3}, {'Name': 'Dhcp', 'DisplayName': 'Cliente DHCP', 'Status': 4, 'StartType': 2}, {'Name': 'diagnosticshub.standardcollector.service', 'DisplayName': 'Serviço Coletor de Padrões de Hub de Diagnóstico da Microsoft (R)', 'Status': 1, 'StartType': 3}, {'Name': 'diagsvc', 'DisplayName': 'Diagnostic Execution Service', 'Status': 1, 'StartType': 3}, {'Name': 'DiagTrack', 'DisplayName': 'Experiências do Usuário Conectado e Telemetria', 'Status': 4, 'StartType': 2}, {'Name': 'DialogBlockingService', 'DisplayName': 'DialogBlockingService', 'Status': 1, 'StartType': 4}, {'Name': 'DispBrokerDesktopSvc', 'DisplayName': 'Exibir Serviço de Política', 'Status': 4, 'StartType': 2}, {'Name': 'DisplayEnhancementService', 'DisplayName': 'Serviço de Aprimoramento de Exibição', 'Status': 1, 'StartType': 3}, {'Name': 'DmEnrollmentSvc', 'DisplayName': 'Serviço de Registro de Gerenciamento de Dispositivos', 'Status': 1, 'StartType': 3}, {'Name': 'dmwappushservice', 'DisplayName': 'Serviço de Roteamento de mensagens de envio por Push WAP do Gerenciamento de Dispositivos', 'Status': 1, 'StartType': 3}, {'Name': 'Dnscache', 'DisplayName': 'Cliente DNS', 'Status': 4, 'StartType': 2}, {'Name': 'DoSvc', 'DisplayName': 'Otimização de Entrega', 'Status': 1, 'StartType': 2}, {'Name': 'dot3svc', 'DisplayName': 'Configuração Automática com Fio', 'Status': 1, 'StartType': 3}, {'Name': 'DPS', 'DisplayName': 'Serviço de Política de Diagnóstico', 'Status': 4, 'StartType': 2}, {'Name': 'DsmSvc', 'DisplayName': 'Gerenciador de Instalação de Dispositivo', 'Status': 1, 'StartType': 3}, {'Name': 'DsRoleSvc', 'DisplayName': 'Servidor de Função de SD', 'Status': 1, 'StartType': 3}, {'Name': 'DsSvc', 'DisplayName': 'Serviço de Compartilhamento de Dados', 'Status': 4, 'StartType': 3}, {'Name': 'DusmSvc', 'DisplayName': 'Uso de Dados', 'Status': 4, 'StartType': 2}, {'Name': 'Eaphost', 'DisplayName': 'Protocolo de Autenticação Extensível', 'Status': 1, 'StartType': 3}, {'Name': 'edgeupdate', 'DisplayName': 'Microsoft Edge Update Service (edgeupdate)', 'Status': 1, 'StartType': 2}, {'Name': 'edgeupdatem', 'DisplayName': 'Microsoft Edge Update Service (edgeupdatem)', 'Status': 1, 'StartType': 3}, {'Name': 'EFS', 'DisplayName': 'EFS (Encrypting File System)', 'Status': 1, 'StartType': 3}, {'Name': 'embeddedmode', 'DisplayName': 'Modo Incorporado', 'Status': 1, 'StartType': 3}, {'Name': 'EntAppSvc', 'DisplayName': 'Serviço de Gerenciamento de Aplicativos Empresariais', 'Status': 1, 'StartType': 3}, {'Name': 'EventLog', 'DisplayName': 'Log de Eventos do Windows', 'Status': 4, 'StartType': 2}, {'Name': 'EventSystem', 'DisplayName': 'COM+ evento do sistema', 'Status': 4, 'StartType': 2}, {'Name': 'Fax', 'DisplayName': 'Fax', 'Status': 1, 'StartType': 3}, {'Name': 'fdPHost', 'DisplayName': 'Host de Provedor da Descoberta de Função', 'Status': 1, 'StartType': 3}, {'Name': 'FDResPub', 'DisplayName': 'Publicação de Recursos de Descoberta de Função', 'Status': 1, 'StartType': 3}, {'Name': 'fhsvc', 'DisplayName': 'Serviço de Histórico de Arquivos', 'Status': 1, 'StartType': 3}, {'Name': 'FontCache', 'DisplayName': 'Serviço de Cache de Fontes do Windows', 'Status': 4, 'StartType': 2}, {'Name': 'FontCache3.0.0.0', 'DisplayName': 'Windows Presentation Foundation Font Cache 3.0.0.0', 'Status': 4, 'StartType': 3}, {'Name': 'FrameServer', 'DisplayName': 'Servidor de Quadros de Câmera do Windows', 'Status': 1, 'StartType': 3}, {'Name': 'GameInputSvc', 'DisplayName': 'GameInput Service', 'Status': 1, 'StartType': 3}, {'Name': 'glpi-agent', 'DisplayName': 'GLPI Agent', 'Status': 4, 'StartType': 2}, {'Name': 'GoogleChromeElevationService', 'DisplayName': 'Google Chrome Elevation Service (GoogleChromeElevationService)', 'Status': 1, 'StartType': 3}, {'Name': 'GoogleUpdaterInternalService141.0.7376.0', 'DisplayName': 'Google Updater Internal Service (GoogleUpdaterInternalService141.0.7376.0)', 'Status': 1, 'StartType': 2}, {'Name': 'GoogleUpdaterService141.0.7376.0', 'DisplayName': 'Google Updater Service (GoogleUpdaterService141.0.7376.0)', 'Status': 1, 'StartType': 2}, {'Name': 'gpsvc', 'DisplayName': 'Cliente da Política de Grupo', 'Status': 4, 'StartType': 2}, {'Name': 'GraphicsPerfSvc', 'DisplayName': 'GraphicsPerfSvc', 'Status': 1, 'StartType': 3}, {'Name': 'hidserv', 'DisplayName': 'Serviço de Dispositivos de Interface Humana', 'Status': 1, 'StartType': 3}, {'Name': 'HopToDesk', 'DisplayName': 'HopToDesk Service', 'Status': 4, 'StartType': 2}, {'Name': 'HvHost', 'DisplayName': 'Serviço de Host HV', 'Status': 1, 'StartType': 3}, {'Name': 'icssvc', 'DisplayName': 'Serviço de Hotspot Móvel do Windows', 'Status': 1, 'StartType': 3}, {'Name': 'igccservice', 'DisplayName': 'Intel(R) Graphics Command Center Service', 'Status': 4, 'StartType': 2}, {'Name': 'igfxCUIService2.0.0.0', 'DisplayName': 'Intel(R) HD Graphics Control Panel Service', 'Status': 4, 'StartType': 2}, {'Name': 'IKEEXT', 'DisplayName': 'Módulos de Criação de Chaves IKE e AuthIP do IPSec', 'Status': 4, 'StartType': 2}, {'Name': 'InstallService', 'DisplayName': 'Serviço de Instalação da Microsoft Store', 'Status': 4, 'StartType': 3}, {'Name': 'iphlpsvc', 'DisplayName': 'Auxiliar de IP', 'Status': 4, 'StartType': 2}, {'Name': 'IpxlatCfgSvc', 'DisplayName': 'Serviço de Configuração de Conversão de IP', 'Status': 1, 'StartType': 3}, {'Name': 'KeyIso', 'DisplayName': 'Isolamento de Chave CNG', 'Status': 4, 'StartType': 3}, {'Name': 'klnagent', 'DisplayName': 'Agente de Rede do Kaspersky Security Center', 'Status': 4, 'StartType': 2}, {'Name': 'ksnproxy', 'DisplayName': 'Servidor proxy do Kaspersky Security Network', 'Status': 1, 'StartType': 3}, {'Name': 'KtmRm', 'DisplayName': 'KtmRm para Coordenador de Transações Distribuídas', 'Status': 1, 'StartType': 3}, {'Name': 'LanmanServer', 'DisplayName': 'Server', 'Status': 4, 'StartType': 2}, {'Name': 'LanmanWorkstation', 'DisplayName': 'Estação de trabalho', 'Status': 4, 'StartType': 2}, {'Name': 'lfsvc', 'DisplayName': 'Serviço de Geolocalização', 'Status': 1, 'StartType': 3}, {'Name': 'LicenseManager', 'DisplayName': 'Serviço de Gerenciador de Licença do Windows', 'Status': 4, 'StartType': 3}, {'Name': 'lltdsvc', 'DisplayName': 'Mapeador da Descoberta de Topologia da Camada de Link', 'Status': 1, 'StartType': 3}, {'Name': 'lmhosts', 'DisplayName': 'Auxiliar NetBIOS TCP/IP', 'Status': 4, 'StartType': 3}, {'Name': 'LMS', 'DisplayName': 'Intel(R) Management and Security Application Local Management Service', 'Status': 4, 'StartType': 2}, {'Name': 'LSM', 'DisplayName': 'Gerenciador de Sessão Local', 'Status': 4, 'StartType': 2}, {'Name': 'LxpSvc', 'DisplayName': 'Serviço de Experiência em Idiomas', 'Status': 1, 'StartType': 3}, {'Name': 'MapsBroker', 'DisplayName': 'Gerenciador de Mapas Baixados', 'Status': 1, 'StartType': 2}, {'Name': 'McpManagementService', 'DisplayName': 'McpManagementService', 'Status': 1, 'StartType': 3}, {'Name': 'MDCoreSvc', 'DisplayName': 'Serviço Microsoft Defender Core', 'Status': 1, 'StartType': 3}, {'Name': 'MessagingService_74a110', 'DisplayName': 'MessagingService_74a110', 'Status': 1, 'StartType': 3}, {'Name': 'MicrosoftEdgeElevationService', 'DisplayName': 'Microsoft Edge Elevation Service (MicrosoftEdgeElevationService)', 'Status': 1, 'StartType': 3}, {'Name': 'MixedRealityOpenXRSvc', 'DisplayName': 'Windows Mixed Reality OpenXR Service', 'Status': 1, 'StartType': 3}, {'Name': 'mpssvc', 'DisplayName': 'Windows Defender Firewall', 'Status': 4, 'StartType': 2}, {'Name': 'MSDTC', 'DisplayName': 'Coordenador de transações distribuídas', 'Status': 1, 'StartType': 3}, {'Name': 'MSiSCSI', 'DisplayName': 'Serviço Iniciador Microsoft iSCSI', 'Status': 1, 'StartType': 3}, {'Name': 'msiserver', 'DisplayName': 'Windows Installer', 'Status': 1, 'StartType': 3}, {'Name': 'MsKeyboardFilter', 'DisplayName': 'Filtro de Teclado da Microsoft', 'Status': 1, 'StartType': 4}, {'Name': 'NaturalAuthentication', 'DisplayName': 'Autenticação Natural', 'Status': 1, 'StartType': 3}, {'Name': 'NcaSvc', 'DisplayName': 'Assistente de Conectividade de Rede', 'Status': 1, 'StartType': 3}, {'Name': 'NcbService', 'DisplayName': 'Agente de Conexão de Rede', 'Status': 4, 'StartType': 3}, {'Name': 'NcdAutoSetup', 'DisplayName': 'Instalação Automática de Dispositivos Conectados à Rede', 'Status': 1, 'StartType': 3}, {'Name': 'Net Driver HPZ12', 'DisplayName': 'Net Driver HPZ12', 'Status': 4, 'StartType': 2}, {'Name': 'Netlogon', 'DisplayName': 'Logon de rede', 'Status': 4, 'StartType': 2}, {'Name': 'Netman', 'DisplayName': 'Conexões de Rede', 'Status': 1, 'StartType': 3}, {'Name': 'NetMsmqActivator', 'DisplayName': 'Listener Adapter do Net.Msmq', 'Status': 1, 'StartType': 4}, {'Name': 'NetPipeActivator', 'DisplayName': 'Listener Adapter do Net.Pipe', 'Status': 4, 'StartType': 2}, {'Name': 'netprofm', 'DisplayName': 'Serviço da Lista de Redes', 'Status': 4, 'StartType': 3}, {'Name': 'NetSetupSvc', 'DisplayName': 'Serviço de Configuração de Rede', 'Status': 1, 'StartType': 3}, {'Name': 'NetTcpActivator', 'DisplayName': 'Listener Adapter Net.Tcp', 'Status': 4, 'StartType': 2}, {'Name': 'NetTcpPortSharing', 'DisplayName': 'Serviço de Compartilhamento de Porta Net.Tcp', 'Status': 4, 'StartType': 3}, {'Name': 'NgcCtnrSvc', 'DisplayName': 'Contêiner do Microsoft Passport', 'Status': 1, 'StartType': 3}, {'Name': 'NgcSvc', 'DisplayName': 'Microsoft Passport', 'Status': 1, 'StartType': 3}, {'Name': 'NlaSvc', 'DisplayName': 'Reconhecimento de Locais de Rede', 'Status': 4, 'StartType': 2}, {'Name': 'nsi', 'DisplayName': 'Serviço de Interface de Repositório de Rede', 'Status': 4, 'StartType': 2}, {'Name': 'OneSyncSvc_74a110', 'DisplayName': 'Host de Sincronização_74a110', 'Status': 4, 'StartType': 2}, {'Name': 'p2pimsvc', 'DisplayName': 'Identity Manager de Rede de Par', 'Status': 1, 'StartType': 3}, {'Name': 'p2psvc', 'DisplayName': 'Agrupamento de Rede de Par', 'Status': 1, 'StartType': 3}, {'Name': 'PcaSvc', 'DisplayName': 'Serviço Auxiliar de Compatibilidade de Programas', 'Status': 4, 'StartType': 3}, {'Name': 'PeerDistSvc', 'DisplayName': 'BranchCache', 'Status': 1, 'StartType': 3}, {'Name': 'perceptionsimulation', 'DisplayName': 'Serviço de Simulação de Percepção do Windows', 'Status': 1, 'StartType': 3}, {'Name': 'PerfHost', 'DisplayName': 'Host de DLL de Contador de Desempenho', 'Status': 1, 'StartType': 3}, {'Name': 'PhoneSvc', 'DisplayName': 'Serviço de Telefonia', 'Status': 4, 'StartType': 3}, {'Name': 'PimIndexMaintenanceSvc_74a110', 'DisplayName': 'Dados de Contato_74a110', 'Status': 1, 'StartType': 3}, {'Name': 'pla', 'DisplayName': 'Logs e alertas de desempenho', 'Status': 1, 'StartType': 3}, {'Name': 'PlugPlay', 'DisplayName': 'Plug and Play', 'Status': 4, 'StartType': 3}, {'Name': 'Pml Driver HPZ12', 'DisplayName': 'Pml Driver HPZ12', 'Status': 4, 'StartType': 2}, {'Name': 'PNRPAutoReg', 'DisplayName': 'Serviço de Publicação de Nome de Computador do PNRP', 'Status': 1, 'StartType': 3}, {'Name': 'PNRPsvc', 'DisplayName': 'Protocolo PNRP', 'Status': 1, 'StartType': 3}, {'Name': 'PolicyAgent', 'DisplayName': 'Agente de Política IPsec', 'Status': 4, 'StartType': 3}, {'Name': 'Power', 'DisplayName': 'Desligar', 'Status': 4, 'StartType': 2}, {'Name': 'PrintNotify', 'DisplayName': 'Extensões e Notificações da Impressora', 'Status': 1, 'StartType': 3}, {'Name': 'PrintWorkflowUserSvc_74a110', 'DisplayName': 'PrintWorkflow_74a110', 'Status': 1, 'StartType': 3}, {'Name': 'ProfSvc', 'DisplayName': 'Serviço de Perfil de Usuário', 'Status': 4, 'StartType': 2}, {'Name': 'PushToInstall', 'DisplayName': 'Serviço Windows PushToInstall', 'Status': 1, 'StartType': 3}, {'Name': 'QWAVE', 'DisplayName': 'Quality Windows Audio Video Experience', 'Status': 1, 'StartType': 3}, {'Name': 'RasAuto', 'DisplayName': 'Gerenciador de conexão de acesso remoto automático', 'Status': 1, 'StartType': 3}, {'Name': 'RasMan', 'DisplayName': 'Gerenciador de conexão de acesso remoto', 'Status': 4, 'StartType': 2}, {'Name': 'RemoteAccess', 'DisplayName': 'Roteamento e Acesso Remoto', 'Status': 1, 'StartType': 4}, {'Name': 'RemoteRegistry', 'DisplayName': 'Registro remoto', 'Status': 1, 'StartType': 4}, {'Name': 'RetailDemo', 'DisplayName': 'Serviço de Demonstração de Revenda', 'Status': 1, 'StartType': 3}, {'Name': 'RmSvc', 'DisplayName': 'Serviço de Gerenciamento de Rádio', 'Status': 4, 'StartType': 3}, {'Name': 'RpcEptMapper', 'DisplayName': 'Mapeador de Ponto de Extremidade RPC', 'Status': 4, 'StartType': 2}, {'Name': 'RpcLocator', 'DisplayName': 'RpcLocator', 'Status': 4, 'StartType': 2}, {'Name': 'RpcSs', 'DisplayName': 'RPC (Chamada de Procedimento Remoto)', 'Status': 4, 'StartType': 2}, {'Name': 'RServer3', 'DisplayName': 'Radmin Server V3', 'Status': 4, 'StartType': 2}, {'Name': 'RtkAudioService', 'DisplayName': 'Realtek Audio Service', 'Status': 4, 'StartType': 2}, {'Name': 'SamSs', 'DisplayName': 'Gerente de Contas de Segurança', 'Status': 4, 'StartType': 2}, {'Name': 'SCardSvr', 'DisplayName': 'Cartão inteligente', 'Status': 4, 'StartType': 3}, {'Name': 'ScDeviceEnum', 'DisplayName': 'Serviço de Enumeração de Dispositivo de Cartão Inteligente', 'Status': 4, 'StartType': 3}, {'Name': 'Schedule', 'DisplayName': 'Agendador de Tarefas', 'Status': 4, 'StartType': 2}, {'Name': 'SCPolicySvc', 'DisplayName': 'Política de Remoção de Cartão Inteligente', 'Status': 1, 'StartType': 3}, {'Name': 'SDRSVC', 'DisplayName': 'Backup do Windows', 'Status': 1, 'StartType': 3}, {'Name': 'seclogon', 'DisplayName': 'Logon secundário', 'Status': 1, 'StartType': 3}, {'Name': 'SecurityHealthService', 'DisplayName': 'Serviço de Segurança do Windows', 'Status': 4, 'StartType': 3}, {'Name': 'SEMgrSvc', 'DisplayName': 'Gerenciador de NFC/SE e Pagamentos', 'Status': 1, 'StartType': 3}, {'Name': 'SENS', 'DisplayName': 'Serviço de Notificação de Eventos do Sistema', 'Status': 4, 'StartType': 2}, {'Name': 'Sense', 'DisplayName': 'Windows Defender Advanced Threat Protection Service', 'Status': 1, 'StartType': 3}, {'Name': 'SensorDataService', 'DisplayName': 'Serviço de Dados de Sensor', 'Status': 1, 'StartType': 3}, {'Name': 'SensorService', 'DisplayName': 'Serviço de Sensor', 'Status': 1, 'StartType': 3}, {'Name': 'SensrSvc', 'DisplayName': 'Serviço de Monitoramento de Sensor', 'Status': 1, 'StartType': 3}, {'Name': 'SessionEnv', 'DisplayName': 'Configuração da Área de Trabalho Remota', 'Status': 4, 'StartType': 3}, {'Name': 'SharedAccess', 'DisplayName': 'ICS (Compartilhamento de Conexão com a Internet)', 'Status': 1, 'StartType': 3}, {'Name': 'SharedRealitySvc', 'DisplayName': 'Serviço de Dados Espaciais', 'Status': 1, 'StartType': 3}, {'Name': 'ShellHWDetection', 'DisplayName': 'Detecção do hardware do shell', 'Status': 4, 'StartType': 2}, {'Name': 'shpamsvc', 'DisplayName': 'Shared PC Account Manager', 'Status': 1, 'StartType': 4}, {'Name': 'smphost', 'DisplayName': 'SMP de Espaços de Armazenamento da Microsoft', 'Status': 1, 'StartType': 3}, {'Name': 'SmsRouter', 'DisplayName': 'Serviço de Roteador SMS do Microsoft Windows', 'Status': 1, 'StartType': 3}, {'Name': 'SNMPTRAP', 'DisplayName': 'Interceptação SNMP', 'Status': 1, 'StartType': 3}, {'Name': 'spectrum', 'DisplayName': 'Serviço de Percepção do Windows', 'Status': 1, 'StartType': 3}, {'Name': 'Spooler', 'DisplayName': 'Spooler de Impressão', 'Status': 4, 'StartType': 2}, {'Name': 'sppsvc', 'DisplayName': 'Proteção de Software', 'Status': 1, 'StartType': 2}, {'Name': 'SSDPSRV', 'DisplayName': 'Descoberta SSDP', 'Status': 4, 'StartType': 3}, {'Name': 'ssh-agent', 'DisplayName': 'OpenSSH Authentication Agent', 'Status': 1, 'StartType': 4}, {'Name': 'SstpSvc', 'DisplayName': 'Serviço SSTP', 'Status': 4, 'StartType': 3}, {'Name': 'StateRepository', 'DisplayName': 'Serviço de Repositório de Estado', 'Status': 4, 'StartType': 3}, {'Name': 'stisvc', 'DisplayName': 'Assistente de aquisição de imagens do Windows (WIA)', 'Status': 1, 'StartType': 3}, {'Name': 'StorSvc', 'DisplayName': 'Serviço de Armazenamento', 'Status': 4, 'StartType': 2}, {'Name': 'svsvc', 'DisplayName': 'Verificador de Ponto', 'Status': 1, 'StartType': 3}, {'Name': 'swprv', 'DisplayName': 'Provedor de Cópia de Sombra de Software da Microsoft', 'Status': 1, 'StartType': 3}, {'Name': 'SysMain', 'DisplayName': 'SysMain', 'Status': 1, 'StartType': 4}, {'Name': 'SystemEventsBroker', 'DisplayName': 'Agente de Eventos do Sistema', 'Status': 4, 'StartType': 2}, {'Name': 'TabletInputService', 'DisplayName': 'Serviço de Teclado Virtual e Painel de Manuscrito', 'Status': 4, 'StartType': 3}, {'Name': 'TapiSrv', 'DisplayName': 'Telefonia', 'Status': 1, 'StartType': 3}, {'Name': 'TeamViewer', 'DisplayName': 'TeamViewer', 'Status': 4, 'StartType': 2}, {'Name': 'TermService', 'DisplayName': 'Serviços de Área de Trabalho Remota', 'Status': 4, 'StartType': 3}, {'Name': 'Themes', 'DisplayName': 'Temas', 'Status': 4, 'StartType': 2}, {'Name': 'TieringEngineService', 'DisplayName': 'Gerenciamento de Camadas de Armazenamento', 'Status': 1, 'StartType': 3}, {'Name': 'TimeBrokerSvc', 'DisplayName': 'Agente de Tempo', 'Status': 4, 'StartType': 3}, {'Name': 'TokenBroker', 'DisplayName': 'Gerenciador de Conta da Web', 'Status': 4, 'StartType': 3}, {'Name': 'TrkWks', 'DisplayName': 'Cliente de rastreamento de link distribuído', 'Status': 4, 'StartType': 2}, {'Name': 'TroubleshootingSvc', 'DisplayName': 'Serviço de solução de problemas recomendado', 'Status': 1, 'StartType': 3}, {'Name': 'TrustedInstaller', 'DisplayName': 'Instalador de Módulos do Windows', 'Status': 1, 'StartType': 3}, {'Name': 'tzautoupdate', 'DisplayName': 'Atualizador de Fuso Horário Automático', 'Status': 1, 'StartType': 4}, {'Name': 'UdkUserSvc_74a110', 'DisplayName': 'Serviço de usuário UDK_74a110', 'Status': 1, 'StartType': 3}, {'Name': 'UevAgentService', 'DisplayName': 'Serviço de User Experience Virtualization', 'Status': 1, 'StartType': 4}, {'Name': 'uhssvc', 'DisplayName': 'Microsoft Update Health Service', 'Status': 1, 'StartType': 4}, {'Name': 'UmRdpService', 'DisplayName': 'Redirecionador de Portas do Modo do Usuário dos Serviços de Área de Trabalho', 'Status': 4, 'StartType': 3}, {'Name': 'UnistoreSvc_74a110', 'DisplayName': 'Armazenamento de Dados de Usuário_74a110', 'Status': 1, 'StartType': 3}, {'Name': 'upnphost', 'DisplayName': 'Host de dispositivo UPnP', 'Status': 1, 'StartType': 3}, {'Name': 'UserDataSvc_74a110', 'DisplayName': 'Acesso a Dados de Usuário_74a110', 'Status': 1, 'StartType': 3}, {'Name': 'UserManager', 'DisplayName': 'Gerenciador de Usuários', 'Status': 4, 'StartType': 2}, {'Name': 'UsoSvc', 'DisplayName': 'Serviço orquestrador de atualizações', 'Status': 4, 'StartType': 2}, {'Name': 'uvnc_service', 'DisplayName': 'uvnc_service', 'Status': 4, 'StartType': 2}, {'Name': 'VacSvc', 'DisplayName': 'Serviço Compositor de Áudio Volumétrico', 'Status': 1, 'StartType': 3}, {'Name': 'VaultSvc', 'DisplayName': 'Gerenciador de Credenciais', 'Status': 4, 'StartType': 3}, {'Name': 'vds', 'DisplayName': 'Disco Virtual', 'Status': 1, 'StartType': 3}, {'Name': 'vmicguestinterface', 'DisplayName': 'Interface de Serviço de Convidado do Hyper-V', 'Status': 1, 'StartType': 3}, {'Name': 'vmicheartbeat', 'DisplayName': 'Serviço de Pulsação do Hyper-V', 'Status': 1, 'StartType': 3}, {'Name': 'vmickvpexchange', 'DisplayName': 'Serviço de Troca de Dados do Hyper-V', 'Status': 1, 'StartType': 3}, {'Name': 'vmicrdv', 'DisplayName': 'Serviço de Virtualização de Área de Trabalho Remota do Hyper-V', 'Status': 1, 'StartType': 3}, {'Name': 'vmicshutdown', 'DisplayName': 'Serviço de Desligamento de Convidado do Hyper-V', 'Status': 1, 'StartType': 3}, {'Name': 'vmictimesync', 'DisplayName': 'Serviço de Sincronização de Data/Hora do Hyper-V', 'Status': 1, 'StartType': 3}, {'Name': 'vmicvmsession', 'DisplayName': 'Serviço Direto do Hyper-V PowerShell', 'Status': 1, 'StartType': 3}, {'Name': 'vmicvss', 'DisplayName': 'Solicitante de Cópia de Sombra de Volume do Hyper-V', 'Status': 1, 'StartType': 3}, {'Name': 'VSS', 'DisplayName': 'Cópia de Sombra de Volume', 'Status': 1, 'StartType': 3}, {'Name': 'W32Time', 'DisplayName': 'Horário do Windows', 'Status': 4, 'StartType': 3}, {'Name': 'w3logsvc', 'DisplayName': 'Serviço de Log W3C', 'Status': 1, 'StartType': 3}, {'Name': 'W3SVC', 'DisplayName': 'Serviço de Publicação da World Wide Web', 'Status': 4, 'StartType': 2}, {'Name': 'WaaSMedicSvc', 'DisplayName': 'Serviço Medic do Windows Update', 'Status': 4, 'StartType': 3}, {'Name': 'WalletService', 'DisplayName': 'WalletService', 'Status': 1, 'StartType': 3}, {'Name': 'WarpJITSvc', 'DisplayName': 'WarpJITSvc', 'Status': 1, 'StartType': 3}, {'Name': 'WAS', 'DisplayName': 'Serviço de Ativação de Processos do Windows', 'Status': 4, 'StartType': 3}, {'Name': 'wbengine', 'DisplayName': 'Serviço de Mecanismo de Backup em Nível de Bloco', 'Status': 1, 'StartType': 3}, {'Name': 'WbioSrvc', 'DisplayName': 'Serviço de Biometria do Windows', 'Status': 1, 'StartType': 3}, {'Name': 'Wcmsvc', 'DisplayName': 'Gerenciador de Conexões do Windows', 'Status': 4, 'StartType': 2}, {'Name': 'wcncsvc', 'DisplayName': 'Conexão Fácil do Windows - Registrador de Configuração', 'Status': 1, 'StartType': 3}, {'Name': 'WdiServiceHost', 'DisplayName': 'Host do Serviço de Diagnóstico', 'Status': 4, 'StartType': 3}, {'Name': 'WdiSystemHost', 'DisplayName': 'Host do Sistema de Diagnósticos', 'Status': 4, 'StartType': 3}, {'Name': 'WdNisSvc', 'DisplayName': 'Serviço de Inspeção de Rede do Microsoft Defender Antivírus', 'Status': 1, 'StartType': 3}, {'Name': 'WebClient', 'DisplayName': 'Cliente da Web', 'Status': 1, 'StartType': 3}, {'Name': 'Wecsvc', 'DisplayName': 'Coletor de Eventos do Windows', 'Status': 1, 'StartType': 3}, {'Name': 'WEPHOSTSVC', 'DisplayName': 'Serviço de Host do Provedor de Criptografia do Windows', 'Status': 1, 'StartType': 3}, {'Name': 'wercplsupport', 'DisplayName': 'Suporte do Painel de Controle Relatórios de problemas', 'Status': 1, 'StartType': 3}, {'Name': 'WerSvc', 'DisplayName': 'Serviço de Relatórios de Erro do Windows', 'Status': 1, 'StartType': 3}, {'Name': 'WFDSConMgrSvc', 'DisplayName': 'Serviço do Gerenciador de Conexões de Serviços do Wi-Fi Direct', 'Status': 1, 'StartType': 3}, {'Name': 'WiaRpc', 'DisplayName': 'Eventos de Aquisição de Imagens Estáticas', 'Status': 1, 'StartType': 3}, {'Name': 'WinDefend', 'DisplayName': 'Serviço Microsoft Defender Antivírus', 'Status': 1, 'StartType': 3}, {'Name': 'WinHttpAutoProxySvc', 'DisplayName': 'Serviço de Descoberta Automática de Proxy da Web do WinHTTP', 'Status': 4, 'StartType': 3}, {'Name': 'Winmgmt', 'DisplayName': 'Testador de instrumentação de gerenciam. do Windows', 'Status': 4, 'StartType': 2}, {'Name': 'WinRM', 'DisplayName': 'Windows Remote Management (WS-Management)', 'Status': 4, 'StartType': 2}, {'Name': 'WinVNC4', 'DisplayName': 'VNC Server Version 4', 'Status': 4, 'StartType': 2}, {'Name': 'wisvc', 'DisplayName': 'Serviço do Windows Insider', 'Status': 1, 'StartType': 3}, {'Name': 'WlanSvc', 'DisplayName': 'Configuração Automática de WLAN', 'Status': 1, 'StartType': 3}, {'Name': 'wlidsvc', 'DisplayName': 'Assistente de Conexão de Conta da Microsoft', 'Status': 1, 'StartType': 3}, {'Name': 'wlpasvc', 'DisplayName': 'Serviço Assistente de Perfil Local', 'Status': 1, 'StartType': 3}, {'Name': 'WManSvc', 'DisplayName': 'Serviço de gerenciamento do Windows', 'Status': 1, 'StartType': 3}, {'Name': 'wmiApSrv', 'DisplayName': 'Adaptador de Desempenho WMI', 'Status': 1, 'StartType': 3}, {'Name': 'WMPNetworkSvc', 'DisplayName': 'Serviço de Compartilhamento de Rede do Windows Media Player', 'Status': 1, 'StartType': 3}, {'Name': 'workfolderssvc', 'DisplayName': 'Pastas de Trabalho', 'Status': 1, 'StartType': 3}, {'Name': 'WpcMonSvc', 'DisplayName': 'Controles dos Pais', 'Status': 1, 'StartType': 3}, {'Name': 'WPDBusEnum', 'DisplayName': 'Serviço Enumerador de Dispositivos Portáteis', 'Status': 1, 'StartType': 3}, {'Name': 'WpnService', 'DisplayName': 'Serviço do Sistema de Notificações por Push do Windows', 'Status': 4, 'StartType': 2}, {'Name': 'WpnUserService_74a110', 'DisplayName': 'Serviço de Usuário de Notificações por Push do Windows_74a110', 'Status': 4, 'StartType': 2}, {'Name': 'wscsvc', 'DisplayName': 'Central de Segurança', 'Status': 4, 'StartType': 2}, {'Name': 'WSearch', 'DisplayName': 'WSearch', 'Status': 1, 'StartType': 4}, {'Name': 'wuauserv', 'DisplayName': 'Windows Update', 'Status': 4, 'StartType': 3}, {'Name': 'WwanSvc', 'DisplayName': 'Configuração Automática de WWAN', 'Status': 1, 'StartType': 3}, {'Name': 'XblAuthManager', 'DisplayName': 'Gerenciador de Autenticação Xbox Live', 'Status': 1, 'StartType': 3}, {'Name': 'XblGameSave', 'DisplayName': 'Salvar Jogos no Xbox Live', 'Status': 1, 'StartType': 3}, {'Name': 'XboxGipSvc', 'DisplayName': 'Xbox Accessory Management Service', 'Status': 1, 'StartType': 3}, {'Name': 'XboxNetApiSvc', 'DisplayName': 'Serviço de Rede Xbox Live', 'Status': 1, 'StartType': 3}, {'Name': 'XTU3SERVICE', 'DisplayName': 'XTUOCDriverService', 'Status': 4, 'StartType': 2}],), {})
2025-09-13 23:39:59,450 - root - INFO - Agendando callback: <bound method ServicesFrame.process_remote_data of <src.ui.components.services_frame.ServicesFrame object .!ctkframe.!hosttabview.!ctkframe.!ctktabview.!ctkframe3.!ctkframe.!ctktabview.!ctkframe5.!servicesframe>>
2025-09-13 23:39:59,451 - root - INFO - Callback data structure: (<bound method ServicesFrame.process_remote_data of <src.ui.components.services_frame.ServicesFrame object .!ctkframe.!hosttabview.!ctkframe.!ctktabview.!ctkframe3.!ctkframe.!ctktabview.!ctkframe5.!servicesframe>>, ([{'Name': 'AarSvc_74a110', 'DisplayName': 'Agent Activation Runtime_74a110', 'Status': 1, 'StartType': 3}, {'Name': 'AJRouter', 'DisplayName': 'Serviço de Roteador AllJoyn', 'Status': 1, 'StartType': 3}, {'Name': 'ALG', 'DisplayName': 'Serviço Gateway de Camada de Aplicativo', 'Status': 1, 'StartType': 3}, {'Name': 'AppHostSvc', 'DisplayName': 'Serviço Auxiliar de Host do Aplicativo', 'Status': 4, 'StartType': 2}, {'Name': 'AppIDSvc', 'DisplayName': 'Identidade do Aplicativo', 'Status': 1, 'StartType': 3}, {'Name': 'Appinfo', 'DisplayName': 'Informações sobre Aplicativos', 'Status': 1, 'StartType': 3}, {'Name': 'AppMgmt', 'DisplayName': 'Gerenciamento de aplicativo', 'Status': 1, 'StartType': 3}, {'Name': 'AppReadiness', 'DisplayName': 'Preparação de Aplicativos', 'Status': 1, 'StartType': 3}, {'Name': 'AppVClient', 'DisplayName': 'Microsoft App-V Client', 'Status': 1, 'StartType': 4}, {'Name': 'AppXSvc', 'DisplayName': 'Serviço de Implantação AppX (AppXSVC)', 'Status': 4, 'StartType': 3}, {'Name': 'aspnet_state', 'DisplayName': 'ASP.NET State Service', 'Status': 1, 'StartType': 3}, {'Name': 'AssignedAccessManagerSvc', 'DisplayName': 'Serviço AssignedAccessManager', 'Status': 1, 'StartType': 3}, {'Name': 'AudioEndpointBuilder', 'DisplayName': 'Construtor de Pontos de Extremidade de Áudio do Windows', 'Status': 4, 'StartType': 2}, {'Name': 'Audiosrv', 'DisplayName': 'Áudio do Windows', 'Status': 4, 'StartType': 2}, {'Name': 'autotimesvc', 'DisplayName': 'Hora da Rede Celular', 'Status': 1, 'StartType': 3}, {'Name': 'AVP.KES.12.10', 'DisplayName': 'Kaspersky Endpoint Security service (KES.12.10)', 'Status': 4, 'StartType': 2}, {'Name': 'avpsus.KES.12.10', 'DisplayName': 'Kaspersky Seamless Update Service (KES.12.10)', 'Status': 4, 'StartType': 2}, {'Name': 'AxInstSV', 'DisplayName': 'Instalador do ActiveX (AxInstSV)', 'Status': 1, 'StartType': 3}, {'Name': 'BcastDVRUserService_74a110', 'DisplayName': 'Serviço de Usuário do GameDVR e Transmissão_74a110', 'Status': 1, 'StartType': 3}, {'Name': 'BDESVC', 'DisplayName': 'Serviço de Criptografia de Unidade de Disco BitLocker', 'Status': 1, 'StartType': 3}, {'Name': 'BFE', 'DisplayName': 'Mecanismo de Filtragem Básica', 'Status': 4, 'StartType': 2}, {'Name': 'BITS', 'DisplayName': 'Serviço de Transferência Inteligente em Segundo Plano', 'Status': 1, 'StartType': 3}, {'Name': 'BluetoothUserService_74a110', 'DisplayName': 'Serviço de Suporte a Usuários de Bluetooth_74a110', 'Status': 1, 'StartType': 3}, {'Name': 'BrokerInfrastructure', 'DisplayName': 'Serviço de Infraestrutura de Tarefas de Segundo Plano', 'Status': 4, 'StartType': 2}, {'Name': 'Brother BRAdmin Service', 'DisplayName': 'Brother BRAdmin Service', 'Status': 4, 'StartType': 2}, {'Name': 'BTAGService', 'DisplayName': 'Serviço de Gateway Bluetooth de Áudio', 'Status': 4, 'StartType': 3}, {'Name': 'BthAvctpSvc', 'DisplayName': 'Serviço AVCTP', 'Status': 4, 'StartType': 3}, {'Name': 'bthserv', 'DisplayName': 'Serviço de Suporte a Bluetooth', 'Status': 4, 'StartType': 3}, {'Name': 'c2wts', 'DisplayName': 'Declarações para o Serviço de Token do Windows', 'Status': 1, 'StartType': 3}, {'Name': 'camsvc', 'DisplayName': 'Serviço do Gerenciador de Acesso de Recurso', 'Status': 4, 'StartType': 3}, {'Name': 'CaptureService_74a110', 'DisplayName': 'CaptureService_74a110', 'Status': 1, 'StartType': 3}, {'Name': 'cbdhsvc_74a110', 'DisplayName': 'Serviço de Usuário da Área de Transferência_74a110', 'Status': 4, 'StartType': 3}, {'Name': 'CDPSvc', 'DisplayName': 'Serviço de Plataforma de Dispositivos Conectados', 'Status': 4, 'StartType': 2}, {'Name': 'CDPUserSvc_74a110', 'DisplayName': 'Serviço de Usuário da Plataforma de Dispositivos Conectados_74a110', 'Status': 4, 'StartType': 2}, {'Name': 'CertPropSvc', 'DisplayName': 'Propagação de Certificado', 'Status': 4, 'StartType': 3}, {'Name': 'ClipSVC', 'DisplayName': 'Serviço de Licenças de Cliente (ClipSVC)', 'Status': 4, 'StartType': 3}, {'Name': 'cloudidsvc', 'DisplayName': 'Serviço de identidade Microsoft Cloud', 'Status': 1, 'StartType': 3}, {'Name': 'COMSysApp', 'DisplayName': 'COM+ System Application', 'Status': 1, 'StartType': 3}, {'Name': 'ConsentUxUserSvc_74a110', 'DisplayName': 'ConsentUX_74a110', 'Status': 1, 'StartType': 3}, {'Name': 'CoreMessagingRegistrar', 'DisplayName': 'CoreMessaging', 'Status': 4, 'StartType': 2}, {'Name': 'cphs', 'DisplayName': 'Intel(R) Content Protection HECI Service', 'Status': 4, 'StartType': 3}, {'Name': 'cplspcon', 'DisplayName': 'Intel(R) Content Protection HDCP Service', 'Status': 4, 'StartType': 2}, {'Name': 'CredentialEnrollmentManagerUserSvc_74a110', 'DisplayName': 'CredentialEnrollmentManagerUserSvc_74a110', 'Status': 1, 'StartType': 3}, {'Name': 'CryptSvc', 'DisplayName': 'Serviços de criptografia', 'Status': 4, 'StartType': 2}, {'Name': 'CscService', 'DisplayName': 'Arquivos Offline', 'Status': 1, 'StartType': 3}, {'Name': 'DcomLaunch', 'DisplayName': 'Inicializador do Processo de Servidor DCOM', 'Status': 4, 'StartType': 2}, {'Name': 'dcsvc', 'DisplayName': 'Declared Configuration(DC) service', 'Status': 1, 'StartType': 3}, {'Name': 'defragsvc', 'DisplayName': 'Otimizador de unidade', 'Status': 1, 'StartType': 3}, {'Name': 'DeviceAssociationBrokerSvc_74a110', 'DisplayName': 'DeviceAssociationBroker_74a110', 'Status': 1, 'StartType': 3}, {'Name': 'DeviceAssociationService', 'DisplayName': 'Serviço de Associação de Dispositivo', 'Status': 4, 'StartType': 3}, {'Name': 'DeviceInstall', 'DisplayName': 'Serviço de Instalação de Dispositivo', 'Status': 1, 'StartType': 3}, {'Name': 'DevicePickerUserSvc_74a110', 'DisplayName': 'DevicePicker_74a110', 'Status': 1, 'StartType': 3}, {'Name': 'DevicesFlowUserSvc_74a110', 'DisplayName': 'DevicesFlow_74a110', 'Status': 1, 'StartType': 3}, {'Name': 'DevQueryBroker', 'DisplayName': 'Agente de Descoberta em Segundo Plano de DevQuery', 'Status': 4, 'StartType': 3}, {'Name': 'Dhcp', 'DisplayName': 'Cliente DHCP', 'Status': 4, 'StartType': 2}, {'Name': 'diagnosticshub.standardcollector.service', 'DisplayName': 'Serviço Coletor de Padrões de Hub de Diagnóstico da Microsoft (R)', 'Status': 1, 'StartType': 3}, {'Name': 'diagsvc', 'DisplayName': 'Diagnostic Execution Service', 'Status': 1, 'StartType': 3}, {'Name': 'DiagTrack', 'DisplayName': 'Experiências do Usuário Conectado e Telemetria', 'Status': 4, 'StartType': 2}, {'Name': 'DialogBlockingService', 'DisplayName': 'DialogBlockingService', 'Status': 1, 'StartType': 4}, {'Name': 'DispBrokerDesktopSvc', 'DisplayName': 'Exibir Serviço de Política', 'Status': 4, 'StartType': 2}, {'Name': 'DisplayEnhancementService', 'DisplayName': 'Serviço de Aprimoramento de Exibição', 'Status': 1, 'StartType': 3}, {'Name': 'DmEnrollmentSvc', 'DisplayName': 'Serviço de Registro de Gerenciamento de Dispositivos', 'Status': 1, 'StartType': 3}, {'Name': 'dmwappushservice', 'DisplayName': 'Serviço de Roteamento de mensagens de envio por Push WAP do Gerenciamento de Dispositivos', 'Status': 1, 'StartType': 3}, {'Name': 'Dnscache', 'DisplayName': 'Cliente DNS', 'Status': 4, 'StartType': 2}, {'Name': 'DoSvc', 'DisplayName': 'Otimização de Entrega', 'Status': 1, 'StartType': 2}, {'Name': 'dot3svc', 'DisplayName': 'Configuração Automática com Fio', 'Status': 1, 'StartType': 3}, {'Name': 'DPS', 'DisplayName': 'Serviço de Política de Diagnóstico', 'Status': 4, 'StartType': 2}, {'Name': 'DsmSvc', 'DisplayName': 'Gerenciador de Instalação de Dispositivo', 'Status': 1, 'StartType': 3}, {'Name': 'DsRoleSvc', 'DisplayName': 'Servidor de Função de SD', 'Status': 1, 'StartType': 3}, {'Name': 'DsSvc', 'DisplayName': 'Serviço de Compartilhamento de Dados', 'Status': 4, 'StartType': 3}, {'Name': 'DusmSvc', 'DisplayName': 'Uso de Dados', 'Status': 4, 'StartType': 2}, {'Name': 'Eaphost', 'DisplayName': 'Protocolo de Autenticação Extensível', 'Status': 1, 'StartType': 3}, {'Name': 'edgeupdate', 'DisplayName': 'Microsoft Edge Update Service (edgeupdate)', 'Status': 1, 'StartType': 2}, {'Name': 'edgeupdatem', 'DisplayName': 'Microsoft Edge Update Service (edgeupdatem)', 'Status': 1, 'StartType': 3}, {'Name': 'EFS', 'DisplayName': 'EFS (Encrypting File System)', 'Status': 1, 'StartType': 3}, {'Name': 'embeddedmode', 'DisplayName': 'Modo Incorporado', 'Status': 1, 'StartType': 3}, {'Name': 'EntAppSvc', 'DisplayName': 'Serviço de Gerenciamento de Aplicativos Empresariais', 'Status': 1, 'StartType': 3}, {'Name': 'EventLog', 'DisplayName': 'Log de Eventos do Windows', 'Status': 4, 'StartType': 2}, {'Name': 'EventSystem', 'DisplayName': 'COM+ evento do sistema', 'Status': 4, 'StartType': 2}, {'Name': 'Fax', 'DisplayName': 'Fax', 'Status': 1, 'StartType': 3}, {'Name': 'fdPHost', 'DisplayName': 'Host de Provedor da Descoberta de Função', 'Status': 1, 'StartType': 3}, {'Name': 'FDResPub', 'DisplayName': 'Publicação de Recursos de Descoberta de Função', 'Status': 1, 'StartType': 3}, {'Name': 'fhsvc', 'DisplayName': 'Serviço de Histórico de Arquivos', 'Status': 1, 'StartType': 3}, {'Name': 'FontCache', 'DisplayName': 'Serviço de Cache de Fontes do Windows', 'Status': 4, 'StartType': 2}, {'Name': 'FontCache3.0.0.0', 'DisplayName': 'Windows Presentation Foundation Font Cache 3.0.0.0', 'Status': 4, 'StartType': 3}, {'Name': 'FrameServer', 'DisplayName': 'Servidor de Quadros de Câmera do Windows', 'Status': 1, 'StartType': 3}, {'Name': 'GameInputSvc', 'DisplayName': 'GameInput Service', 'Status': 1, 'StartType': 3}, {'Name': 'glpi-agent', 'DisplayName': 'GLPI Agent', 'Status': 4, 'StartType': 2}, {'Name': 'GoogleChromeElevationService', 'DisplayName': 'Google Chrome Elevation Service (GoogleChromeElevationService)', 'Status': 1, 'StartType': 3}, {'Name': 'GoogleUpdaterInternalService141.0.7376.0', 'DisplayName': 'Google Updater Internal Service (GoogleUpdaterInternalService141.0.7376.0)', 'Status': 1, 'StartType': 2}, {'Name': 'GoogleUpdaterService141.0.7376.0', 'DisplayName': 'Google Updater Service (GoogleUpdaterService141.0.7376.0)', 'Status': 1, 'StartType': 2}, {'Name': 'gpsvc', 'DisplayName': 'Cliente da Política de Grupo', 'Status': 4, 'StartType': 2}, {'Name': 'GraphicsPerfSvc', 'DisplayName': 'GraphicsPerfSvc', 'Status': 1, 'StartType': 3}, {'Name': 'hidserv', 'DisplayName': 'Serviço de Dispositivos de Interface Humana', 'Status': 1, 'StartType': 3}, {'Name': 'HopToDesk', 'DisplayName': 'HopToDesk Service', 'Status': 4, 'StartType': 2}, {'Name': 'HvHost', 'DisplayName': 'Serviço de Host HV', 'Status': 1, 'StartType': 3}, {'Name': 'icssvc', 'DisplayName': 'Serviço de Hotspot Móvel do Windows', 'Status': 1, 'StartType': 3}, {'Name': 'igccservice', 'DisplayName': 'Intel(R) Graphics Command Center Service', 'Status': 4, 'StartType': 2}, {'Name': 'igfxCUIService2.0.0.0', 'DisplayName': 'Intel(R) HD Graphics Control Panel Service', 'Status': 4, 'StartType': 2}, {'Name': 'IKEEXT', 'DisplayName': 'Módulos de Criação de Chaves IKE e AuthIP do IPSec', 'Status': 4, 'StartType': 2}, {'Name': 'InstallService', 'DisplayName': 'Serviço de Instalação da Microsoft Store', 'Status': 4, 'StartType': 3}, {'Name': 'iphlpsvc', 'DisplayName': 'Auxiliar de IP', 'Status': 4, 'StartType': 2}, {'Name': 'IpxlatCfgSvc', 'DisplayName': 'Serviço de Configuração de Conversão de IP', 'Status': 1, 'StartType': 3}, {'Name': 'KeyIso', 'DisplayName': 'Isolamento de Chave CNG', 'Status': 4, 'StartType': 3}, {'Name': 'klnagent', 'DisplayName': 'Agente de Rede do Kaspersky Security Center', 'Status': 4, 'StartType': 2}, {'Name': 'ksnproxy', 'DisplayName': 'Servidor proxy do Kaspersky Security Network', 'Status': 1, 'StartType': 3}, {'Name': 'KtmRm', 'DisplayName': 'KtmRm para Coordenador de Transações Distribuídas', 'Status': 1, 'StartType': 3}, {'Name': 'LanmanServer', 'DisplayName': 'Server', 'Status': 4, 'StartType': 2}, {'Name': 'LanmanWorkstation', 'DisplayName': 'Estação de trabalho', 'Status': 4, 'StartType': 2}, {'Name': 'lfsvc', 'DisplayName': 'Serviço de Geolocalização', 'Status': 1, 'StartType': 3}, {'Name': 'LicenseManager', 'DisplayName': 'Serviço de Gerenciador de Licença do Windows', 'Status': 4, 'StartType': 3}, {'Name': 'lltdsvc', 'DisplayName': 'Mapeador da Descoberta de Topologia da Camada de Link', 'Status': 1, 'StartType': 3}, {'Name': 'lmhosts', 'DisplayName': 'Auxiliar NetBIOS TCP/IP', 'Status': 4, 'StartType': 3}, {'Name': 'LMS', 'DisplayName': 'Intel(R) Management and Security Application Local Management Service', 'Status': 4, 'StartType': 2}, {'Name': 'LSM', 'DisplayName': 'Gerenciador de Sessão Local', 'Status': 4, 'StartType': 2}, {'Name': 'LxpSvc', 'DisplayName': 'Serviço de Experiência em Idiomas', 'Status': 1, 'StartType': 3}, {'Name': 'MapsBroker', 'DisplayName': 'Gerenciador de Mapas Baixados', 'Status': 1, 'StartType': 2}, {'Name': 'McpManagementService', 'DisplayName': 'McpManagementService', 'Status': 1, 'StartType': 3}, {'Name': 'MDCoreSvc', 'DisplayName': 'Serviço Microsoft Defender Core', 'Status': 1, 'StartType': 3}, {'Name': 'MessagingService_74a110', 'DisplayName': 'MessagingService_74a110', 'Status': 1, 'StartType': 3}, {'Name': 'MicrosoftEdgeElevationService', 'DisplayName': 'Microsoft Edge Elevation Service (MicrosoftEdgeElevationService)', 'Status': 1, 'StartType': 3}, {'Name': 'MixedRealityOpenXRSvc', 'DisplayName': 'Windows Mixed Reality OpenXR Service', 'Status': 1, 'StartType': 3}, {'Name': 'mpssvc', 'DisplayName': 'Windows Defender Firewall', 'Status': 4, 'StartType': 2}, {'Name': 'MSDTC', 'DisplayName': 'Coordenador de transações distribuídas', 'Status': 1, 'StartType': 3}, {'Name': 'MSiSCSI', 'DisplayName': 'Serviço Iniciador Microsoft iSCSI', 'Status': 1, 'StartType': 3}, {'Name': 'msiserver', 'DisplayName': 'Windows Installer', 'Status': 1, 'StartType': 3}, {'Name': 'MsKeyboardFilter', 'DisplayName': 'Filtro de Teclado da Microsoft', 'Status': 1, 'StartType': 4}, {'Name': 'NaturalAuthentication', 'DisplayName': 'Autenticação Natural', 'Status': 1, 'StartType': 3}, {'Name': 'NcaSvc', 'DisplayName': 'Assistente de Conectividade de Rede', 'Status': 1, 'StartType': 3}, {'Name': 'NcbService', 'DisplayName': 'Agente de Conexão de Rede', 'Status': 4, 'StartType': 3}, {'Name': 'NcdAutoSetup', 'DisplayName': 'Instalação Automática de Dispositivos Conectados à Rede', 'Status': 1, 'StartType': 3}, {'Name': 'Net Driver HPZ12', 'DisplayName': 'Net Driver HPZ12', 'Status': 4, 'StartType': 2}, {'Name': 'Netlogon', 'DisplayName': 'Logon de rede', 'Status': 4, 'StartType': 2}, {'Name': 'Netman', 'DisplayName': 'Conexões de Rede', 'Status': 1, 'StartType': 3}, {'Name': 'NetMsmqActivator', 'DisplayName': 'Listener Adapter do Net.Msmq', 'Status': 1, 'StartType': 4}, {'Name': 'NetPipeActivator', 'DisplayName': 'Listener Adapter do Net.Pipe', 'Status': 4, 'StartType': 2}, {'Name': 'netprofm', 'DisplayName': 'Serviço da Lista de Redes', 'Status': 4, 'StartType': 3}, {'Name': 'NetSetupSvc', 'DisplayName': 'Serviço de Configuração de Rede', 'Status': 1, 'StartType': 3}, {'Name': 'NetTcpActivator', 'DisplayName': 'Listener Adapter Net.Tcp', 'Status': 4, 'StartType': 2}, {'Name': 'NetTcpPortSharing', 'DisplayName': 'Serviço de Compartilhamento de Porta Net.Tcp', 'Status': 4, 'StartType': 3}, {'Name': 'NgcCtnrSvc', 'DisplayName': 'Contêiner do Microsoft Passport', 'Status': 1, 'StartType': 3}, {'Name': 'NgcSvc', 'DisplayName': 'Microsoft Passport', 'Status': 1, 'StartType': 3}, {'Name': 'NlaSvc', 'DisplayName': 'Reconhecimento de Locais de Rede', 'Status': 4, 'StartType': 2}, {'Name': 'nsi', 'DisplayName': 'Serviço de Interface de Repositório de Rede', 'Status': 4, 'StartType': 2}, {'Name': 'OneSyncSvc_74a110', 'DisplayName': 'Host de Sincronização_74a110', 'Status': 4, 'StartType': 2}, {'Name': 'p2pimsvc', 'DisplayName': 'Identity Manager de Rede de Par', 'Status': 1, 'StartType': 3}, {'Name': 'p2psvc', 'DisplayName': 'Agrupamento de Rede de Par', 'Status': 1, 'StartType': 3}, {'Name': 'PcaSvc', 'DisplayName': 'Serviço Auxiliar de Compatibilidade de Programas', 'Status': 4, 'StartType': 3}, {'Name': 'PeerDistSvc', 'DisplayName': 'BranchCache', 'Status': 1, 'StartType': 3}, {'Name': 'perceptionsimulation', 'DisplayName': 'Serviço de Simulação de Percepção do Windows', 'Status': 1, 'StartType': 3}, {'Name': 'PerfHost', 'DisplayName': 'Host de DLL de Contador de Desempenho', 'Status': 1, 'StartType': 3}, {'Name': 'PhoneSvc', 'DisplayName': 'Serviço de Telefonia', 'Status': 4, 'StartType': 3}, {'Name': 'PimIndexMaintenanceSvc_74a110', 'DisplayName': 'Dados de Contato_74a110', 'Status': 1, 'StartType': 3}, {'Name': 'pla', 'DisplayName': 'Logs e alertas de desempenho', 'Status': 1, 'StartType': 3}, {'Name': 'PlugPlay', 'DisplayName': 'Plug and Play', 'Status': 4, 'StartType': 3}, {'Name': 'Pml Driver HPZ12', 'DisplayName': 'Pml Driver HPZ12', 'Status': 4, 'StartType': 2}, {'Name': 'PNRPAutoReg', 'DisplayName': 'Serviço de Publicação de Nome de Computador do PNRP', 'Status': 1, 'StartType': 3}, {'Name': 'PNRPsvc', 'DisplayName': 'Protocolo PNRP', 'Status': 1, 'StartType': 3}, {'Name': 'PolicyAgent', 'DisplayName': 'Agente de Política IPsec', 'Status': 4, 'StartType': 3}, {'Name': 'Power', 'DisplayName': 'Desligar', 'Status': 4, 'StartType': 2}, {'Name': 'PrintNotify', 'DisplayName': 'Extensões e Notificações da Impressora', 'Status': 1, 'StartType': 3}, {'Name': 'PrintWorkflowUserSvc_74a110', 'DisplayName': 'PrintWorkflow_74a110', 'Status': 1, 'StartType': 3}, {'Name': 'ProfSvc', 'DisplayName': 'Serviço de Perfil de Usuário', 'Status': 4, 'StartType': 2}, {'Name': 'PushToInstall', 'DisplayName': 'Serviço Windows PushToInstall', 'Status': 1, 'StartType': 3}, {'Name': 'QWAVE', 'DisplayName': 'Quality Windows Audio Video Experience', 'Status': 1, 'StartType': 3}, {'Name': 'RasAuto', 'DisplayName': 'Gerenciador de conexão de acesso remoto automático', 'Status': 1, 'StartType': 3}, {'Name': 'RasMan', 'DisplayName': 'Gerenciador de conexão de acesso remoto', 'Status': 4, 'StartType': 2}, {'Name': 'RemoteAccess', 'DisplayName': 'Roteamento e Acesso Remoto', 'Status': 1, 'StartType': 4}, {'Name': 'RemoteRegistry', 'DisplayName': 'Registro remoto', 'Status': 1, 'StartType': 4}, {'Name': 'RetailDemo', 'DisplayName': 'Serviço de Demonstração de Revenda', 'Status': 1, 'StartType': 3}, {'Name': 'RmSvc', 'DisplayName': 'Serviço de Gerenciamento de Rádio', 'Status': 4, 'StartType': 3}, {'Name': 'RpcEptMapper', 'DisplayName': 'Mapeador de Ponto de Extremidade RPC', 'Status': 4, 'StartType': 2}, {'Name': 'RpcLocator', 'DisplayName': 'RpcLocator', 'Status': 4, 'StartType': 2}, {'Name': 'RpcSs', 'DisplayName': 'RPC (Chamada de Procedimento Remoto)', 'Status': 4, 'StartType': 2}, {'Name': 'RServer3', 'DisplayName': 'Radmin Server V3', 'Status': 4, 'StartType': 2}, {'Name': 'RtkAudioService', 'DisplayName': 'Realtek Audio Service', 'Status': 4, 'StartType': 2}, {'Name': 'SamSs', 'DisplayName': 'Gerente de Contas de Segurança', 'Status': 4, 'StartType': 2}, {'Name': 'SCardSvr', 'DisplayName': 'Cartão inteligente', 'Status': 4, 'StartType': 3}, {'Name': 'ScDeviceEnum', 'DisplayName': 'Serviço de Enumeração de Dispositivo de Cartão Inteligente', 'Status': 4, 'StartType': 3}, {'Name': 'Schedule', 'DisplayName': 'Agendador de Tarefas', 'Status': 4, 'StartType': 2}, {'Name': 'SCPolicySvc', 'DisplayName': 'Política de Remoção de Cartão Inteligente', 'Status': 1, 'StartType': 3}, {'Name': 'SDRSVC', 'DisplayName': 'Backup do Windows', 'Status': 1, 'StartType': 3}, {'Name': 'seclogon', 'DisplayName': 'Logon secundário', 'Status': 1, 'StartType': 3}, {'Name': 'SecurityHealthService', 'DisplayName': 'Serviço de Segurança do Windows', 'Status': 4, 'StartType': 3}, {'Name': 'SEMgrSvc', 'DisplayName': 'Gerenciador de NFC/SE e Pagamentos', 'Status': 1, 'StartType': 3}, {'Name': 'SENS', 'DisplayName': 'Serviço de Notificação de Eventos do Sistema', 'Status': 4, 'StartType': 2}, {'Name': 'Sense', 'DisplayName': 'Windows Defender Advanced Threat Protection Service', 'Status': 1, 'StartType': 3}, {'Name': 'SensorDataService', 'DisplayName': 'Serviço de Dados de Sensor', 'Status': 1, 'StartType': 3}, {'Name': 'SensorService', 'DisplayName': 'Serviço de Sensor', 'Status': 1, 'StartType': 3}, {'Name': 'SensrSvc', 'DisplayName': 'Serviço de Monitoramento de Sensor', 'Status': 1, 'StartType': 3}, {'Name': 'SessionEnv', 'DisplayName': 'Configuração da Área de Trabalho Remota', 'Status': 4, 'StartType': 3}, {'Name': 'SharedAccess', 'DisplayName': 'ICS (Compartilhamento de Conexão com a Internet)', 'Status': 1, 'StartType': 3}, {'Name': 'SharedRealitySvc', 'DisplayName': 'Serviço de Dados Espaciais', 'Status': 1, 'StartType': 3}, {'Name': 'ShellHWDetection', 'DisplayName': 'Detecção do hardware do shell', 'Status': 4, 'StartType': 2}, {'Name': 'shpamsvc', 'DisplayName': 'Shared PC Account Manager', 'Status': 1, 'StartType': 4}, {'Name': 'smphost', 'DisplayName': 'SMP de Espaços de Armazenamento da Microsoft', 'Status': 1, 'StartType': 3}, {'Name': 'SmsRouter', 'DisplayName': 'Serviço de Roteador SMS do Microsoft Windows', 'Status': 1, 'StartType': 3}, {'Name': 'SNMPTRAP', 'DisplayName': 'Interceptação SNMP', 'Status': 1, 'StartType': 3}, {'Name': 'spectrum', 'DisplayName': 'Serviço de Percepção do Windows', 'Status': 1, 'StartType': 3}, {'Name': 'Spooler', 'DisplayName': 'Spooler de Impressão', 'Status': 4, 'StartType': 2}, {'Name': 'sppsvc', 'DisplayName': 'Proteção de Software', 'Status': 1, 'StartType': 2}, {'Name': 'SSDPSRV', 'DisplayName': 'Descoberta SSDP', 'Status': 4, 'StartType': 3}, {'Name': 'ssh-agent', 'DisplayName': 'OpenSSH Authentication Agent', 'Status': 1, 'StartType': 4}, {'Name': 'SstpSvc', 'DisplayName': 'Serviço SSTP', 'Status': 4, 'StartType': 3}, {'Name': 'StateRepository', 'DisplayName': 'Serviço de Repositório de Estado', 'Status': 4, 'StartType': 3}, {'Name': 'stisvc', 'DisplayName': 'Assistente de aquisição de imagens do Windows (WIA)', 'Status': 1, 'StartType': 3}, {'Name': 'StorSvc', 'DisplayName': 'Serviço de Armazenamento', 'Status': 4, 'StartType': 2}, {'Name': 'svsvc', 'DisplayName': 'Verificador de Ponto', 'Status': 1, 'StartType': 3}, {'Name': 'swprv', 'DisplayName': 'Provedor de Cópia de Sombra de Software da Microsoft', 'Status': 1, 'StartType': 3}, {'Name': 'SysMain', 'DisplayName': 'SysMain', 'Status': 1, 'StartType': 4}, {'Name': 'SystemEventsBroker', 'DisplayName': 'Agente de Eventos do Sistema', 'Status': 4, 'StartType': 2}, {'Name': 'TabletInputService', 'DisplayName': 'Serviço de Teclado Virtual e Painel de Manuscrito', 'Status': 4, 'StartType': 3}, {'Name': 'TapiSrv', 'DisplayName': 'Telefonia', 'Status': 1, 'StartType': 3}, {'Name': 'TeamViewer', 'DisplayName': 'TeamViewer', 'Status': 4, 'StartType': 2}, {'Name': 'TermService', 'DisplayName': 'Serviços de Área de Trabalho Remota', 'Status': 4, 'StartType': 3}, {'Name': 'Themes', 'DisplayName': 'Temas', 'Status': 4, 'StartType': 2}, {'Name': 'TieringEngineService', 'DisplayName': 'Gerenciamento de Camadas de Armazenamento', 'Status': 1, 'StartType': 3}, {'Name': 'TimeBrokerSvc', 'DisplayName': 'Agente de Tempo', 'Status': 4, 'StartType': 3}, {'Name': 'TokenBroker', 'DisplayName': 'Gerenciador de Conta da Web', 'Status': 4, 'StartType': 3}, {'Name': 'TrkWks', 'DisplayName': 'Cliente de rastreamento de link distribuído', 'Status': 4, 'StartType': 2}, {'Name': 'TroubleshootingSvc', 'DisplayName': 'Serviço de solução de problemas recomendado', 'Status': 1, 'StartType': 3}, {'Name': 'TrustedInstaller', 'DisplayName': 'Instalador de Módulos do Windows', 'Status': 1, 'StartType': 3}, {'Name': 'tzautoupdate', 'DisplayName': 'Atualizador de Fuso Horário Automático', 'Status': 1, 'StartType': 4}, {'Name': 'UdkUserSvc_74a110', 'DisplayName': 'Serviço de usuário UDK_74a110', 'Status': 1, 'StartType': 3}, {'Name': 'UevAgentService', 'DisplayName': 'Serviço de User Experience Virtualization', 'Status': 1, 'StartType': 4}, {'Name': 'uhssvc', 'DisplayName': 'Microsoft Update Health Service', 'Status': 1, 'StartType': 4}, {'Name': 'UmRdpService', 'DisplayName': 'Redirecionador de Portas do Modo do Usuário dos Serviços de Área de Trabalho', 'Status': 4, 'StartType': 3}, {'Name': 'UnistoreSvc_74a110', 'DisplayName': 'Armazenamento de Dados de Usuário_74a110', 'Status': 1, 'StartType': 3}, {'Name': 'upnphost', 'DisplayName': 'Host de dispositivo UPnP', 'Status': 1, 'StartType': 3}, {'Name': 'UserDataSvc_74a110', 'DisplayName': 'Acesso a Dados de Usuário_74a110', 'Status': 1, 'StartType': 3}, {'Name': 'UserManager', 'DisplayName': 'Gerenciador de Usuários', 'Status': 4, 'StartType': 2}, {'Name': 'UsoSvc', 'DisplayName': 'Serviço orquestrador de atualizações', 'Status': 4, 'StartType': 2}, {'Name': 'uvnc_service', 'DisplayName': 'uvnc_service', 'Status': 4, 'StartType': 2}, {'Name': 'VacSvc', 'DisplayName': 'Serviço Compositor de Áudio Volumétrico', 'Status': 1, 'StartType': 3}, {'Name': 'VaultSvc', 'DisplayName': 'Gerenciador de Credenciais', 'Status': 4, 'StartType': 3}, {'Name': 'vds', 'DisplayName': 'Disco Virtual', 'Status': 1, 'StartType': 3}, {'Name': 'vmicguestinterface', 'DisplayName': 'Interface de Serviço de Convidado do Hyper-V', 'Status': 1, 'StartType': 3}, {'Name': 'vmicheartbeat', 'DisplayName': 'Serviço de Pulsação do Hyper-V', 'Status': 1, 'StartType': 3}, {'Name': 'vmickvpexchange', 'DisplayName': 'Serviço de Troca de Dados do Hyper-V', 'Status': 1, 'StartType': 3}, {'Name': 'vmicrdv', 'DisplayName': 'Serviço de Virtualização de Área de Trabalho Remota do Hyper-V', 'Status': 1, 'StartType': 3}, {'Name': 'vmicshutdown', 'DisplayName': 'Serviço de Desligamento de Convidado do Hyper-V', 'Status': 1, 'StartType': 3}, {'Name': 'vmictimesync', 'DisplayName': 'Serviço de Sincronização de Data/Hora do Hyper-V', 'Status': 1, 'StartType': 3}, {'Name': 'vmicvmsession', 'DisplayName': 'Serviço Direto do Hyper-V PowerShell', 'Status': 1, 'StartType': 3}, {'Name': 'vmicvss', 'DisplayName': 'Solicitante de Cópia de Sombra de Volume do Hyper-V', 'Status': 1, 'StartType': 3}, {'Name': 'VSS', 'DisplayName': 'Cópia de Sombra de Volume', 'Status': 1, 'StartType': 3}, {'Name': 'W32Time', 'DisplayName': 'Horário do Windows', 'Status': 4, 'StartType': 3}, {'Name': 'w3logsvc', 'DisplayName': 'Serviço de Log W3C', 'Status': 1, 'StartType': 3}, {'Name': 'W3SVC', 'DisplayName': 'Serviço de Publicação da World Wide Web', 'Status': 4, 'StartType': 2}, {'Name': 'WaaSMedicSvc', 'DisplayName': 'Serviço Medic do Windows Update', 'Status': 4, 'StartType': 3}, {'Name': 'WalletService', 'DisplayName': 'WalletService', 'Status': 1, 'StartType': 3}, {'Name': 'WarpJITSvc', 'DisplayName': 'WarpJITSvc', 'Status': 1, 'StartType': 3}, {'Name': 'WAS', 'DisplayName': 'Serviço de Ativação de Processos do Windows', 'Status': 4, 'StartType': 3}, {'Name': 'wbengine', 'DisplayName': 'Serviço de Mecanismo de Backup em Nível de Bloco', 'Status': 1, 'StartType': 3}, {'Name': 'WbioSrvc', 'DisplayName': 'Serviço de Biometria do Windows', 'Status': 1, 'StartType': 3}, {'Name': 'Wcmsvc', 'DisplayName': 'Gerenciador de Conexões do Windows', 'Status': 4, 'StartType': 2}, {'Name': 'wcncsvc', 'DisplayName': 'Conexão Fácil do Windows - Registrador de Configuração', 'Status': 1, 'StartType': 3}, {'Name': 'WdiServiceHost', 'DisplayName': 'Host do Serviço de Diagnóstico', 'Status': 4, 'StartType': 3}, {'Name': 'WdiSystemHost', 'DisplayName': 'Host do Sistema de Diagnósticos', 'Status': 4, 'StartType': 3}, {'Name': 'WdNisSvc', 'DisplayName': 'Serviço de Inspeção de Rede do Microsoft Defender Antivírus', 'Status': 1, 'StartType': 3}, {'Name': 'WebClient', 'DisplayName': 'Cliente da Web', 'Status': 1, 'StartType': 3}, {'Name': 'Wecsvc', 'DisplayName': 'Coletor de Eventos do Windows', 'Status': 1, 'StartType': 3}, {'Name': 'WEPHOSTSVC', 'DisplayName': 'Serviço de Host do Provedor de Criptografia do Windows', 'Status': 1, 'StartType': 3}, {'Name': 'wercplsupport', 'DisplayName': 'Suporte do Painel de Controle Relatórios de problemas', 'Status': 1, 'StartType': 3}, {'Name': 'WerSvc', 'DisplayName': 'Serviço de Relatórios de Erro do Windows', 'Status': 1, 'StartType': 3}, {'Name': 'WFDSConMgrSvc', 'DisplayName': 'Serviço do Gerenciador de Conexões de Serviços do Wi-Fi Direct', 'Status': 1, 'StartType': 3}, {'Name': 'WiaRpc', 'DisplayName': 'Eventos de Aquisição de Imagens Estáticas', 'Status': 1, 'StartType': 3}, {'Name': 'WinDefend', 'DisplayName': 'Serviço Microsoft Defender Antivírus', 'Status': 1, 'StartType': 3}, {'Name': 'WinHttpAutoProxySvc', 'DisplayName': 'Serviço de Descoberta Automática de Proxy da Web do WinHTTP', 'Status': 4, 'StartType': 3}, {'Name': 'Winmgmt', 'DisplayName': 'Testador de instrumentação de gerenciam. do Windows', 'Status': 4, 'StartType': 2}, {'Name': 'WinRM', 'DisplayName': 'Windows Remote Management (WS-Management)', 'Status': 4, 'StartType': 2}, {'Name': 'WinVNC4', 'DisplayName': 'VNC Server Version 4', 'Status': 4, 'StartType': 2}, {'Name': 'wisvc', 'DisplayName': 'Serviço do Windows Insider', 'Status': 1, 'StartType': 3}, {'Name': 'WlanSvc', 'DisplayName': 'Configuração Automática de WLAN', 'Status': 1, 'StartType': 3}, {'Name': 'wlidsvc', 'DisplayName': 'Assistente de Conexão de Conta da Microsoft', 'Status': 1, 'StartType': 3}, {'Name': 'wlpasvc', 'DisplayName': 'Serviço Assistente de Perfil Local', 'Status': 1, 'StartType': 3}, {'Name': 'WManSvc', 'DisplayName': 'Serviço de gerenciamento do Windows', 'Status': 1, 'StartType': 3}, {'Name': 'wmiApSrv', 'DisplayName': 'Adaptador de Desempenho WMI', 'Status': 1, 'StartType': 3}, {'Name': 'WMPNetworkSvc', 'DisplayName': 'Serviço de Compartilhamento de Rede do Windows Media Player', 'Status': 1, 'StartType': 3}, {'Name': 'workfolderssvc', 'DisplayName': 'Pastas de Trabalho', 'Status': 1, 'StartType': 3}, {'Name': 'WpcMonSvc', 'DisplayName': 'Controles dos Pais', 'Status': 1, 'StartType': 3}, {'Name': 'WPDBusEnum', 'DisplayName': 'Serviço Enumerador de Dispositivos Portáteis', 'Status': 1, 'StartType': 3}, {'Name': 'WpnService', 'DisplayName': 'Serviço do Sistema de Notificações por Push do Windows', 'Status': 4, 'StartType': 2}, {'Name': 'WpnUserService_74a110', 'DisplayName': 'Serviço de Usuário de Notificações por Push do Windows_74a110', 'Status': 4, 'StartType': 2}, {'Name': 'wscsvc', 'DisplayName': 'Central de Segurança', 'Status': 4, 'StartType': 2}, {'Name': 'WSearch', 'DisplayName': 'WSearch', 'Status': 1, 'StartType': 4}, {'Name': 'wuauserv', 'DisplayName': 'Windows Update', 'Status': 4, 'StartType': 3}, {'Name': 'WwanSvc', 'DisplayName': 'Configuração Automática de WWAN', 'Status': 1, 'StartType': 3}, {'Name': 'XblAuthManager', 'DisplayName': 'Gerenciador de Autenticação Xbox Live', 'Status': 1, 'StartType': 3}, {'Name': 'XblGameSave', 'DisplayName': 'Salvar Jogos no Xbox Live', 'Status': 1, 'StartType': 3}, {'Name': 'XboxGipSvc', 'DisplayName': 'Xbox Accessory Management Service', 'Status': 1, 'StartType': 3}, {'Name': 'XboxNetApiSvc', 'DisplayName': 'Serviço de Rede Xbox Live', 'Status': 1, 'StartType': 3}, {'Name': 'XTU3SERVICE', 'DisplayName': 'XTUOCDriverService', 'Status': 4, 'StartType': 2}],), {})
2025-09-13 23:39:59,461 - root - INFO - Widget callback - scheduling with after_idle
2025-09-13 23:39:59,461 - root - INFO - Callback agendado com sucesso
2025-09-13 23:39:59,463 - root - INFO - Executando callback: <bound method ServicesFrame.process_remote_data of <src.ui.components.services_frame.ServicesFrame object .!ctkframe.!hosttabview.!ctkframe.!ctktabview.!ctkframe3.!ctkframe.!ctktabview.!ctkframe5.!servicesframe>>
2025-09-13 23:39:59,848 - root - INFO - Callback executado com sucesso: <bound method ServicesFrame.process_remote_data of <src.ui.components.services_frame.ServicesFrame object .!ctkframe.!hosttabview.!ctkframe.!ctktabview.!ctkframe3.!ctkframe.!ctktabview.!ctkframe5.!servicesframe>>
2025-09-13 23:40:58,548 - root - INFO - EventLogFrame initialized for host: CMI-10947.saude.betim
2025-09-13 23:40:59,101 - root - INFO - Opening credential dialog for target: 10.5.5.48
2025-09-13 23:41:04,223 - root - INFO - Credential dialog confirmed for user: saude.betim\raphael.rego
2025-09-13 23:41:04,288 - root - WARNING - _notify_state_change chamado mas sem callback definido para comando 'get_logs'
2025-09-13 23:41:04,289 - root - ERROR - Erro não tratado na thread 'get_logs': object of type 'generator' has no len()
2025-09-13 23:41:04,290 - root - INFO - LoadingWindow: destroy() chamado - redirecionando para _force_destroy()
2025-09-13 23:41:04,292 - root - INFO - LoadingWindow: Iniciando destruição forçada
2025-09-13 23:41:04,293 - root - INFO - LoadingWindow: destroy() chamado - redirecionando para _force_destroy()
2025-09-13 23:41:04,293 - root - INFO - LoadingWindow: Destruição forçada concluída
2025-09-13 23:41:04,340 - root - INFO - Q_ITEM_CALLBACK recebido - tipo: <class 'tuple'>, conteúdo: (<bound method BaseToolController._command_finished of <src.ui.components.tool_controllers.event_log_controller.EventLogController object at 0x000002314AC71160>>, (False,), {})
2025-09-13 23:41:04,340 - root - INFO - Agendando callback: <bound method BaseToolController._command_finished of <src.ui.components.tool_controllers.event_log_controller.EventLogController object at 0x000002314AC71160>>
2025-09-13 23:41:04,341 - root - INFO - Callback data structure: (<bound method BaseToolController._command_finished of <src.ui.components.tool_controllers.event_log_controller.EventLogController object at 0x000002314AC71160>>, (False,), {})
2025-09-13 23:41:04,344 - root - INFO - Non-widget callback - scheduling with after_idle
2025-09-13 23:41:04,345 - root - INFO - Callback agendado com sucesso
2025-09-13 23:41:04,345 - root - INFO - Executando callback: <bound method BaseToolController._command_finished of <src.ui.components.tool_controllers.event_log_controller.EventLogController object at 0x000002314AC71160>>
2025-09-13 23:41:04,346 - root - INFO - _command_finished called with running_state=False, running_command='get_logs', is_running=True, provided_command_name='None'
2025-09-13 23:41:04,346 - root - INFO - Comando 'get_logs' finalizado para o host 'CMI-10947.saude.betim'.
2025-09-13 23:41:04,347 - root - INFO - Callback executado com sucesso: <bound method BaseToolController._command_finished of <src.ui.components.tool_controllers.event_log_controller.EventLogController object at 0x000002314AC71160>>
2025-09-13 23:41:09,168 - root - INFO - Initializing RemoteShellFrame for host: CMI-10947.saude.betim
2025-09-13 23:41:11,512 - root - INFO - Launch shell button clicked for host: CMI-10947.saude.betim
2025-09-13 23:41:11,512 - root - INFO - Launching remote shell for host: CMI-10947.saude.betim
2025-09-13 23:41:11,515 - root - INFO - START: Iniciando 'launch_shell' para host 'CMI-10947.saude.betim'
2025-09-13 23:41:11,519 - root - INFO - Opening credential dialog for target: 10.5.5.48
2025-09-13 23:41:15,559 - root - INFO - Credential dialog confirmed for user: saude.betim\raphael.rego
2025-09-13 23:41:15,588 - root - INFO - START: Criando thread para 'launch_shell'
2025-09-13 23:41:15,589 - root - INFO - THREAD: Executando 'launch_shell' com args: ('saude.betim\\raphael.rego', '$067076')
2025-09-13 23:41:15,590 - root - INFO - START: Thread 'launch_shell' iniciada com sucesso
2025-09-13 23:41:15,592 - root - INFO - START: Iniciando process_queue para 'launch_shell'
2025-09-13 23:41:15,801 - root - INFO - THREAD: 'launch_shell' executado com sucesso
2025-09-13 23:41:15,801 - root - INFO - THREAD: Finalizando 'launch_shell'
2025-09-13 23:41:15,895 - root - INFO - Q_ITEM_CALLBACK recebido - tipo: <class 'tuple'>, conteúdo: (<bound method BaseToolController._close_loading_window of <src.ui.components.tool_controllers.remote_shell_controller.RemoteShellController object at 0x000002314AC712B0>>, (), {})
2025-09-13 23:41:15,895 - root - INFO - Agendando callback: <bound method BaseToolController._close_loading_window of <src.ui.components.tool_controllers.remote_shell_controller.RemoteShellController object at 0x000002314AC712B0>>
2025-09-13 23:41:15,896 - root - INFO - Callback data structure: (<bound method BaseToolController._close_loading_window of <src.ui.components.tool_controllers.remote_shell_controller.RemoteShellController object at 0x000002314AC712B0>>, (), {})
2025-09-13 23:41:15,899 - root - INFO - Non-widget callback - scheduling with after_idle
2025-09-13 23:41:15,900 - root - INFO - Callback agendado com sucesso
2025-09-13 23:41:15,901 - root - INFO - Executando callback: <bound method BaseToolController._close_loading_window of <src.ui.components.tool_controllers.remote_shell_controller.RemoteShellController object at 0x000002314AC712B0>>
2025-09-13 23:41:15,902 - root - INFO - Callback executado com sucesso: <bound method BaseToolController._close_loading_window of <src.ui.components.tool_controllers.remote_shell_controller.RemoteShellController object at 0x000002314AC712B0>>
2025-09-13 23:41:32,807 - root - INFO - PerformanceMonitor stopped
2025-09-13 23:41:32,807 - root - INFO - Credential vault locked
2025-09-13 23:41:33,181 - root - INFO - LoadingWindow: destroy() chamado - redirecionando para _force_destroy()
2025-09-13 23:41:33,181 - root - INFO - LoadingWindow: destroy() chamado - redirecionando para _force_destroy()
2025-09-13 23:41:33,199 - root - INFO - Executando limpeza de recursos...
2025-09-13 23:41:33,202 - root - INFO - Credential vault locked
2025-09-13 23:41:33,205 - root - INFO - Limpeza de recursos concluída
2025-09-13 23:41:33,211 - root - INFO - Aplicação finalizada normalmente
2025-09-13 23:41:40,734 - root - INFO - Iniciando aplicação Ferramentas de Rede v2.0.0
2025-09-13 23:41:41,919 - root - INFO - Criando instância da aplicação...
2025-09-13 23:41:42,161 - root - INFO - PerformanceMonitor initialized
2025-09-13 23:41:42,293 - root - INFO - Initializing HostTabView
2025-09-13 23:41:42,605 - root - INFO - Instância criada com sucesso
2025-09-13 23:41:42,605 - root - INFO - Executando aplicação...
2025-09-13 23:41:42,606 - root - INFO - Sistema de proteção contra loops configurado
2025-09-13 23:41:42,610 - root - INFO - PerformanceMonitor started
2025-09-13 23:41:42,610 - root - INFO - Monitor de performance iniciado
2025-09-13 23:41:42,626 - root - INFO - Watchdog do mainloop iniciado
2025-09-13 23:41:42,626 - root - INFO - Iniciando mainloop com proteção anti-travamento...
2025-09-13 23:41:43,279 - root - INFO - HomeTabManager.update_home_buttons_state chamado:
2025-09-13 23:41:43,280 - root - INFO -   - status_data: None
2025-09-13 23:41:43,280 - root - INFO -   - controller.running_command: None
2025-09-13 23:41:43,280 - root - INFO -   - controller.is_running: False
2025-09-13 23:41:43,281 - root - INFO -   - ping_running: None
2025-09-13 23:41:43,281 - root - INFO -   - traceroute_running: None
2025-09-13 23:41:43,288 - root - INFO - Populating initial host tabs
2025-09-13 23:41:43,297 - root - INFO - Carregamento de dados concluído
2025-09-13 23:41:44,110 - root - INFO - Loading tools for host tab: CMI-10947.saude.betim
2025-09-13 23:41:44,321 - root - INFO - SysInfoController initialized for host: CMI-10947.saude.betim
2025-09-13 23:41:44,362 - root - INFO - Initializing PingFrame for host: CMI-10947.saude.betim
2025-09-13 23:41:46,721 - root - INFO - START: Iniciando 'list_users' para host 'CMI-10947.saude.betim'
2025-09-13 23:41:46,722 - root - INFO - Opening credential dialog for target: 10.5.5.48
2025-09-13 23:41:50,528 - root - INFO - Credential vault does not exist and user hasn't been prompted this session. Showing vault prompt dialog.
2025-09-13 23:41:50,528 - root - INFO - Showing vault creation prompt dialog.
2025-09-13 23:41:53,407 - root - INFO - User chose NOT to create a vault.
2025-09-13 23:41:53,448 - root - INFO - Vault prompt dialog result: False
2025-09-13 23:41:53,449 - root - INFO - Credential dialog confirmed for user: saude.betim\raphael.rego
2025-09-13 23:41:53,486 - root - INFO - RemoteSessionsFrame recebeu atualização de status: Comando 'list_users', Rodando: True
2025-09-13 23:41:53,492 - root - INFO - START: Criando thread para 'list_users'
2025-09-13 23:41:53,492 - root - INFO - THREAD: Executando 'list_users' com args: ('saude.betim\\raphael.rego', '$067076', <bound method RemoteSessionsFrame.update_users_combobox of <src.ui.components.remote_sessions_frame.RemoteSessionsFrame object .!ctkframe.!hosttabview.!ctkframe.!ctktabview.!ctkframe3.!ctkframe.!ctktabview.!ctkframe3.!remotesessionsframe>>)
2025-09-13 23:41:53,492 - root - INFO - START: Thread 'list_users' iniciada com sucesso
2025-09-13 23:41:53,493 - pypsrp.powershell - INFO - Initialising RunspacePool object for configuration Microsoft.PowerShell
2025-09-13 23:41:53,493 - root - INFO - START: Iniciando process_queue para 'list_users'
2025-09-13 23:41:53,494 - pypsrp.powershell - INFO - Opening a new Runspace Pool on remote host
2025-09-13 23:41:53,679 - pypsrp.powershell - INFO - Initialising PowerShell in remote Runspace Pool
2025-09-13 23:41:53,679 - root - INFO - Executing 'list_connected_users_winrm' on 10.5.5.48
2025-09-13 23:41:53,680 - pypsrp.powershell - INFO - Initialising PowerShell in remote Runspace Pool
2025-09-13 23:41:53,680 - pypsrp.powershell - INFO - Beginning remote Pipeline invocation
2025-09-13 23:41:54,042 - root - INFO - === QUSER DEBUG ===
2025-09-13 23:41:54,042 - root - INFO - PowerShell result: {'success': True, 'output': ['{"UserName":"raphael.rego","SessionId":"2","State":"Ativo","SessionName":"rdp-tcp#1"}']}
2025-09-13 23:41:54,043 - root - INFO - Output lines count: 1
2025-09-13 23:41:54,043 - root - INFO - Full PowerShell output: {"UserName":"raphael.rego","SessionId":"2","State":"Ativo","SessionName":"rdp-tcp#1"}
2025-09-13 23:41:54,044 - root - INFO - Parsed single user: {'UserName': 'raphael.rego', 'SessionId': '2', 'State': 'Ativo', 'SessionName': 'rdp-tcp#1'}
2025-09-13 23:41:54,044 - root - INFO - Parsed 1 users from remote command
2025-09-13 23:41:54,045 - pypsrp.powershell - INFO - Closing Runspace Pool
2025-09-13 23:41:54,052 - root - INFO - Enviando callback update_users_combobox com 1 usuários
2025-09-13 23:41:54,054 - root - INFO - THREAD: 'list_users' executado com sucesso
2025-09-13 23:41:54,055 - root - INFO - THREAD: Finalizando 'list_users'
2025-09-13 23:41:54,058 - root - INFO - RemoteSessionsFrame recebeu atualização de status: Comando 'None', Rodando: False
2025-09-13 23:41:54,173 - root - INFO - Q_ITEM_CALLBACK recebido - tipo: <class 'tuple'>, conteúdo: (<bound method RemoteSessionsFrame.update_users_combobox of <src.ui.components.remote_sessions_frame.RemoteSessionsFrame object .!ctkframe.!hosttabview.!ctkframe.!ctktabview.!ctkframe3.!ctkframe.!ctktabview.!ctkframe3.!remotesessionsframe>>, ([{'UserName': 'raphael.rego', 'ID': '2', 'State': 'Ativo', 'SessionName': 'rdp-tcp#1'}],), {})
2025-09-13 23:41:54,178 - root - INFO - Agendando callback: <bound method RemoteSessionsFrame.update_users_combobox of <src.ui.components.remote_sessions_frame.RemoteSessionsFrame object .!ctkframe.!hosttabview.!ctkframe.!ctktabview.!ctkframe3.!ctkframe.!ctktabview.!ctkframe3.!remotesessionsframe>>
2025-09-13 23:41:54,179 - root - INFO - Callback data structure: (<bound method RemoteSessionsFrame.update_users_combobox of <src.ui.components.remote_sessions_frame.RemoteSessionsFrame object .!ctkframe.!hosttabview.!ctkframe.!ctktabview.!ctkframe3.!ctkframe.!ctktabview.!ctkframe3.!remotesessionsframe>>, ([{'UserName': 'raphael.rego', 'ID': '2', 'State': 'Ativo', 'SessionName': 'rdp-tcp#1'}],), {})
2025-09-13 23:41:54,184 - root - INFO - Widget callback - scheduling with after_idle
2025-09-13 23:41:54,185 - root - INFO - Callback agendado com sucesso
2025-09-13 23:41:54,189 - root - INFO - Executando callback: <bound method RemoteSessionsFrame.update_users_combobox of <src.ui.components.remote_sessions_frame.RemoteSessionsFrame object .!ctkframe.!hosttabview.!ctkframe.!ctktabview.!ctkframe3.!ctkframe.!ctktabview.!ctkframe3.!remotesessionsframe>>
2025-09-13 23:41:54,190 - root - INFO - update_users_combobox chamado com 1 usuários
2025-09-13 23:41:54,202 - root - INFO - Combobox atualizada com 1 usuários
2025-09-13 23:41:54,202 - root - INFO - Callback executado com sucesso: <bound method RemoteSessionsFrame.update_users_combobox of <src.ui.components.remote_sessions_frame.RemoteSessionsFrame object .!ctkframe.!hosttabview.!ctkframe.!ctktabview.!ctkframe3.!ctkframe.!ctktabview.!ctkframe3.!remotesessionsframe>>
2025-09-13 23:42:11,773 - root - INFO - Performance Summary - CPU: 0.0%, Memory: 83.0MB, Threads: 28.0, Active Commands: 0, Hanging Commands: 0
2025-09-13 23:42:41,951 - root - INFO - Performance Summary - CPU: 0.0%, Memory: 83.2MB, Threads: 27.4, Active Commands: 0, Hanging Commands: 0
2025-09-13 23:43:12,131 - root - INFO - Performance Summary - CPU: 0.0%, Memory: 83.2MB, Threads: 25.0, Active Commands: 0, Hanging Commands: 0
2025-09-13 23:43:34,246 - root - INFO - PerformanceMonitor stopped
2025-09-13 23:43:34,246 - root - INFO - Credential vault locked
2025-09-13 23:43:34,564 - root - INFO - Executando limpeza de recursos...
2025-09-13 23:43:34,565 - root - INFO - Credential vault locked
2025-09-13 23:43:34,568 - root - INFO - Limpeza de recursos concluída
2025-09-13 23:43:34,573 - root - INFO - Aplicação finalizada normalmente
2025-09-13 23:44:54,147 - root - INFO - Iniciando aplicação Ferramentas de Rede v2.0.0
2025-09-13 23:44:55,348 - root - INFO - Criando instância da aplicação...
2025-09-13 23:44:55,587 - root - INFO - PerformanceMonitor initialized
2025-09-13 23:44:55,722 - root - INFO - Initializing HostTabView
2025-09-13 23:44:55,998 - root - INFO - Instância criada com sucesso
2025-09-13 23:44:55,999 - root - INFO - Executando aplicação...
2025-09-13 23:44:55,999 - root - INFO - Sistema de proteção contra loops configurado
2025-09-13 23:44:56,003 - root - INFO - PerformanceMonitor started
2025-09-13 23:44:56,004 - root - INFO - Monitor de performance iniciado
2025-09-13 23:44:56,016 - root - INFO - Watchdog do mainloop iniciado
2025-09-13 23:44:56,016 - root - INFO - Iniciando mainloop com proteção anti-travamento...
2025-09-13 23:44:56,673 - root - INFO - HomeTabManager.update_home_buttons_state chamado:
2025-09-13 23:44:56,673 - root - INFO -   - status_data: None
2025-09-13 23:44:56,674 - root - INFO -   - controller.running_command: None
2025-09-13 23:44:56,674 - root - INFO -   - controller.is_running: False
2025-09-13 23:44:56,674 - root - INFO -   - ping_running: None
2025-09-13 23:44:56,674 - root - INFO -   - traceroute_running: None
2025-09-13 23:44:56,679 - root - INFO - Populating initial host tabs
2025-09-13 23:44:56,688 - root - INFO - Carregamento de dados concluído
2025-09-13 23:44:57,824 - root - INFO - Loading tools for host tab: CMI-10947.saude.betim
2025-09-13 23:44:58,017 - root - INFO - SysInfoController initialized for host: CMI-10947.saude.betim
2025-09-13 23:44:58,061 - root - INFO - Initializing PingFrame for host: CMI-10947.saude.betim
2025-09-13 23:45:00,655 - root - INFO - EventLogFrame initialized for host: CMI-10947.saude.betim
2025-09-13 23:45:01,205 - root - INFO - Opening credential dialog for target: 10.5.5.48
2025-09-13 23:45:02,275 - root - INFO - Credential dialog cancelled.
2025-09-13 23:45:25,160 - root - INFO - Performance Summary - CPU: 0.0%, Memory: 85.8MB, Threads: 27.0, Active Commands: 0, Hanging Commands: 0
2025-09-13 23:45:55,342 - root - INFO - Performance Summary - CPU: 0.0%, Memory: 85.9MB, Threads: 26.4, Active Commands: 0, Hanging Commands: 0
2025-09-13 23:46:13,455 - root - INFO - Initializing SystemToolsFrame for host: CMI-10947.saude.betim
2025-09-13 23:46:13,495 - root - INFO - Initializing SystemInfoPanel
2025-09-13 23:46:13,548 - root - INFO - Received info data for display. Data is None: False, is empty: True, has error: False
2025-09-13 23:46:17,409 - root - INFO - Initializing TracerouteFrame for host: CMI-10947.saude.betim
2025-09-13 23:46:20,314 - root - INFO - Starting traceroute for host: CMI-10947.saude.betim
2025-09-13 23:46:20,314 - root - INFO - START: Iniciando 'traceroute' para host 'CMI-10947.saude.betim'
2025-09-13 23:46:20,323 - root - INFO - START: Criando thread para 'traceroute'
2025-09-13 23:46:20,324 - root - INFO - THREAD: Executando 'traceroute' com args: ()
2025-09-13 23:46:20,324 - root - INFO - START: Thread 'traceroute' iniciada com sucesso
2025-09-13 23:46:20,324 - root - INFO - TRACEROUTE: Iniciando traceroute para 10.5.5.48
2025-09-13 23:46:20,324 - root - INFO - START: Iniciando process_queue para 'traceroute'
2025-09-13 23:46:20,324 - root - INFO - TRACEROUTE: Iniciando para 10.5.5.48
2025-09-13 23:46:25,146 - root - INFO - TRACEROUTE: Finalizado para 10.5.5.48
2025-09-13 23:46:25,147 - root - INFO - TRACEROUTE: Worker finalizado para 10.5.5.48
2025-09-13 23:46:25,148 - root - INFO - THREAD: 'traceroute' executado com sucesso
2025-09-13 23:46:25,148 - root - INFO - THREAD: Finalizando 'traceroute'
2025-09-13 23:46:25,508 - root - INFO - Performance Summary - CPU: 0.0%, Memory: 87.4MB, Threads: 25.0, Active Commands: 0, Hanging Commands: 0
2025-09-13 23:46:29,525 - root - INFO - PerformanceMonitor stopped
2025-09-13 23:46:29,526 - root - INFO - Credential vault locked
2025-09-13 23:46:29,949 - root - INFO - Executando limpeza de recursos...
2025-09-13 23:46:29,949 - root - INFO - Credential vault locked
2025-09-13 23:46:29,953 - root - INFO - Limpeza de recursos concluída
2025-09-13 23:46:29,957 - root - INFO - Aplicação finalizada normalmente
2025-09-13 23:46:32,546 - root - INFO - Iniciando aplicação Ferramentas de Rede v2.0.0
2025-09-13 23:46:33,816 - root - INFO - Criando instância da aplicação...
2025-09-13 23:46:34,075 - root - INFO - PerformanceMonitor initialized
2025-09-13 23:46:34,212 - root - INFO - Initializing HostTabView
2025-09-13 23:46:34,473 - root - INFO - Instância criada com sucesso
2025-09-13 23:46:34,473 - root - INFO - Executando aplicação...
2025-09-13 23:46:34,474 - root - INFO - Sistema de proteção contra loops configurado
2025-09-13 23:46:34,478 - root - INFO - PerformanceMonitor started
2025-09-13 23:46:34,479 - root - INFO - Monitor de performance iniciado
2025-09-13 23:46:34,496 - root - INFO - Watchdog do mainloop iniciado
2025-09-13 23:46:34,496 - root - INFO - Iniciando mainloop com proteção anti-travamento...
2025-09-13 23:46:35,176 - root - INFO - HomeTabManager.update_home_buttons_state chamado:
2025-09-13 23:46:35,177 - root - INFO -   - status_data: None
2025-09-13 23:46:35,177 - root - INFO -   - controller.running_command: None
2025-09-13 23:46:35,177 - root - INFO -   - controller.is_running: False
2025-09-13 23:46:35,177 - root - INFO -   - ping_running: None
2025-09-13 23:46:35,178 - root - INFO -   - traceroute_running: None
2025-09-13 23:46:35,187 - root - INFO - Populating initial host tabs
2025-09-13 23:46:35,199 - root - INFO - Carregamento de dados concluído
2025-09-13 23:46:35,874 - root - INFO - Loading tools for host tab: CMI-10947.saude.betim
2025-09-13 23:46:36,059 - root - INFO - SysInfoController initialized for host: CMI-10947.saude.betim
2025-09-13 23:46:36,094 - root - INFO - Initializing PingFrame for host: CMI-10947.saude.betim
2025-09-13 23:46:38,404 - root - INFO - START: Iniciando 'list_users' para host 'CMI-10947.saude.betim'
2025-09-13 23:46:38,404 - root - INFO - Opening credential dialog for target: 10.5.5.48
2025-09-13 23:46:43,570 - root - INFO - Credential vault does not exist and user hasn't been prompted this session. Showing vault prompt dialog.
2025-09-13 23:46:43,570 - root - INFO - Showing vault creation prompt dialog.
2025-09-13 23:46:45,636 - root - INFO - User chose NOT to create a vault.
2025-09-13 23:46:45,668 - root - INFO - Vault prompt dialog result: False
2025-09-13 23:46:45,669 - root - INFO - Credential dialog confirmed for user: saude.betim\raphael.rego
2025-09-13 23:46:45,707 - root - INFO - RemoteSessionsFrame recebeu atualização de status: Comando 'list_users', Rodando: True
2025-09-13 23:46:45,715 - root - INFO - START: Criando thread para 'list_users'
2025-09-13 23:46:45,715 - root - INFO - THREAD: Executando 'list_users' com args: ('saude.betim\\raphael.rego', '$067076', <bound method RemoteSessionsFrame.update_users_combobox of <src.ui.components.remote_sessions_frame.RemoteSessionsFrame object .!ctkframe.!hosttabview.!ctkframe.!ctktabview.!ctkframe3.!ctkframe.!ctktabview.!ctkframe3.!remotesessionsframe>>)
2025-09-13 23:46:45,715 - root - INFO - START: Thread 'list_users' iniciada com sucesso
2025-09-13 23:46:45,717 - pypsrp.powershell - INFO - Initialising RunspacePool object for configuration Microsoft.PowerShell
2025-09-13 23:46:45,717 - root - INFO - START: Iniciando process_queue para 'list_users'
2025-09-13 23:46:45,718 - pypsrp.powershell - INFO - Opening a new Runspace Pool on remote host
2025-09-13 23:46:45,939 - pypsrp.powershell - INFO - Initialising PowerShell in remote Runspace Pool
2025-09-13 23:46:45,939 - root - INFO - Executing 'list_connected_users_winrm' on 10.5.5.48
2025-09-13 23:46:45,940 - pypsrp.powershell - INFO - Initialising PowerShell in remote Runspace Pool
2025-09-13 23:46:45,940 - pypsrp.powershell - INFO - Beginning remote Pipeline invocation
2025-09-13 23:46:46,277 - root - INFO - === QUSER DEBUG ===
2025-09-13 23:46:46,278 - root - INFO - PowerShell result: {'success': True, 'output': ['{"UserName":"raphael.rego","SessionId":"2","State":"Ativo","SessionName":"rdp-tcp#1"}']}
2025-09-13 23:46:46,278 - root - INFO - Output lines count: 1
2025-09-13 23:46:46,278 - root - INFO - Full PowerShell output: {"UserName":"raphael.rego","SessionId":"2","State":"Ativo","SessionName":"rdp-tcp#1"}
2025-09-13 23:46:46,279 - root - INFO - Parsed single user: {'UserName': 'raphael.rego', 'SessionId': '2', 'State': 'Ativo', 'SessionName': 'rdp-tcp#1'}
2025-09-13 23:46:46,279 - root - INFO - Parsed 1 users from remote command
2025-09-13 23:46:46,280 - pypsrp.powershell - INFO - Closing Runspace Pool
2025-09-13 23:46:46,286 - root - INFO - Enviando callback update_users_combobox com 1 usuários
2025-09-13 23:46:46,286 - root - INFO - THREAD: 'list_users' executado com sucesso
2025-09-13 23:46:46,287 - root - INFO - THREAD: Finalizando 'list_users'
2025-09-13 23:46:46,294 - root - INFO - RemoteSessionsFrame recebeu atualização de status: Comando 'list_users', Rodando: False
2025-09-13 23:46:46,437 - root - INFO - Q_ITEM_CALLBACK recebido - tipo: <class 'tuple'>, conteúdo: (<bound method RemoteSessionsFrame.update_users_combobox of <src.ui.components.remote_sessions_frame.RemoteSessionsFrame object .!ctkframe.!hosttabview.!ctkframe.!ctktabview.!ctkframe3.!ctkframe.!ctktabview.!ctkframe3.!remotesessionsframe>>, ([{'UserName': 'raphael.rego', 'ID': '2', 'State': 'Ativo', 'SessionName': 'rdp-tcp#1'}],), {})
2025-09-13 23:46:46,437 - root - INFO - Agendando callback: <bound method RemoteSessionsFrame.update_users_combobox of <src.ui.components.remote_sessions_frame.RemoteSessionsFrame object .!ctkframe.!hosttabview.!ctkframe.!ctktabview.!ctkframe3.!ctkframe.!ctktabview.!ctkframe3.!remotesessionsframe>>
2025-09-13 23:46:46,439 - root - INFO - Callback data structure: (<bound method RemoteSessionsFrame.update_users_combobox of <src.ui.components.remote_sessions_frame.RemoteSessionsFrame object .!ctkframe.!hosttabview.!ctkframe.!ctktabview.!ctkframe3.!ctkframe.!ctktabview.!ctkframe3.!remotesessionsframe>>, ([{'UserName': 'raphael.rego', 'ID': '2', 'State': 'Ativo', 'SessionName': 'rdp-tcp#1'}],), {})
2025-09-13 23:46:46,445 - root - INFO - Widget callback - scheduling with after_idle
2025-09-13 23:46:46,445 - root - INFO - Callback agendado com sucesso
2025-09-13 23:46:46,446 - root - INFO - Executando callback: <bound method RemoteSessionsFrame.update_users_combobox of <src.ui.components.remote_sessions_frame.RemoteSessionsFrame object .!ctkframe.!hosttabview.!ctkframe.!ctktabview.!ctkframe3.!ctkframe.!ctktabview.!ctkframe3.!remotesessionsframe>>
2025-09-13 23:46:46,446 - root - INFO - update_users_combobox chamado com 1 usuários
2025-09-13 23:46:46,456 - root - INFO - Combobox atualizada com 1 usuários
2025-09-13 23:46:46,457 - root - INFO - Callback executado com sucesso: <bound method RemoteSessionsFrame.update_users_combobox of <src.ui.components.remote_sessions_frame.RemoteSessionsFrame object .!ctkframe.!hosttabview.!ctkframe.!ctktabview.!ctkframe3.!ctkframe.!ctktabview.!ctkframe3.!remotesessionsframe>>
2025-09-13 23:46:51,499 - root - INFO - START: Iniciando 'list_users' para host 'CMI-10947.saude.betim'
2025-09-13 23:46:51,500 - root - INFO - Opening credential dialog for target: 10.5.5.48
2025-09-13 23:46:55,346 - root - INFO - Credential dialog confirmed for user: saude.betim\raphael.rego
2025-09-13 23:46:55,384 - root - INFO - RemoteSessionsFrame recebeu atualização de status: Comando 'list_users', Rodando: True
2025-09-13 23:46:55,394 - root - INFO - START: Criando thread para 'list_users'
2025-09-13 23:46:55,395 - root - INFO - THREAD: Executando 'list_users' com args: ('saude.betim\\raphael.rego', '$067076', <bound method RemoteSessionsFrame.update_users_combobox of <src.ui.components.remote_sessions_frame.RemoteSessionsFrame object .!ctkframe.!hosttabview.!ctkframe.!ctktabview.!ctkframe3.!ctkframe.!ctktabview.!ctkframe3.!remotesessionsframe>>)
2025-09-13 23:46:55,395 - root - INFO - START: Thread 'list_users' iniciada com sucesso
2025-09-13 23:46:55,396 - pypsrp.powershell - INFO - Initialising RunspacePool object for configuration Microsoft.PowerShell
2025-09-13 23:46:55,396 - root - INFO - START: Iniciando process_queue para 'list_users'
2025-09-13 23:46:55,397 - pypsrp.powershell - INFO - Opening a new Runspace Pool on remote host
2025-09-13 23:46:55,578 - pypsrp.powershell - INFO - Initialising PowerShell in remote Runspace Pool
2025-09-13 23:46:55,578 - root - INFO - Executing 'list_connected_users_winrm' on 10.5.5.48
2025-09-13 23:46:55,582 - pypsrp.powershell - INFO - Initialising PowerShell in remote Runspace Pool
2025-09-13 23:46:55,583 - pypsrp.powershell - INFO - Beginning remote Pipeline invocation
2025-09-13 23:46:55,917 - root - INFO - === QUSER DEBUG ===
2025-09-13 23:46:55,917 - root - INFO - PowerShell result: {'success': True, 'output': ['{"UserName":"raphael.rego","SessionId":"2","State":"Ativo","SessionName":"rdp-tcp#1"}']}
2025-09-13 23:46:55,918 - root - INFO - Output lines count: 1
2025-09-13 23:46:55,926 - root - INFO - Full PowerShell output: {"UserName":"raphael.rego","SessionId":"2","State":"Ativo","SessionName":"rdp-tcp#1"}
2025-09-13 23:46:55,926 - root - INFO - Parsed single user: {'UserName': 'raphael.rego', 'SessionId': '2', 'State': 'Ativo', 'SessionName': 'rdp-tcp#1'}
2025-09-13 23:46:55,927 - root - INFO - Parsed 1 users from remote command
2025-09-13 23:46:55,928 - pypsrp.powershell - INFO - Closing Runspace Pool
2025-09-13 23:46:55,936 - root - INFO - Enviando callback update_users_combobox com 1 usuários
2025-09-13 23:46:55,937 - root - INFO - THREAD: 'list_users' executado com sucesso
2025-09-13 23:46:55,937 - root - INFO - THREAD: Finalizando 'list_users'
2025-09-13 23:46:55,943 - root - INFO - RemoteSessionsFrame recebeu atualização de status: Comando 'list_users', Rodando: False
2025-09-13 23:46:56,059 - root - INFO - Q_ITEM_CALLBACK recebido - tipo: <class 'tuple'>, conteúdo: (<bound method RemoteSessionsFrame.update_users_combobox of <src.ui.components.remote_sessions_frame.RemoteSessionsFrame object .!ctkframe.!hosttabview.!ctkframe.!ctktabview.!ctkframe3.!ctkframe.!ctktabview.!ctkframe3.!remotesessionsframe>>, ([{'UserName': 'raphael.rego', 'ID': '2', 'State': 'Ativo', 'SessionName': 'rdp-tcp#1'}],), {})
2025-09-13 23:46:56,060 - root - INFO - Agendando callback: <bound method RemoteSessionsFrame.update_users_combobox of <src.ui.components.remote_sessions_frame.RemoteSessionsFrame object .!ctkframe.!hosttabview.!ctkframe.!ctktabview.!ctkframe3.!ctkframe.!ctktabview.!ctkframe3.!remotesessionsframe>>
2025-09-13 23:46:56,069 - root - INFO - Callback data structure: (<bound method RemoteSessionsFrame.update_users_combobox of <src.ui.components.remote_sessions_frame.RemoteSessionsFrame object .!ctkframe.!hosttabview.!ctkframe.!ctktabview.!ctkframe3.!ctkframe.!ctktabview.!ctkframe3.!remotesessionsframe>>, ([{'UserName': 'raphael.rego', 'ID': '2', 'State': 'Ativo', 'SessionName': 'rdp-tcp#1'}],), {})
2025-09-13 23:46:56,087 - root - INFO - Widget callback - scheduling with after_idle
2025-09-13 23:46:56,111 - root - INFO - Callback agendado com sucesso
2025-09-13 23:46:56,113 - root - INFO - Executando callback: <bound method RemoteSessionsFrame.update_users_combobox of <src.ui.components.remote_sessions_frame.RemoteSessionsFrame object .!ctkframe.!hosttabview.!ctkframe.!ctktabview.!ctkframe3.!ctkframe.!ctktabview.!ctkframe3.!remotesessionsframe>>
2025-09-13 23:46:56,114 - root - INFO - update_users_combobox chamado com 1 usuários
2025-09-13 23:46:56,127 - root - INFO - Combobox atualizada com 1 usuários
2025-09-13 23:46:56,128 - root - INFO - Callback executado com sucesso: <bound method RemoteSessionsFrame.update_users_combobox of <src.ui.components.remote_sessions_frame.RemoteSessionsFrame object .!ctkframe.!hosttabview.!ctkframe.!ctktabview.!ctkframe3.!ctkframe.!ctktabview.!ctkframe3.!remotesessionsframe>>
2025-09-13 23:47:03,644 - root - INFO - Performance Summary - CPU: 0.0%, Memory: 83.1MB, Threads: 28.1, Active Commands: 0, Hanging Commands: 0
2025-09-13 23:47:05,512 - root - INFO - START: Iniciando 'disconnect_user' para host 'CMI-10947.saude.betim'
2025-09-13 23:47:05,513 - root - INFO - Opening credential dialog for target: 10.5.5.48
2025-09-13 23:47:09,274 - root - INFO - Credential dialog confirmed for user: saude.betim\raphael.rego
2025-09-13 23:47:09,299 - root - INFO - RemoteSessionsFrame recebeu atualização de status: Comando 'disconnect_user', Rodando: True
2025-09-13 23:47:09,309 - root - INFO - START: Criando thread para 'disconnect_user'
2025-09-13 23:47:09,310 - root - INFO - THREAD: Executando 'disconnect_user' com args: ('saude.betim\\raphael.rego', '$067076', '2', <bound method RemoteSessionsFrame.update_users_combobox of <src.ui.components.remote_sessions_frame.RemoteSessionsFrame object .!ctkframe.!hosttabview.!ctkframe.!ctktabview.!ctkframe3.!ctkframe.!ctktabview.!ctkframe3.!remotesessionsframe>>)
2025-09-13 23:47:09,310 - root - INFO - START: Thread 'disconnect_user' iniciada com sucesso
2025-09-13 23:47:09,311 - pypsrp.powershell - INFO - Initialising RunspacePool object for configuration Microsoft.PowerShell
2025-09-13 23:47:09,312 - root - INFO - START: Iniciando process_queue para 'disconnect_user'
2025-09-13 23:47:09,313 - pypsrp.powershell - INFO - Opening a new Runspace Pool on remote host
2025-09-13 23:47:09,488 - pypsrp.powershell - INFO - Initialising PowerShell in remote Runspace Pool
2025-09-13 23:47:09,489 - root - INFO - Executing 'disconnect_user_winrm' for session ID 2 on 10.5.5.48
2025-09-13 23:47:09,490 - pypsrp.powershell - INFO - Initialising PowerShell in remote Runspace Pool
2025-09-13 23:47:09,493 - pypsrp.powershell - INFO - Beginning remote Pipeline invocation
2025-09-13 23:47:12,784 - root - INFO - Executing 'list_connected_users_winrm' on 10.5.5.48
2025-09-13 23:47:12,784 - pypsrp.powershell - INFO - Initialising PowerShell in remote Runspace Pool
2025-09-13 23:47:12,785 - pypsrp.powershell - INFO - Beginning remote Pipeline invocation
2025-09-13 23:47:13,348 - root - INFO - === QUSER DEBUG ===
2025-09-13 23:47:13,349 - root - INFO - PowerShell result: {'success': True, 'output': []}
2025-09-13 23:47:13,353 - root - INFO - Output lines count: 0
2025-09-13 23:47:13,355 - root - INFO - Full PowerShell output: 
2025-09-13 23:47:13,358 - root - INFO - Parsed 0 users from remote command
2025-09-13 23:47:13,360 - pypsrp.powershell - INFO - Closing Runspace Pool
2025-09-13 23:47:13,379 - root - INFO - THREAD: 'disconnect_user' executado com sucesso
2025-09-13 23:47:13,388 - root - INFO - THREAD: Finalizando 'disconnect_user'
2025-09-13 23:47:13,451 - root - INFO - RemoteSessionsFrame recebeu atualização de status: Comando 'disconnect_user', Rodando: False
2025-09-13 23:47:13,496 - root - INFO - Q_ITEM_CALLBACK recebido - tipo: <class 'tuple'>, conteúdo: (<bound method RemoteSessionsFrame.update_users_combobox of <src.ui.components.remote_sessions_frame.RemoteSessionsFrame object .!ctkframe.!hosttabview.!ctkframe.!ctktabview.!ctkframe3.!ctkframe.!ctktabview.!ctkframe3.!remotesessionsframe>>, ([],), {})
2025-09-13 23:47:13,496 - root - INFO - Agendando callback: <bound method RemoteSessionsFrame.update_users_combobox of <src.ui.components.remote_sessions_frame.RemoteSessionsFrame object .!ctkframe.!hosttabview.!ctkframe.!ctktabview.!ctkframe3.!ctkframe.!ctktabview.!ctkframe3.!remotesessionsframe>>
2025-09-13 23:47:13,497 - root - INFO - Callback data structure: (<bound method RemoteSessionsFrame.update_users_combobox of <src.ui.components.remote_sessions_frame.RemoteSessionsFrame object .!ctkframe.!hosttabview.!ctkframe.!ctktabview.!ctkframe3.!ctkframe.!ctktabview.!ctkframe3.!remotesessionsframe>>, ([],), {})
2025-09-13 23:47:13,500 - root - INFO - Widget callback - scheduling with after_idle
2025-09-13 23:47:13,501 - root - INFO - Callback agendado com sucesso
2025-09-13 23:47:13,502 - root - INFO - Executando callback: <bound method RemoteSessionsFrame.update_users_combobox of <src.ui.components.remote_sessions_frame.RemoteSessionsFrame object .!ctkframe.!hosttabview.!ctkframe.!ctktabview.!ctkframe3.!ctkframe.!ctktabview.!ctkframe3.!remotesessionsframe>>
2025-09-13 23:47:13,505 - root - INFO - update_users_combobox chamado com 0 usuários
2025-09-13 23:47:13,508 - root - INFO - Combobox atualizada - nenhum usuário encontrado
2025-09-13 23:47:13,512 - root - INFO - Callback executado com sucesso: <bound method RemoteSessionsFrame.update_users_combobox of <src.ui.components.remote_sessions_frame.RemoteSessionsFrame object .!ctkframe.!hosttabview.!ctkframe.!ctktabview.!ctkframe3.!ctkframe.!ctktabview.!ctkframe3.!remotesessionsframe>>
2025-09-13 23:47:18,843 - root - INFO - PingFrame.toggle_ping chamado:
2025-09-13 23:47:18,844 - root - INFO -   - running_cmd: None
2025-09-13 23:47:18,844 - root - INFO -   - is_running: False
2025-09-13 23:47:18,845 - root - INFO - Iniciando comando ping para CMI-10947.saude.betim com packet size: 
2025-09-13 23:47:18,848 - root - INFO - START: Iniciando 'ping' para host 'CMI-10947.saude.betim'
2025-09-13 23:47:18,856 - root - INFO - START: Criando thread para 'ping'
2025-09-13 23:47:18,857 - root - INFO - THREAD: Executando 'ping' com args: (32,)
2025-09-13 23:47:18,857 - root - INFO - START: Thread 'ping' iniciada com sucesso
2025-09-13 23:47:18,857 - root - INFO - PING: Iniciando ping para 10.5.5.48, packet_size: 32
2025-09-13 23:47:18,860 - root - INFO - START: Iniciando process_queue para 'ping'
2025-09-13 23:47:23,317 - root - INFO - PingFrame.toggle_ping chamado:
2025-09-13 23:47:23,317 - root - INFO -   - running_cmd: ping
2025-09-13 23:47:23,319 - root - INFO -   - is_running: True
2025-09-13 23:47:23,319 - root - INFO - STOP: Parando comando 'ping' (is_running=True)
2025-09-13 23:47:23,324 - root - INFO - PING: Finalizando worker para 10.5.5.48
2025-09-13 23:47:23,425 - root - INFO - PING: Worker finalizado para 10.5.5.48
2025-09-13 23:47:23,425 - root - INFO - THREAD: 'ping' executado com sucesso
2025-09-13 23:47:23,428 - root - INFO - THREAD: Finalizando 'ping'
2025-09-13 23:47:24,437 - root - INFO - STOP: Comando 'ping' parado - Estado limpo
2025-09-13 23:47:24,638 - root - INFO - Parando comando ping
2025-09-13 23:47:27,786 - root - INFO - Initializing TracerouteFrame for host: CMI-10947.saude.betim
2025-09-13 23:47:34,199 - root - INFO - Performance Summary - CPU: 0.0%, Memory: 83.8MB, Threads: 27.6, Active Commands: 0, Hanging Commands: 0
2025-09-13 23:48:04,366 - root - INFO - Performance Summary - CPU: 0.0%, Memory: 84.0MB, Threads: 25.0, Active Commands: 0, Hanging Commands: 0
2025-09-13 23:48:15,424 - root - INFO - PerformanceMonitor stopped
2025-09-13 23:48:15,425 - root - INFO - Credential vault locked
2025-09-13 23:48:15,680 - root - INFO - Executando limpeza de recursos...
2025-09-13 23:48:15,680 - root - INFO - Credential vault locked
2025-09-13 23:48:15,688 - root - INFO - Limpeza de recursos concluída
2025-09-13 23:48:15,689 - root - INFO - Aplicação finalizada normalmente
2025-09-13 23:51:37,967 - root - INFO - Iniciando aplicação Ferramentas de Rede v2.0.0
2025-09-13 23:51:39,420 - root - INFO - Criando instância da aplicação...
2025-09-13 23:51:39,716 - root - INFO - PerformanceMonitor initialized
2025-09-13 23:51:39,871 - root - INFO - Initializing HostTabView
2025-09-13 23:51:40,129 - root - INFO - Instância criada com sucesso
2025-09-13 23:51:40,130 - root - INFO - Executando aplicação...
2025-09-13 23:51:40,130 - root - INFO - Sistema de proteção contra loops configurado
2025-09-13 23:51:40,134 - root - INFO - PerformanceMonitor started
2025-09-13 23:51:40,134 - root - INFO - Monitor de performance iniciado
2025-09-13 23:51:40,150 - root - INFO - Watchdog do mainloop iniciado
2025-09-13 23:51:40,150 - root - INFO - Iniciando mainloop com proteção anti-travamento...
2025-09-13 23:51:40,779 - root - INFO - HomeTabManager.update_home_buttons_state chamado:
2025-09-13 23:51:40,779 - root - INFO -   - status_data: None
2025-09-13 23:51:40,780 - root - INFO -   - controller.running_command: None
2025-09-13 23:51:40,780 - root - INFO -   - controller.is_running: False
2025-09-13 23:51:40,780 - root - INFO -   - ping_running: None
2025-09-13 23:51:40,780 - root - INFO -   - traceroute_running: None
2025-09-13 23:51:40,787 - root - INFO - Populating initial host tabs
2025-09-13 23:51:40,797 - root - INFO - Carregamento de dados concluído
2025-09-13 23:51:49,558 - root - INFO - Loading tools for host tab: localhost (localhost)
2025-09-13 23:51:49,744 - root - INFO - SysInfoController initialized for host: localhost
2025-09-13 23:51:49,789 - root - INFO - Initializing PingFrame for host: localhost
2025-09-13 23:51:50,054 - root - INFO - Loading tools for host tab: CMI-10947.saude.betim
2025-09-13 23:51:50,200 - root - INFO - SysInfoController initialized for host: CMI-10947.saude.betim
2025-09-13 23:51:50,206 - root - INFO - Initializing PingFrame for host: CMI-10947.saude.betim
2025-09-13 23:51:52,976 - root - INFO - Initializing TracerouteFrame for host: CMI-10947.saude.betim
2025-09-13 23:51:53,983 - root - INFO - Initializing SystemToolsFrame for host: CMI-10947.saude.betim
2025-09-13 23:51:54,029 - root - INFO - Initializing SystemInfoPanel
2025-09-13 23:51:54,073 - root - INFO - Received info data for display. Data is None: False, is empty: True, has error: False
2025-09-13 23:51:55,604 - root - INFO - EventLogFrame initialized for host: CMI-10947.saude.betim
2025-09-13 23:51:56,159 - root - INFO - Opening credential dialog for target: 10.5.5.48
2025-09-13 23:52:09,680 - root - INFO - Performance Summary - CPU: 0.0%, Memory: 89.9MB, Threads: 27.0, Active Commands: 0, Hanging Commands: 0
2025-09-13 23:52:26,206 - root - WARNING - Diálogo 'Credenciais de Rede' encerrado por timeout após 30s
2025-09-13 23:52:32,818 - root - INFO - PerformanceMonitor stopped
2025-09-13 23:52:32,819 - root - INFO - Credential vault locked
2025-09-13 23:52:33,391 - root - INFO - Executando limpeza de recursos...
2025-09-13 23:52:33,391 - root - INFO - Credential vault locked
2025-09-13 23:52:33,393 - root - INFO - Limpeza de recursos concluída
2025-09-13 23:52:33,394 - root - INFO - Aplicação finalizada normalmente
2025-09-13 23:54:52,297 - root - INFO - Iniciando aplicação Ferramentas de Rede v2.0.0
2025-09-13 23:54:53,464 - root - INFO - Criando instância da aplicação...
2025-09-13 23:54:53,708 - root - INFO - PerformanceMonitor initialized
2025-09-13 23:54:53,838 - root - INFO - Initializing HostTabView
2025-09-13 23:54:54,132 - root - INFO - Instância criada com sucesso
2025-09-13 23:54:54,132 - root - INFO - Executando aplicação...
2025-09-13 23:54:54,132 - root - INFO - Sistema de proteção contra loops configurado
2025-09-13 23:54:54,137 - root - INFO - PerformanceMonitor started
2025-09-13 23:54:54,137 - root - INFO - Monitor de performance iniciado
2025-09-13 23:54:54,157 - root - INFO - Watchdog do mainloop iniciado
2025-09-13 23:54:54,158 - root - INFO - Iniciando mainloop com proteção anti-travamento...
2025-09-13 23:54:54,787 - root - INFO - HomeTabManager.update_home_buttons_state chamado:
2025-09-13 23:54:54,788 - root - INFO -   - status_data: None
2025-09-13 23:54:54,788 - root - INFO -   - controller.running_command: None
2025-09-13 23:54:54,788 - root - INFO -   - controller.is_running: False
2025-09-13 23:54:54,788 - root - INFO -   - ping_running: None
2025-09-13 23:54:54,789 - root - INFO -   - traceroute_running: None
2025-09-13 23:54:54,792 - root - INFO - Populating initial host tabs
2025-09-13 23:54:54,801 - root - INFO - Carregamento de dados concluído
2025-09-13 23:54:59,690 - root - INFO - Loading tools for host tab: localhost (localhost)
2025-09-13 23:54:59,888 - root - INFO - SysInfoController initialized for host: localhost
2025-09-13 23:54:59,930 - root - INFO - Initializing PingFrame for host: localhost
2025-09-13 23:55:00,130 - root - INFO - Loading tools for host tab: CMI-10947.saude.betim
2025-09-13 23:55:00,287 - root - INFO - SysInfoController initialized for host: CMI-10947.saude.betim
2025-09-13 23:55:00,296 - root - INFO - Initializing PingFrame for host: CMI-10947.saude.betim
2025-09-13 23:55:01,879 - root - INFO - Initializing TracerouteFrame for host: CMI-10947.saude.betim
2025-09-13 23:55:03,627 - root - INFO - PingFrame.toggle_ping chamado:
2025-09-13 23:55:03,628 - root - INFO -   - running_cmd: None
2025-09-13 23:55:03,628 - root - INFO -   - is_running: False
2025-09-13 23:55:03,629 - root - INFO - Iniciando comando ping para CMI-10947.saude.betim com packet size: 
2025-09-13 23:55:03,629 - root - INFO - START: Iniciando 'ping' para host 'CMI-10947.saude.betim'
2025-09-13 23:55:03,634 - root - INFO - START: Criando thread para 'ping'
2025-09-13 23:55:03,635 - root - INFO - THREAD: Executando 'ping' com args: (32,)
2025-09-13 23:55:03,635 - root - INFO - START: Thread 'ping' iniciada com sucesso
2025-09-13 23:55:03,635 - root - INFO - PING: Iniciando ping para 10.5.5.48, packet_size: 32
2025-09-13 23:55:03,635 - root - INFO - START: Iniciando process_queue para 'ping'
2025-09-13 23:55:06,036 - root - INFO - PingFrame.toggle_ping chamado:
2025-09-13 23:55:06,036 - root - INFO -   - running_cmd: ping
2025-09-13 23:55:06,037 - root - INFO -   - is_running: True
2025-09-13 23:55:06,037 - root - INFO - STOP: Parando comando 'ping' (is_running=True)
2025-09-13 23:55:06,039 - root - INFO - PING: Finalizando worker para 10.5.5.48
2025-09-13 23:55:06,139 - root - INFO - PING: Worker finalizado para 10.5.5.48
2025-09-13 23:55:06,140 - root - INFO - THREAD: 'ping' executado com sucesso
2025-09-13 23:55:06,140 - root - INFO - THREAD: Finalizando 'ping'
2025-09-13 23:55:06,147 - root - INFO - STOP: Comando 'ping' parado - Estado limpo
2025-09-13 23:55:06,348 - root - INFO - Parando comando ping
2025-09-13 23:55:09,243 - root - INFO - Starting traceroute for host: CMI-10947.saude.betim
2025-09-13 23:55:09,244 - root - INFO - START: Iniciando 'traceroute' para host 'CMI-10947.saude.betim'
2025-09-13 23:55:09,250 - root - INFO - START: Criando thread para 'traceroute'
2025-09-13 23:55:09,251 - root - INFO - THREAD: Executando 'traceroute' com args: ()
2025-09-13 23:55:09,251 - root - INFO - START: Thread 'traceroute' iniciada com sucesso
2025-09-13 23:55:09,251 - root - INFO - TRACEROUTE: Iniciando traceroute para 10.5.5.48
2025-09-13 23:55:09,252 - root - INFO - START: Iniciando process_queue para 'traceroute'
2025-09-13 23:55:09,252 - root - INFO - TRACEROUTE: Iniciando para 10.5.5.48
2025-09-13 23:55:09,545 - root - INFO - TRACEROUTE: Finalizado para 10.5.5.48
2025-09-13 23:55:09,546 - root - INFO - TRACEROUTE: Worker finalizado para 10.5.5.48
2025-09-13 23:55:09,547 - root - INFO - THREAD: 'traceroute' executado com sucesso
2025-09-13 23:55:09,550 - root - INFO - THREAD: Finalizando 'traceroute'
2025-09-13 23:55:13,578 - root - INFO - Initializing SystemToolsFrame for host: CMI-10947.saude.betim
2025-09-13 23:55:13,621 - root - INFO - Initializing SystemInfoPanel
2025-09-13 23:55:13,665 - root - INFO - Received info data for display. Data is None: False, is empty: True, has error: False
2025-09-13 23:55:23,331 - root - INFO - Performance Summary - CPU: 0.0%, Memory: 87.5MB, Threads: 27.0, Active Commands: 0, Hanging Commands: 0
2025-09-13 23:55:53,485 - root - INFO - Performance Summary - CPU: 0.0%, Memory: 89.2MB, Threads: 26.4, Active Commands: 0, Hanging Commands: 0
2025-09-13 23:56:23,693 - root - INFO - Performance Summary - CPU: 0.0%, Memory: 100.2MB, Threads: 29.0, Active Commands: 0, Hanging Commands: 0
2025-09-13 23:57:11,120 - root - INFO - Initializing TabSettingsDialog with interval: 60, ask_initial_info: True
2025-09-13 23:57:23,061 - root - INFO - PerformanceMonitor stopped
2025-09-13 23:57:23,061 - root - INFO - Credential vault locked
2025-09-13 23:57:23,633 - root - INFO - Executando limpeza de recursos...
2025-09-13 23:57:23,634 - root - INFO - Credential vault locked
2025-09-13 23:57:23,637 - root - INFO - Limpeza de recursos concluída
2025-09-13 23:57:23,644 - root - INFO - Aplicação finalizada normalmente
2025-09-14 00:01:35,498 - root - INFO - Iniciando aplicação Ferramentas de Rede v2.0.0
2025-09-14 00:01:36,730 - root - INFO - Criando instância da aplicação...
2025-09-14 00:01:36,973 - root - INFO - PerformanceMonitor initialized
2025-09-14 00:01:37,098 - root - INFO - Initializing HostTabView
2025-09-14 00:01:37,363 - root - INFO - Instância criada com sucesso
2025-09-14 00:01:37,363 - root - INFO - Executando aplicação...
2025-09-14 00:01:37,364 - root - INFO - Sistema de proteção contra loops configurado
2025-09-14 00:01:37,368 - root - INFO - PerformanceMonitor started
2025-09-14 00:01:37,368 - root - INFO - Monitor de performance iniciado
2025-09-14 00:01:37,386 - root - INFO - Watchdog do mainloop iniciado
2025-09-14 00:01:37,386 - root - INFO - Iniciando mainloop com proteção anti-travamento...
2025-09-14 00:01:38,143 - root - INFO - HomeTabManager.update_home_buttons_state chamado:
2025-09-14 00:01:38,144 - root - INFO -   - status_data: None
2025-09-14 00:01:38,144 - root - INFO -   - controller.running_command: None
2025-09-14 00:01:38,144 - root - INFO -   - controller.is_running: False
2025-09-14 00:01:38,144 - root - INFO -   - ping_running: None
2025-09-14 00:01:38,144 - root - INFO -   - traceroute_running: None
2025-09-14 00:01:38,149 - root - INFO - Populating initial host tabs
2025-09-14 00:01:38,159 - root - INFO - Carregamento de dados concluído
2025-09-14 00:01:40,926 - root - INFO - Loading tools for host tab: CMI-10947.saude.betim
2025-09-14 00:01:41,126 - root - INFO - SysInfoController initialized for host: CMI-10947.saude.betim
2025-09-14 00:01:41,174 - root - INFO - Initializing PingFrame for host: CMI-10947.saude.betim
2025-09-14 00:02:06,830 - root - INFO - Performance Summary - CPU: 0.0%, Memory: 85.5MB, Threads: 27.0, Active Commands: 0, Hanging Commands: 0
2025-09-14 00:02:17,890 - root - INFO - PerformanceMonitor stopped
2025-09-14 00:02:17,890 - root - INFO - Credential vault locked
2025-09-14 00:02:18,441 - root - INFO - Executando limpeza de recursos...
2025-09-14 00:02:18,441 - root - INFO - Credential vault locked
2025-09-14 00:02:18,443 - root - INFO - Limpeza de recursos concluída
2025-09-14 00:02:18,443 - root - INFO - Aplicação finalizada normalmente
2025-09-14 00:06:14,228 - root - INFO - Iniciando aplicação Ferramentas de Rede v2.0.0
2025-09-14 00:06:15,334 - root - INFO - Criando instância da aplicação...
2025-09-14 00:06:15,586 - root - INFO - PerformanceMonitor initialized
2025-09-14 00:06:15,708 - root - INFO - Initializing HostTabView
2025-09-14 00:06:15,954 - root - INFO - Instância criada com sucesso
2025-09-14 00:06:15,954 - root - INFO - Executando aplicação...
2025-09-14 00:06:15,954 - root - INFO - Sistema de proteção contra loops configurado
2025-09-14 00:06:15,958 - root - INFO - PerformanceMonitor started
2025-09-14 00:06:15,959 - root - INFO - Monitor de performance iniciado
2025-09-14 00:06:15,974 - root - INFO - Watchdog do mainloop iniciado
2025-09-14 00:06:15,974 - root - INFO - Iniciando mainloop com proteção anti-travamento...
2025-09-14 00:06:16,547 - root - INFO - HomeTabManager.update_home_buttons_state chamado:
2025-09-14 00:06:16,547 - root - INFO -   - status_data: None
2025-09-14 00:06:16,547 - root - INFO -   - controller.running_command: None
2025-09-14 00:06:16,548 - root - INFO -   - controller.is_running: False
2025-09-14 00:06:16,548 - root - INFO -   - ping_running: None
2025-09-14 00:06:16,548 - root - INFO -   - traceroute_running: None
2025-09-14 00:06:16,552 - root - INFO - Populating initial host tabs
2025-09-14 00:06:16,561 - root - INFO - Carregamento de dados concluído
2025-09-14 00:06:18,409 - root - INFO - Loading tools for host tab: CMI-10947.saude.betim
2025-09-14 00:06:18,577 - root - INFO - SysInfoController initialized for host: CMI-10947.saude.betim
2025-09-14 00:06:18,622 - root - INFO - Initializing PingFrame for host: CMI-10947.saude.betim
2025-09-14 00:06:45,470 - root - INFO - Performance Summary - CPU: 0.0%, Memory: 84.6MB, Threads: 27.0, Active Commands: 0, Hanging Commands: 0
2025-09-14 00:07:05,680 - root - INFO - PingFrame.toggle_ping chamado:
2025-09-14 00:07:05,681 - root - INFO -   - running_cmd: None
2025-09-14 00:07:05,681 - root - INFO -   - is_running: False
2025-09-14 00:07:05,681 - root - INFO - Iniciando comando ping para CMI-10947.saude.betim com packet size: 
2025-09-14 00:07:05,681 - root - INFO - START: Iniciando 'ping' para host 'CMI-10947.saude.betim'
2025-09-14 00:07:05,686 - root - INFO - START: Criando thread para 'ping'
2025-09-14 00:07:05,686 - root - INFO - THREAD: Executando 'ping' com args: (32,)
2025-09-14 00:07:05,686 - root - INFO - START: Thread 'ping' iniciada com sucesso
2025-09-14 00:07:05,687 - root - INFO - PING: Iniciando ping para 10.5.5.48, packet_size: 32
2025-09-14 00:07:05,687 - root - INFO - START: Iniciando process_queue para 'ping'
2025-09-14 00:07:08,128 - root - INFO - PingFrame.toggle_ping chamado:
2025-09-14 00:07:08,129 - root - INFO -   - running_cmd: ping
2025-09-14 00:07:08,129 - root - INFO -   - is_running: True
2025-09-14 00:07:08,129 - root - INFO - STOP: Parando comando 'ping' (is_running=True)
2025-09-14 00:07:08,131 - root - INFO - PING: Finalizando worker para 10.5.5.48
2025-09-14 00:07:08,232 - root - INFO - PING: Worker finalizado para 10.5.5.48
2025-09-14 00:07:08,232 - root - INFO - THREAD: 'ping' executado com sucesso
2025-09-14 00:07:08,232 - root - INFO - THREAD: Finalizando 'ping'
2025-09-14 00:07:09,236 - root - INFO - STOP: Comando 'ping' parado - Estado limpo
2025-09-14 00:07:09,436 - root - INFO - Parando comando ping
2025-09-14 00:07:11,363 - root - INFO - PingFrame.toggle_ping chamado:
2025-09-14 00:07:11,363 - root - INFO -   - running_cmd: None
2025-09-14 00:07:11,364 - root - INFO -   - is_running: False
2025-09-14 00:07:11,364 - root - INFO - Iniciando comando ping para CMI-10947.saude.betim com packet size: 
2025-09-14 00:07:11,365 - root - INFO - START: Iniciando 'ping' para host 'CMI-10947.saude.betim'
2025-09-14 00:07:11,379 - root - INFO - START: Criando thread para 'ping'
2025-09-14 00:07:11,381 - root - INFO - THREAD: Executando 'ping' com args: (32,)
2025-09-14 00:07:11,381 - root - INFO - START: Thread 'ping' iniciada com sucesso
2025-09-14 00:07:11,381 - root - INFO - PING: Iniciando ping para 10.5.5.48, packet_size: 32
2025-09-14 00:07:11,382 - root - INFO - START: Iniciando process_queue para 'ping'
2025-09-14 00:07:13,024 - root - INFO - PingFrame.toggle_ping chamado:
2025-09-14 00:07:13,024 - root - INFO -   - running_cmd: ping
2025-09-14 00:07:13,025 - root - INFO -   - is_running: True
2025-09-14 00:07:13,026 - root - INFO - STOP: Parando comando 'ping' (is_running=True)
2025-09-14 00:07:13,030 - root - INFO - PING: Finalizando worker para 10.5.5.48
2025-09-14 00:07:13,131 - root - INFO - PING: Worker finalizado para 10.5.5.48
2025-09-14 00:07:13,131 - root - INFO - THREAD: 'ping' executado com sucesso
2025-09-14 00:07:13,133 - root - INFO - THREAD: Finalizando 'ping'
2025-09-14 00:07:13,395 - root - INFO - STOP: Comando 'ping' parado - Estado limpo
2025-09-14 00:07:13,596 - root - INFO - Parando comando ping
2025-09-14 00:07:15,637 - root - INFO - Performance Summary - CPU: 0.0%, Memory: 84.9MB, Threads: 27.7, Active Commands: 0, Hanging Commands: 0
2025-09-14 00:07:15,801 - root - INFO - Testing ports  on CMI-10947.saude.betim.
2025-09-14 00:07:15,805 - root - INFO - START: Iniciando 'test_ports' para host 'CMI-10947.saude.betim'
2025-09-14 00:07:15,810 - root - INFO - START: Criando thread para 'test_ports'
2025-09-14 00:07:15,810 - root - INFO - THREAD: Executando 'test_ports' com args: ('80',)
2025-09-14 00:07:15,811 - root - INFO - START: Thread 'test_ports' iniciada com sucesso
2025-09-14 00:07:15,811 - root - INFO - _test_ports_worker iniciado para IP: 10.5.5.48, ports: 80
2025-09-14 00:07:15,811 - root - INFO - START: Iniciando process_queue para 'test_ports'
2025-09-14 00:07:15,812 - root - INFO - Chamando network_tools.test_specific_ports para 10.5.5.48
2025-09-14 00:07:15,819 - root - INFO - THREAD: 'test_ports' executado com sucesso
2025-09-14 00:07:15,819 - root - INFO - THREAD: Finalizando 'test_ports'
2025-09-14 00:07:20,379 - root - INFO - PingFrame.toggle_ping chamado:
2025-09-14 00:07:20,379 - root - INFO -   - running_cmd: None
2025-09-14 00:07:20,380 - root - INFO -   - is_running: False
2025-09-14 00:07:20,383 - root - INFO - Iniciando comando ping para CMI-10947.saude.betim com packet size: 
2025-09-14 00:07:20,384 - root - INFO - START: Iniciando 'ping' para host 'CMI-10947.saude.betim'
2025-09-14 00:07:20,389 - root - INFO - START: Criando thread para 'ping'
2025-09-14 00:07:20,390 - root - INFO - THREAD: Executando 'ping' com args: (32,)
2025-09-14 00:07:20,390 - root - INFO - START: Thread 'ping' iniciada com sucesso
2025-09-14 00:07:20,391 - root - INFO - PING: Iniciando ping para 10.5.5.48, packet_size: 32
2025-09-14 00:07:20,393 - root - INFO - START: Iniciando process_queue para 'ping'
2025-09-14 00:07:27,849 - root - INFO - PingFrame.toggle_ping chamado:
2025-09-14 00:07:27,849 - root - INFO -   - running_cmd: ping
2025-09-14 00:07:27,850 - root - INFO -   - is_running: True
2025-09-14 00:07:27,853 - root - INFO - STOP: Parando comando 'ping' (is_running=True)
2025-09-14 00:07:27,856 - root - INFO - PING: Finalizando worker para 10.5.5.48
2025-09-14 00:07:27,957 - root - INFO - PING: Worker finalizado para 10.5.5.48
2025-09-14 00:07:27,957 - root - INFO - THREAD: 'ping' executado com sucesso
2025-09-14 00:07:27,958 - root - INFO - THREAD: Finalizando 'ping'
2025-09-14 00:07:28,962 - root - INFO - STOP: Comando 'ping' parado - Estado limpo
2025-09-14 00:07:29,163 - root - INFO - Parando comando ping
2025-09-14 00:07:34,108 - root - INFO - PingFrame.toggle_ping chamado:
2025-09-14 00:07:34,109 - root - INFO -   - running_cmd: None
2025-09-14 00:07:34,111 - root - INFO -   - is_running: False
2025-09-14 00:07:34,115 - root - INFO - Iniciando comando ping para CMI-10947.saude.betim com packet size: 
2025-09-14 00:07:34,116 - root - INFO - START: Iniciando 'ping' para host 'CMI-10947.saude.betim'
2025-09-14 00:07:34,130 - root - INFO - START: Criando thread para 'ping'
2025-09-14 00:07:34,133 - root - INFO - THREAD: Executando 'ping' com args: (32,)
2025-09-14 00:07:34,133 - root - INFO - START: Thread 'ping' iniciada com sucesso
2025-09-14 00:07:34,133 - root - INFO - PING: Iniciando ping para 10.5.5.48, packet_size: 32
2025-09-14 00:07:34,136 - root - INFO - START: Iniciando process_queue para 'ping'
2025-09-14 00:07:45,807 - root - INFO - Performance Summary - CPU: 0.0%, Memory: 84.9MB, Threads: 27.0, Active Commands: 0, Hanging Commands: 0
2025-09-14 00:07:48,157 - root - INFO - PingFrame.toggle_ping chamado:
2025-09-14 00:07:48,157 - root - INFO -   - running_cmd: ping
2025-09-14 00:07:48,160 - root - INFO -   - is_running: True
2025-09-14 00:07:48,166 - root - INFO - STOP: Parando comando 'ping' (is_running=True)
2025-09-14 00:07:48,171 - root - INFO - PING: Finalizando worker para 10.5.5.48
2025-09-14 00:07:48,271 - root - INFO - PING: Worker finalizado para 10.5.5.48
2025-09-14 00:07:48,271 - root - INFO - THREAD: 'ping' executado com sucesso
2025-09-14 00:07:48,273 - root - INFO - THREAD: Finalizando 'ping'
2025-09-14 00:07:49,280 - root - INFO - STOP: Comando 'ping' parado - Estado limpo
2025-09-14 00:07:49,481 - root - INFO - Parando comando ping
2025-09-14 00:08:19,980 - root - INFO - PerformanceMonitor stopped
2025-09-14 00:08:19,981 - root - INFO - Credential vault locked
2025-09-14 00:08:20,311 - root - INFO - Executando limpeza de recursos...
2025-09-14 00:08:20,313 - root - INFO - Credential vault locked
2025-09-14 00:08:20,318 - root - INFO - Limpeza de recursos concluída
2025-09-14 00:08:20,321 - root - INFO - Aplicação finalizada normalmente
2025-09-14 00:12:18,936 - root - INFO - Iniciando aplicação Ferramentas de Rede v2.0.0
2025-09-14 00:12:20,844 - root - INFO - Criando instância da aplicação...
2025-09-14 00:12:21,170 - root - INFO - PerformanceMonitor initialized
2025-09-14 00:12:21,323 - root - INFO - Initializing HostTabView
2025-09-14 00:12:21,658 - root - INFO - Instância criada com sucesso
2025-09-14 00:12:21,658 - root - INFO - Executando aplicação...
2025-09-14 00:12:21,659 - root - INFO - Sistema de proteção contra loops configurado
2025-09-14 00:12:21,716 - root - INFO - PerformanceMonitor started
2025-09-14 00:12:21,720 - root - INFO - Monitor de performance iniciado
2025-09-14 00:12:21,734 - root - INFO - Watchdog do mainloop iniciado
2025-09-14 00:12:21,735 - root - INFO - Iniciando mainloop com proteção anti-travamento...
2025-09-14 00:12:22,382 - root - INFO - HomeTabManager.update_home_buttons_state chamado:
2025-09-14 00:12:22,382 - root - INFO -   - status_data: None
2025-09-14 00:12:22,383 - root - INFO -   - controller.running_command: None
2025-09-14 00:12:22,383 - root - INFO -   - controller.is_running: False
2025-09-14 00:12:22,383 - root - INFO -   - ping_running: None
2025-09-14 00:12:22,383 - root - INFO -   - traceroute_running: None
2025-09-14 00:12:22,387 - root - INFO - Populating initial host tabs
2025-09-14 00:12:22,397 - root - INFO - Carregamento de dados concluído
2025-09-14 00:12:24,608 - root - INFO - Loading tools for host tab: CMI-10947.saude.betim
2025-09-14 00:12:24,795 - root - INFO - SysInfoController initialized for host: CMI-10947.saude.betim
2025-09-14 00:12:24,837 - root - INFO - Initializing PingFrame for host: CMI-10947.saude.betim
2025-09-14 00:12:25,999 - root - INFO - PingFrame.toggle_ping chamado:
2025-09-14 00:12:26,000 - root - INFO -   - running_cmd: None
2025-09-14 00:12:26,000 - root - INFO -   - is_running: False
2025-09-14 00:12:26,001 - root - INFO - Iniciando comando ping para CMI-10947.saude.betim com packet size: 
2025-09-14 00:12:26,001 - root - INFO - START: Iniciando 'ping' para host 'CMI-10947.saude.betim'
2025-09-14 00:12:26,014 - root - INFO - START: Criando thread para 'ping'
2025-09-14 00:12:26,015 - root - INFO - THREAD: Executando 'ping' com args: (32,)
2025-09-14 00:12:26,015 - root - INFO - START: Thread 'ping' iniciada com sucesso
2025-09-14 00:12:26,016 - root - INFO - PING: Iniciando ping para 10.5.5.48, packet_size: 32
2025-09-14 00:12:26,016 - root - INFO - START: Iniciando process_queue para 'ping'
2025-09-14 00:12:28,637 - root - INFO - PingFrame.toggle_ping chamado:
2025-09-14 00:12:28,637 - root - INFO -   - running_cmd: ping
2025-09-14 00:12:28,637 - root - INFO -   - is_running: True
2025-09-14 00:12:28,638 - root - INFO - STOP: Parando comando 'ping' (is_running=True)
2025-09-14 00:12:28,639 - root - INFO - PING: Finalizando worker para 10.5.5.48
2025-09-14 00:12:28,740 - root - INFO - PING: Worker finalizado para 10.5.5.48
2025-09-14 00:12:28,740 - root - INFO - THREAD: 'ping' executado com sucesso
2025-09-14 00:12:28,741 - root - INFO - THREAD: Finalizando 'ping'
2025-09-14 00:12:28,744 - root - INFO - STOP: Comando 'ping' parado - Estado limpo
2025-09-14 00:12:28,945 - root - INFO - Parando comando ping
2025-09-14 00:12:50,870 - root - INFO - Performance Summary - CPU: 0.0%, Memory: 81.2MB, Threads: 27.0, Active Commands: 0, Hanging Commands: 0
2025-09-14 00:13:09,965 - root - INFO - PerformanceMonitor stopped
2025-09-14 00:13:09,966 - root - INFO - Credential vault locked
2025-09-14 00:13:10,319 - root - INFO - Executando limpeza de recursos...
2025-09-14 00:13:10,319 - root - INFO - Credential vault locked
2025-09-14 00:13:10,321 - root - INFO - Limpeza de recursos concluída
2025-09-14 00:13:10,322 - root - INFO - Aplicação finalizada normalmente
2025-09-14 00:19:06,210 - root - INFO - Iniciando aplicação Ferramentas de Rede v2.0.0
2025-09-14 00:19:07,387 - root - INFO - Criando instância da aplicação...
2025-09-14 00:19:07,641 - root - INFO - PerformanceMonitor initialized
2025-09-14 00:19:07,755 - root - INFO - Initializing HostTabView
2025-09-14 00:19:08,011 - root - INFO - Instância criada com sucesso
2025-09-14 00:19:08,012 - root - INFO - Executando aplicação...
2025-09-14 00:19:08,012 - root - INFO - Sistema de proteção contra loops configurado
2025-09-14 00:19:08,020 - root - INFO - PerformanceMonitor started
2025-09-14 00:19:08,020 - root - INFO - Monitor de performance iniciado
2025-09-14 00:19:08,035 - root - INFO - Watchdog do mainloop iniciado
2025-09-14 00:19:08,035 - root - INFO - Iniciando mainloop com proteção anti-travamento...
2025-09-14 00:19:08,580 - root - INFO - HomeTabManager.update_home_buttons_state chamado:
2025-09-14 00:19:08,580 - root - INFO -   - status_data: None
2025-09-14 00:19:08,581 - root - INFO -   - controller.running_command: None
2025-09-14 00:19:08,581 - root - INFO -   - controller.is_running: False
2025-09-14 00:19:08,581 - root - INFO -   - ping_running: None
2025-09-14 00:19:08,581 - root - INFO -   - traceroute_running: None
2025-09-14 00:19:08,585 - root - INFO - Populating initial host tabs
2025-09-14 00:19:08,595 - root - INFO - Carregamento de dados concluído
2025-09-14 00:19:16,499 - root - INFO - Loading tools for host tab: localhost (localhost)
2025-09-14 00:19:16,670 - root - INFO - SysInfoController initialized for host: localhost
2025-09-14 00:19:16,701 - root - INFO - Initializing PingFrame for host: localhost
2025-09-14 00:19:17,854 - root - INFO - Loading tools for host tab: CMI-10947.saude.betim
2025-09-14 00:19:18,004 - root - INFO - SysInfoController initialized for host: CMI-10947.saude.betim
2025-09-14 00:19:18,012 - root - INFO - Initializing PingFrame for host: CMI-10947.saude.betim
2025-09-14 00:19:37,276 - root - INFO - Performance Summary - CPU: 0.0%, Memory: 82.1MB, Threads: 27.0, Active Commands: 0, Hanging Commands: 0
2025-09-14 00:20:07,457 - root - INFO - Performance Summary - CPU: 0.0%, Memory: 82.2MB, Threads: 26.4, Active Commands: 0, Hanging Commands: 0
2025-09-14 00:20:37,615 - root - INFO - Performance Summary - CPU: 0.0%, Memory: 82.1MB, Threads: 24.0, Active Commands: 0, Hanging Commands: 0
2025-09-14 00:20:49,674 - root - INFO - PerformanceMonitor stopped
2025-09-14 00:20:49,674 - root - INFO - Credential vault locked
2025-09-14 00:20:49,905 - root - INFO - Executando limpeza de recursos...
2025-09-14 00:20:49,905 - root - INFO - Credential vault locked
2025-09-14 00:20:49,906 - root - INFO - Limpeza de recursos concluída
2025-09-14 00:20:49,907 - root - INFO - Aplicação finalizada normalmente
2025-09-14 00:28:01,648 - root - INFO - Iniciando aplicação Ferramentas de Rede v2.0.0
2025-09-14 00:28:02,788 - root - INFO - Criando instância da aplicação...
2025-09-14 00:28:03,012 - root - INFO - PerformanceMonitor initialized
2025-09-14 00:28:03,128 - root - INFO - Initializing HostTabView
2025-09-14 00:28:03,393 - root - INFO - Instância criada com sucesso
2025-09-14 00:28:03,394 - root - INFO - Executando aplicação...
2025-09-14 00:28:03,394 - root - INFO - Sistema de proteção contra loops configurado
2025-09-14 00:28:03,398 - root - INFO - PerformanceMonitor started
2025-09-14 00:28:03,398 - root - INFO - Monitor de performance iniciado
2025-09-14 00:28:03,411 - root - INFO - Watchdog do mainloop iniciado
2025-09-14 00:28:03,411 - root - INFO - Iniciando mainloop com proteção anti-travamento...
2025-09-14 00:28:04,084 - root - INFO - HomeTabManager.update_home_buttons_state chamado:
2025-09-14 00:28:04,084 - root - INFO -   - status_data: None
2025-09-14 00:28:04,085 - root - INFO -   - controller.running_command: None
2025-09-14 00:28:04,085 - root - INFO -   - controller.is_running: False
2025-09-14 00:28:04,085 - root - INFO -   - ping_running: None
2025-09-14 00:28:04,085 - root - INFO -   - traceroute_running: None
2025-09-14 00:28:04,089 - root - INFO - Populating initial host tabs
2025-09-14 00:28:04,100 - root - INFO - Carregamento de dados concluído
2025-09-14 00:28:06,931 - root - INFO - Loading tools for host tab: localhost (localhost)
2025-09-14 00:28:07,062 - root - INFO - SysInfoController initialized for host: localhost
2025-09-14 00:28:07,099 - root - INFO - Initializing PingFrame for host: localhost
2025-09-14 00:28:07,890 - root - INFO - Loading tools for host tab: CMI-10947.saude.betim
2025-09-14 00:28:07,981 - root - INFO - SysInfoController initialized for host: CMI-10947.saude.betim
2025-09-14 00:28:07,986 - root - INFO - Initializing PingFrame for host: CMI-10947.saude.betim
2025-09-14 00:28:10,452 - root - INFO - Loading tools for host tab: HPRB-25889.saude.betim
2025-09-14 00:28:10,539 - root - INFO - SysInfoController initialized for host: HPRB-25889.saude.betim
2025-09-14 00:28:10,545 - root - INFO - Initializing PingFrame for host: HPRB-25889.saude.betim
2025-09-14 00:28:11,746 - root - INFO - HomeTabManager.update_home_buttons_state chamado:
2025-09-14 00:28:11,746 - root - INFO -   - status_data: None
2025-09-14 00:28:11,746 - root - INFO -   - controller.running_command: None
2025-09-14 00:28:11,747 - root - INFO -   - controller.is_running: False
2025-09-14 00:28:11,747 - root - INFO -   - ping_running: None
2025-09-14 00:28:11,748 - root - INFO -   - traceroute_running: None
2025-09-14 00:28:32,564 - root - INFO - Performance Summary - CPU: 0.0%, Memory: 83.3MB, Threads: 27.0, Active Commands: 0, Hanging Commands: 0
2025-09-14 00:28:41,613 - root - INFO - PerformanceMonitor stopped
2025-09-14 00:28:41,614 - root - INFO - Credential vault locked
2025-09-14 00:28:41,910 - root - INFO - Executando limpeza de recursos...
2025-09-14 00:28:41,910 - root - INFO - Credential vault locked
2025-09-14 00:28:41,911 - root - INFO - Limpeza de recursos concluída
2025-09-14 00:28:41,912 - root - INFO - Aplicação finalizada normalmente
2025-09-14 00:31:00,878 - root - INFO - Iniciando aplicação Ferramentas de Rede v2.0.0
2025-09-14 00:31:01,997 - root - INFO - Criando instância da aplicação...
2025-09-14 00:31:02,222 - root - INFO - PerformanceMonitor initialized
2025-09-14 00:31:02,341 - root - INFO - Initializing HostTabView
2025-09-14 00:31:02,604 - root - INFO - Instância criada com sucesso
2025-09-14 00:31:02,604 - root - INFO - Executando aplicação...
2025-09-14 00:31:02,604 - root - INFO - Sistema de proteção contra loops configurado
2025-09-14 00:31:02,609 - root - INFO - PerformanceMonitor started
2025-09-14 00:31:02,609 - root - INFO - Monitor de performance iniciado
2025-09-14 00:31:02,624 - root - INFO - Watchdog do mainloop iniciado
2025-09-14 00:31:02,624 - root - INFO - Iniciando mainloop com proteção anti-travamento...
2025-09-14 00:31:03,187 - root - INFO - HomeTabManager.update_home_buttons_state chamado:
2025-09-14 00:31:03,187 - root - INFO -   - status_data: None
2025-09-14 00:31:03,188 - root - INFO -   - controller.running_command: None
2025-09-14 00:31:03,188 - root - INFO -   - controller.is_running: False
2025-09-14 00:31:03,188 - root - INFO -   - ping_running: None
2025-09-14 00:31:03,188 - root - INFO -   - traceroute_running: None
2025-09-14 00:31:03,193 - root - INFO - Populating initial host tabs
2025-09-14 00:31:03,203 - root - INFO - Carregamento de dados concluído
2025-09-14 00:31:07,560 - root - INFO - Tentativa de adicionar novo host.
2025-09-14 00:31:11,449 - root - INFO - Initializing TabSettingsDialog with interval: 60, ask_initial_info: True
2025-09-14 00:31:32,691 - root - INFO - Performance Summary - CPU: 0.0%, Memory: 81.3MB, Threads: 21.0, Active Commands: 0, Hanging Commands: 0
2025-09-14 00:31:39,737 - root - INFO - PerformanceMonitor stopped
2025-09-14 00:31:39,738 - root - INFO - Credential vault locked
2025-09-14 00:31:39,892 - root - INFO - Executando limpeza de recursos...
2025-09-14 00:31:39,893 - root - INFO - Credential vault locked
2025-09-14 00:31:39,894 - root - INFO - Limpeza de recursos concluída
2025-09-14 00:31:39,894 - root - INFO - Aplicação finalizada normalmente
2025-09-14 00:35:40,793 - root - INFO - Iniciando aplicação Ferramentas de Rede v2.0.0
2025-09-14 00:35:42,682 - root - INFO - Criando instância da aplicação...
2025-09-14 00:35:42,989 - root - INFO - PerformanceMonitor initialized
2025-09-14 00:35:43,404 - root - INFO - Initializing HostTabView
2025-09-14 00:35:43,472 - root - INFO - Instância criada com sucesso
2025-09-14 00:35:43,473 - root - INFO - Executando aplicação...
2025-09-14 00:35:43,473 - root - INFO - Sistema de proteção contra loops configurado
2025-09-14 00:35:43,478 - root - INFO - PerformanceMonitor started
2025-09-14 00:35:43,479 - root - INFO - Monitor de performance iniciado
2025-09-14 00:35:43,494 - root - INFO - Watchdog do mainloop iniciado
2025-09-14 00:35:43,495 - root - INFO - Iniciando mainloop com proteção anti-travamento...
2025-09-14 00:35:44,251 - root - INFO - HomeTabManager.update_home_buttons_state chamado:
2025-09-14 00:35:44,252 - root - INFO -   - status_data: None
2025-09-14 00:35:44,252 - root - INFO -   - controller.running_command: None
2025-09-14 00:35:44,252 - root - INFO -   - controller.is_running: False
2025-09-14 00:35:44,252 - root - INFO -   - ping_running: None
2025-09-14 00:35:44,252 - root - INFO -   - traceroute_running: None
2025-09-14 00:35:44,259 - root - INFO - Populating initial host tabs
2025-09-14 00:35:44,281 - root - INFO - Carregamento de dados concluído
2025-09-14 00:36:13,346 - root - INFO - Iniciando aplicação Ferramentas de Rede v2.0.0
2025-09-14 00:36:14,464 - root - INFO - Criando instância da aplicação...
2025-09-14 00:36:14,692 - root - INFO - PerformanceMonitor initialized
2025-09-14 00:36:15,011 - root - INFO - Initializing HostTabView
2025-09-14 00:36:15,067 - root - INFO - Instância criada com sucesso
2025-09-14 00:36:15,067 - root - INFO - Executando aplicação...
2025-09-14 00:36:15,067 - root - INFO - Sistema de proteção contra loops configurado
2025-09-14 00:36:15,072 - root - INFO - PerformanceMonitor started
2025-09-14 00:36:15,072 - root - INFO - Monitor de performance iniciado
2025-09-14 00:36:15,090 - root - INFO - Watchdog do mainloop iniciado
2025-09-14 00:36:15,091 - root - INFO - Iniciando mainloop com proteção anti-travamento...
2025-09-14 00:36:15,671 - root - INFO - HomeTabManager.update_home_buttons_state chamado:
2025-09-14 00:36:15,671 - root - INFO -   - status_data: None
2025-09-14 00:36:15,672 - root - INFO -   - controller.running_command: None
2025-09-14 00:36:15,672 - root - INFO -   - controller.is_running: False
2025-09-14 00:36:15,672 - root - INFO -   - ping_running: None
2025-09-14 00:36:15,672 - root - INFO -   - traceroute_running: None
2025-09-14 00:36:15,676 - root - INFO - Populating initial host tabs
2025-09-14 00:36:15,689 - root - INFO - Carregamento de dados concluído
2025-09-14 00:36:19,500 - root - INFO - Tentativa de adicionar novo host.
2025-09-14 00:36:44,235 - root - INFO - Performance Summary - CPU: 0.0%, Memory: 80.0MB, Threads: 21.0, Active Commands: 0, Hanging Commands: 0
2025-09-14 00:36:44,431 - root - INFO - Initializing TabSettingsDialog with interval: 60, ask_initial_info: True
2025-09-14 00:37:01,110 - root - ERROR - DETECTADO: Mainloop travado há mais de 10 segundos!
2025-09-14 00:37:01,110 - root - ERROR - Iniciando encerramento de emergência...
2025-09-14 00:37:01,110 - root - CRITICAL - === ENCERRAMENTO DE EMERGÊNCIA ATIVADO ===
2025-09-14 00:37:01,110 - root - INFO - Tentando encerramento gracioso...
2025-09-14 00:37:01,111 - root - INFO - Watchdog do mainloop finalizado
2025-09-14 00:37:04,112 - root - CRITICAL - Forçando encerramento do processo...
2025-09-14 00:39:16,602 - root - INFO - Iniciando aplicação Ferramentas de Rede v2.0.0
2025-09-14 00:39:18,362 - root - INFO - Criando instância da aplicação...
2025-09-14 00:39:18,670 - root - INFO - PerformanceMonitor initialized
2025-09-14 00:39:19,124 - root - INFO - Initializing HostTabView
2025-09-14 00:39:19,188 - root - INFO - Instância criada com sucesso
2025-09-14 00:39:19,189 - root - INFO - Executando aplicação...
2025-09-14 00:39:19,189 - root - INFO - Sistema de proteção contra loops configurado
2025-09-14 00:39:19,194 - root - INFO - PerformanceMonitor started
2025-09-14 00:39:19,195 - root - INFO - Monitor de performance iniciado
2025-09-14 00:39:19,209 - root - INFO - Watchdog do mainloop iniciado
2025-09-14 00:39:19,210 - root - INFO - Iniciando mainloop com proteção anti-travamento...
2025-09-14 00:39:20,031 - root - INFO - HomeTabManager.update_home_buttons_state chamado:
2025-09-14 00:39:20,032 - root - INFO -   - status_data: None
2025-09-14 00:39:20,032 - root - INFO -   - controller.running_command: None
2025-09-14 00:39:20,032 - root - INFO -   - controller.is_running: False
2025-09-14 00:39:20,032 - root - INFO -   - ping_running: None
2025-09-14 00:39:20,032 - root - INFO -   - traceroute_running: None
2025-09-14 00:39:20,040 - root - INFO - Populating initial host tabs
2025-09-14 00:39:20,054 - root - INFO - Carregamento de dados concluído
2025-09-14 00:39:59,965 - root - INFO - Iniciando aplicação Ferramentas de Rede v2.0.0
2025-09-14 00:40:01,072 - root - INFO - Criando instância da aplicação...
2025-09-14 00:40:01,287 - root - INFO - PerformanceMonitor initialized
2025-09-14 00:40:01,594 - root - INFO - Initializing HostTabView
2025-09-14 00:40:01,646 - root - INFO - Instância criada com sucesso
2025-09-14 00:40:01,647 - root - INFO - Executando aplicação...
2025-09-14 00:40:01,647 - root - INFO - Sistema de proteção contra loops configurado
2025-09-14 00:40:01,651 - root - INFO - PerformanceMonitor started
2025-09-14 00:40:01,652 - root - INFO - Monitor de performance iniciado
2025-09-14 00:40:01,662 - root - INFO - Watchdog do mainloop iniciado
2025-09-14 00:40:01,663 - root - INFO - Iniciando mainloop com proteção anti-travamento...
2025-09-14 00:40:02,265 - root - INFO - HomeTabManager.update_home_buttons_state chamado:
2025-09-14 00:40:02,265 - root - INFO -   - status_data: None
2025-09-14 00:40:02,265 - root - INFO -   - controller.running_command: None
2025-09-14 00:40:02,266 - root - INFO -   - controller.is_running: False
2025-09-14 00:40:02,266 - root - INFO -   - ping_running: None
2025-09-14 00:40:02,266 - root - INFO -   - traceroute_running: None
2025-09-14 00:40:02,269 - root - INFO - Populating initial host tabs
2025-09-14 00:40:02,278 - root - INFO - Carregamento de dados concluído
2025-09-14 00:40:03,965 - root - INFO - Tentativa de adicionar novo host.
2025-09-14 00:40:12,865 - root - INFO - PerformanceMonitor stopped
2025-09-14 00:40:12,865 - root - INFO - Credential vault locked
2025-09-14 00:40:13,043 - root - INFO - Executando limpeza de recursos...
2025-09-14 00:40:13,043 - root - INFO - Credential vault locked
2025-09-14 00:40:13,044 - root - INFO - Limpeza de recursos concluída
2025-09-14 00:40:13,045 - root - INFO - Aplicação finalizada normalmente
2025-09-14 00:44:21,416 - root - INFO - Iniciando aplicação Ferramentas de Rede v2.0.0
2025-09-14 00:44:23,245 - root - INFO - Criando instância da aplicação...
2025-09-14 00:44:23,549 - root - INFO - PerformanceMonitor initialized
2025-09-14 00:44:23,952 - root - INFO - Initializing HostTabView
2025-09-14 00:44:24,030 - root - INFO - Instância criada com sucesso
2025-09-14 00:44:24,030 - root - INFO - Executando aplicação...
2025-09-14 00:44:24,030 - root - INFO - Sistema de proteção contra loops configurado
2025-09-14 00:44:24,037 - root - INFO - PerformanceMonitor started
2025-09-14 00:44:24,037 - root - INFO - Monitor de performance iniciado
2025-09-14 00:44:24,054 - root - INFO - Watchdog do mainloop iniciado
2025-09-14 00:44:24,054 - root - INFO - Iniciando mainloop com proteção anti-travamento...
2025-09-14 00:44:24,924 - root - INFO - HomeTabManager.update_home_buttons_state chamado:
2025-09-14 00:44:24,924 - root - INFO -   - status_data: None
2025-09-14 00:44:24,925 - root - INFO -   - controller.running_command: None
2025-09-14 00:44:24,925 - root - INFO -   - controller.is_running: False
2025-09-14 00:44:24,925 - root - INFO -   - ping_running: None
2025-09-14 00:44:24,925 - root - INFO -   - traceroute_running: None
2025-09-14 00:44:24,932 - root - INFO - Populating initial host tabs
2025-09-14 00:44:24,946 - root - INFO - Carregamento de dados concluído
2025-09-14 00:45:09,639 - root - INFO - Iniciando aplicação Ferramentas de Rede v2.0.0
2025-09-14 00:45:10,710 - root - INFO - Criando instância da aplicação...
2025-09-14 00:45:10,923 - root - INFO - PerformanceMonitor initialized
2025-09-14 00:45:11,229 - root - INFO - Initializing HostTabView
2025-09-14 00:45:11,279 - root - INFO - Instância criada com sucesso
2025-09-14 00:45:11,279 - root - INFO - Executando aplicação...
2025-09-14 00:45:11,279 - root - INFO - Sistema de proteção contra loops configurado
2025-09-14 00:45:11,284 - root - INFO - PerformanceMonitor started
2025-09-14 00:45:11,284 - root - INFO - Monitor de performance iniciado
2025-09-14 00:45:11,298 - root - INFO - Watchdog do mainloop iniciado
2025-09-14 00:45:11,298 - root - INFO - Iniciando mainloop com proteção anti-travamento...
2025-09-14 00:45:11,917 - root - INFO - HomeTabManager.update_home_buttons_state chamado:
2025-09-14 00:45:11,918 - root - INFO -   - status_data: None
2025-09-14 00:45:11,918 - root - INFO -   - controller.running_command: None
2025-09-14 00:45:11,918 - root - INFO -   - controller.is_running: False
2025-09-14 00:45:11,918 - root - INFO -   - ping_running: None
2025-09-14 00:45:11,918 - root - INFO -   - traceroute_running: None
2025-09-14 00:45:11,923 - root - INFO - Populating initial host tabs
2025-09-14 00:45:11,932 - root - INFO - Carregamento de dados concluído
2025-09-14 00:45:12,589 - root - INFO - Tentativa de adicionar novo host.
2025-09-14 00:45:15,362 - root - INFO - Loading tools for host tab: CMI-10947.saude.betim
2025-09-14 00:45:15,479 - root - INFO - SysInfoController initialized for host: CMI-10947.saude.betim
2025-09-14 00:45:15,512 - root - INFO - Initializing PingFrame for host: CMI-10947.saude.betim
2025-09-14 00:45:17,777 - root - INFO - Initializing SystemToolsFrame for host: CMI-10947.saude.betim
2025-09-14 00:45:17,814 - root - INFO - Initializing SystemInfoPanel
2025-09-14 00:45:17,853 - root - INFO - Received info data for display. Data is None: False, is empty: True, has error: False
2025-09-14 00:45:18,781 - root - INFO - Getting system info for host: CMI-10947.saude.betim
2025-09-14 00:45:18,782 - root - INFO - Received info data for display. Data is None: True, is empty: True, has error: False
2025-09-14 00:45:18,784 - root - INFO - Starting system info fetching for host: CMI-10947.saude.betim
2025-09-14 00:45:18,784 - root - INFO - START: Iniciando 'get_sysinfo' para host 'CMI-10947.saude.betim'
2025-09-14 00:45:18,785 - root - INFO - Opening credential dialog for target: 10.5.5.48
2025-09-14 00:45:18,786 - root - INFO - Received info data for display. Data is None: True, is empty: True, has error: False
2025-09-14 00:45:20,616 - root - INFO - Credential dialog cancelled.
2025-09-14 00:45:24,347 - root - INFO - PerformanceMonitor stopped
2025-09-14 00:45:24,348 - root - INFO - Credential vault locked
2025-09-14 00:45:24,557 - root - INFO - Executando limpeza de recursos...
2025-09-14 00:45:24,557 - root - INFO - Credential vault locked
2025-09-14 00:45:24,558 - root - INFO - Limpeza de recursos concluída
2025-09-14 00:45:24,559 - root - INFO - Aplicação finalizada normalmente
2025-09-14 00:47:18,070 - root - INFO - Iniciando aplicação Ferramentas de Rede v2.0.0
2025-09-14 00:47:19,816 - root - INFO - Criando instância da aplicação...
2025-09-14 00:47:20,098 - root - INFO - PerformanceMonitor initialized
2025-09-14 00:47:20,508 - root - INFO - Initializing HostTabView
2025-09-14 00:47:20,575 - root - INFO - Instância criada com sucesso
2025-09-14 00:47:20,575 - root - INFO - Executando aplicação...
2025-09-14 00:47:20,575 - root - INFO - Sistema de proteção contra loops configurado
2025-09-14 00:47:20,580 - root - INFO - PerformanceMonitor started
2025-09-14 00:47:20,580 - root - INFO - Monitor de performance iniciado
2025-09-14 00:47:20,597 - root - INFO - Watchdog do mainloop iniciado
2025-09-14 00:47:20,597 - root - INFO - Iniciando mainloop com proteção anti-travamento...
2025-09-14 00:47:21,128 - root - INFO - HomeTabManager.update_home_buttons_state chamado:
2025-09-14 00:47:21,129 - root - INFO -   - status_data: None
2025-09-14 00:47:21,129 - root - INFO -   - controller.running_command: None
2025-09-14 00:47:21,129 - root - INFO -   - controller.is_running: False
2025-09-14 00:47:21,129 - root - INFO -   - ping_running: None
2025-09-14 00:47:21,129 - root - INFO -   - traceroute_running: None
2025-09-14 00:47:21,134 - root - INFO - Populating initial host tabs
2025-09-14 00:47:21,145 - root - INFO - Carregamento de dados concluído
2025-09-14 06:50:45,744 - root - INFO - Iniciando aplicação Ferramentas de Rede v2.0.0
2025-09-14 06:50:49,957 - root - INFO - Criando instância da aplicação...
2025-09-14 06:50:50,378 - root - INFO - PerformanceMonitor initialized
2025-09-14 06:50:50,381 - root - ERROR - Erro ao carregar UI Prefs: Expecting value: line 1 column 1 (char 0)
2025-09-14 06:50:50,835 - root - INFO - Initializing HostTabView
2025-09-14 06:50:50,882 - root - INFO - Instância criada com sucesso
2025-09-14 06:50:50,882 - root - INFO - Executando aplicação...
2025-09-14 06:50:50,883 - root - INFO - Sistema de proteção contra loops configurado
2025-09-14 06:50:50,887 - root - INFO - PerformanceMonitor started
2025-09-14 06:50:50,887 - root - INFO - Monitor de performance iniciado
2025-09-14 06:50:50,901 - root - INFO - Watchdog do mainloop iniciado
2025-09-14 06:50:50,902 - root - INFO - Iniciando mainloop com proteção anti-travamento...
2025-09-14 06:50:51,632 - root - INFO - HomeTabManager.update_home_buttons_state chamado:
2025-09-14 06:50:51,632 - root - INFO -   - status_data: None
2025-09-14 06:50:51,632 - root - INFO -   - controller.running_command: None
2025-09-14 06:50:51,633 - root - INFO -   - controller.is_running: False
2025-09-14 06:50:51,633 - root - INFO -   - ping_running: None
2025-09-14 06:50:51,633 - root - INFO -   - traceroute_running: None
2025-09-14 06:50:51,637 - root - INFO - Populating initial host tabs
2025-09-14 06:50:51,645 - root - INFO - Carregamento de dados concluído
2025-09-14 06:51:15,232 - root - INFO - Executando limpeza de recursos...
2025-09-14 06:51:15,233 - root - INFO - Credential vault locked
2025-09-14 06:51:15,235 - root - INFO - Limpeza de recursos concluída
2025-09-14 06:51:22,837 - root - INFO - Iniciando aplicação Ferramentas de Rede v2.0.0
2025-09-14 06:51:23,831 - root - INFO - Criando instância da aplicação...
2025-09-14 06:51:24,028 - root - INFO - PerformanceMonitor initialized
2025-09-14 06:51:24,347 - root - INFO - Initializing HostTabView
2025-09-14 06:51:24,393 - root - INFO - Instância criada com sucesso
2025-09-14 06:51:24,393 - root - INFO - Executando aplicação...
2025-09-14 06:51:24,394 - root - INFO - Sistema de proteção contra loops configurado
2025-09-14 06:51:24,397 - root - INFO - PerformanceMonitor started
2025-09-14 06:51:24,398 - root - INFO - Monitor de performance iniciado
2025-09-14 06:51:24,416 - root - INFO - Watchdog do mainloop iniciado
2025-09-14 06:51:24,416 - root - INFO - Iniciando mainloop com proteção anti-travamento...
2025-09-14 06:51:25,162 - root - INFO - HomeTabManager.update_home_buttons_state chamado:
2025-09-14 06:51:25,162 - root - INFO -   - status_data: None
2025-09-14 06:51:25,162 - root - INFO -   - controller.running_command: None
2025-09-14 06:51:25,162 - root - INFO -   - controller.is_running: False
2025-09-14 06:51:25,163 - root - INFO -   - ping_running: None
2025-09-14 06:51:25,163 - root - INFO -   - traceroute_running: None
2025-09-14 06:51:25,167 - root - INFO - Populating initial host tabs
2025-09-14 06:51:25,175 - root - INFO - Carregamento de dados concluído
2025-09-14 06:51:28,698 - root - INFO - Executando limpeza de recursos...
2025-09-14 06:51:28,699 - root - INFO - Credential vault locked
2025-09-14 06:51:28,700 - root - INFO - Limpeza de recursos concluída
2025-09-14 06:55:24,482 - root - INFO - Iniciando aplicação Ferramentas de Rede v2.0.0
2025-09-14 06:55:25,920 - root - INFO - Criando instância da aplicação...
2025-09-14 06:55:26,180 - root - INFO - PerformanceMonitor initialized
2025-09-14 06:55:26,565 - root - INFO - Initializing HostTabView
2025-09-14 06:55:26,629 - root - INFO - Instância criada com sucesso
2025-09-14 06:55:26,629 - root - INFO - Executando aplicação...
2025-09-14 06:55:26,629 - root - INFO - Sistema de proteção contra loops configurado
2025-09-14 06:55:26,633 - root - INFO - PerformanceMonitor started
2025-09-14 06:55:26,634 - root - INFO - Monitor de performance iniciado
2025-09-14 06:55:26,682 - root - INFO - Watchdog do mainloop iniciado
2025-09-14 06:55:26,682 - root - INFO - Iniciando mainloop com proteção anti-travamento...
2025-09-14 06:55:27,673 - root - INFO - HomeTabManager.update_home_buttons_state chamado:
2025-09-14 06:55:27,673 - root - INFO -   - status_data: None
2025-09-14 06:55:27,673 - root - INFO -   - controller.running_command: None
2025-09-14 06:55:27,673 - root - INFO -   - controller.is_running: False
2025-09-14 06:55:27,673 - root - INFO -   - ping_running: None
2025-09-14 06:55:27,673 - root - INFO -   - traceroute_running: None
2025-09-14 06:55:27,678 - root - INFO - Populating initial host tabs
2025-09-14 06:55:27,687 - root - INFO - Carregamento de dados concluído
2025-09-14 06:56:02,072 - root - INFO - Iniciando aplicação Ferramentas de Rede v2.0.0
2025-09-14 06:56:03,063 - root - INFO - Criando instância da aplicação...
2025-09-14 06:56:03,271 - root - INFO - PerformanceMonitor initialized
2025-09-14 06:56:03,579 - root - INFO - Initializing HostTabView
2025-09-14 06:56:03,629 - root - INFO - Instância criada com sucesso
2025-09-14 06:56:03,630 - root - INFO - Executando aplicação...
2025-09-14 06:56:03,630 - root - INFO - Sistema de proteção contra loops configurado
2025-09-14 06:56:03,634 - root - INFO - PerformanceMonitor started
2025-09-14 06:56:03,635 - root - INFO - Monitor de performance iniciado
2025-09-14 06:56:03,649 - root - INFO - Watchdog do mainloop iniciado
2025-09-14 06:56:03,649 - root - INFO - Iniciando mainloop com proteção anti-travamento...
2025-09-14 06:56:04,142 - root - INFO - HomeTabManager.update_home_buttons_state chamado:
2025-09-14 06:56:04,142 - root - INFO -   - status_data: None
2025-09-14 06:56:04,142 - root - INFO -   - controller.running_command: None
2025-09-14 06:56:04,142 - root - INFO -   - controller.is_running: False
2025-09-14 06:56:04,143 - root - INFO -   - ping_running: None
2025-09-14 06:56:04,143 - root - INFO -   - traceroute_running: None
2025-09-14 06:56:04,147 - root - INFO - Populating initial host tabs
2025-09-14 06:56:04,155 - root - INFO - Carregamento de dados concluído
2025-09-14 06:56:09,265 - root - INFO - Interrupção por teclado detectada
2025-09-14 06:56:09,266 - root - CRITICAL - === ENCERRAMENTO DE EMERGÊNCIA ATIVADO ===
2025-09-14 06:56:09,267 - root - INFO - Tentando encerramento gracioso...
2025-09-14 06:56:09,268 - root - INFO - Executando limpeza de recursos...
2025-09-14 06:56:09,269 - root - INFO - Credential vault locked
2025-09-14 06:56:09,272 - root - INFO - Limpeza de recursos concluída
2025-09-14 06:56:09,272 - root - INFO - Aplicação finalizada normalmente
2025-09-14 06:56:16,402 - root - INFO - Iniciando aplicação Ferramentas de Rede v2.0.0
2025-09-14 06:56:17,397 - root - INFO - Criando instância da aplicação...
2025-09-14 06:56:17,596 - root - INFO - PerformanceMonitor initialized
2025-09-14 06:56:17,905 - root - INFO - Initializing HostTabView
2025-09-14 06:56:17,953 - root - INFO - Instância criada com sucesso
2025-09-14 06:56:17,954 - root - INFO - Executando aplicação...
2025-09-14 06:56:17,954 - root - INFO - Sistema de proteção contra loops configurado
2025-09-14 06:56:17,958 - root - INFO - PerformanceMonitor started
2025-09-14 06:56:17,958 - root - INFO - Monitor de performance iniciado
2025-09-14 06:56:17,977 - root - INFO - Watchdog do mainloop iniciado
2025-09-14 06:56:17,977 - root - INFO - Iniciando mainloop com proteção anti-travamento...
2025-09-14 06:56:18,423 - root - INFO - HomeTabManager.update_home_buttons_state chamado:
2025-09-14 06:56:18,423 - root - INFO -   - status_data: None
2025-09-14 06:56:18,423 - root - INFO -   - controller.running_command: None
2025-09-14 06:56:18,424 - root - INFO -   - controller.is_running: False
2025-09-14 06:56:18,424 - root - INFO -   - ping_running: None
2025-09-14 06:56:18,424 - root - INFO -   - traceroute_running: None
2025-09-14 06:56:18,427 - root - INFO - Populating initial host tabs
2025-09-14 06:56:18,434 - root - INFO - Carregamento de dados concluído
2025-09-14 06:56:28,917 - root - INFO - Interrupção por teclado detectada
2025-09-14 06:56:28,918 - root - CRITICAL - === ENCERRAMENTO DE EMERGÊNCIA ATIVADO ===
2025-09-14 06:56:28,919 - root - INFO - Tentando encerramento gracioso...
2025-09-14 06:56:28,920 - root - INFO - Executando limpeza de recursos...
2025-09-14 06:56:28,921 - root - INFO - Credential vault locked
2025-09-14 06:56:28,924 - root - INFO - Limpeza de recursos concluída
2025-09-14 06:56:28,924 - root - INFO - Aplicação finalizada normalmente
2025-09-14 06:57:56,408 - root - INFO - Iniciando aplicação Ferramentas de Rede v2.0.0
2025-09-14 06:57:58,047 - root - INFO - Criando instância da aplicação...
2025-09-14 06:57:58,302 - root - INFO - PerformanceMonitor initialized
2025-09-14 06:57:58,685 - root - INFO - Initializing HostTabView
2025-09-14 06:57:58,753 - root - INFO - Instância criada com sucesso
2025-09-14 06:57:58,753 - root - INFO - Executando aplicação...
2025-09-14 06:57:58,753 - root - INFO - Sistema de proteção contra loops configurado
2025-09-14 06:57:58,759 - root - INFO - PerformanceMonitor started
2025-09-14 06:57:58,759 - root - INFO - Monitor de performance iniciado
2025-09-14 06:57:58,913 - root - INFO - Watchdog do mainloop iniciado
2025-09-14 06:57:58,913 - root - INFO - Iniciando mainloop com proteção anti-travamento...
2025-09-14 06:57:59,655 - root - INFO - HomeTabManager.update_home_buttons_state chamado:
2025-09-14 06:57:59,655 - root - INFO -   - status_data: None
2025-09-14 06:57:59,655 - root - INFO -   - controller.running_command: None
2025-09-14 06:57:59,655 - root - INFO -   - controller.is_running: False
2025-09-14 06:57:59,655 - root - INFO -   - ping_running: None
2025-09-14 06:57:59,655 - root - INFO -   - traceroute_running: None
2025-09-14 06:57:59,660 - root - INFO - Populating initial host tabs
2025-09-14 06:57:59,670 - root - INFO - Carregamento de dados concluído
2025-09-14 06:58:27,937 - root - INFO - Performance Summary - CPU: 0.0%, Memory: 78.6MB, Threads: 20.0, Active Commands: 0, Hanging Commands: 0
2025-09-14 06:58:58,262 - root - INFO - Performance Summary - CPU: 0.0%, Memory: 79.5MB, Threads: 19.4, Active Commands: 0, Hanging Commands: 0
2025-09-14 06:59:05,305 - root - INFO - PerformanceMonitor stopped
2025-09-14 06:59:05,306 - root - INFO - Credential vault locked
2025-09-14 06:59:05,456 - root - INFO - Executando limpeza de recursos...
2025-09-14 06:59:05,456 - root - INFO - Credential vault locked
2025-09-14 06:59:05,457 - root - INFO - Limpeza de recursos concluída
2025-09-14 06:59:05,457 - root - INFO - Aplicação finalizada normalmente
2025-09-14 07:01:08,251 - root - INFO - Iniciando aplicação Ferramentas de Rede v1.1.0
2025-09-14 07:01:09,782 - root - INFO - Criando instância da aplicação...
2025-09-14 07:01:10,007 - root - INFO - PerformanceMonitor initialized
2025-09-14 07:01:10,378 - root - INFO - Initializing HostTabView
2025-09-14 07:01:28,891 - root - INFO - Iniciando aplicação Ferramentas de Rede v1.1.0
2025-09-14 07:01:29,919 - root - INFO - Criando instância da aplicação...
2025-09-14 07:01:30,130 - root - INFO - PerformanceMonitor initialized
2025-09-14 07:01:30,437 - root - INFO - Initializing HostTabView
2025-09-14 07:01:30,483 - root - INFO - Instância criada com sucesso
2025-09-14 07:01:30,484 - root - INFO - Executando aplicação...
2025-09-14 07:01:30,484 - root - INFO - Sistema de proteção contra loops configurado
2025-09-14 07:01:30,488 - root - INFO - PerformanceMonitor started
2025-09-14 07:01:30,489 - root - INFO - Monitor de performance iniciado
2025-09-14 07:01:30,598 - root - INFO - Watchdog do mainloop iniciado
2025-09-14 07:01:30,599 - root - INFO - Iniciando mainloop com proteção anti-travamento...
2025-09-14 07:01:31,177 - root - INFO - HomeTabManager.update_home_buttons_state chamado:
2025-09-14 07:01:31,177 - root - INFO -   - status_data: None
2025-09-14 07:01:31,177 - root - INFO -   - controller.running_command: None
2025-09-14 07:01:31,178 - root - INFO -   - controller.is_running: False
2025-09-14 07:01:31,178 - root - INFO -   - ping_running: None
2025-09-14 07:01:31,178 - root - INFO -   - traceroute_running: None
2025-09-14 07:01:31,182 - root - INFO - Populating initial host tabs
2025-09-14 07:01:31,192 - root - INFO - Carregamento de dados concluído
2025-09-14 07:01:59,672 - root - INFO - Performance Summary - CPU: 0.0%, Memory: 79.3MB, Threads: 21.0, Active Commands: 0, Hanging Commands: 0
2025-09-14 07:02:16,149 - root - INFO - Initializing TabSettingsDialog with interval: 60, ask_initial_info: True
2025-09-14 07:02:26,789 - root - WARNING - Usuário iniciou o processo de restauração de fábrica.
2025-09-14 07:02:29,853 - root - INFO - Performance Summary - CPU: 0.0%, Memory: 79.8MB, Threads: 20.4, Active Commands: 0, Hanging Commands: 0
2025-09-14 07:02:29,893 - root - INFO - Restauração de fábrica cancelada pelo usuário.
2025-09-14 07:02:31,043 - root - INFO - Tab settings dialog closed without saving.
2025-09-14 07:02:33,870 - root - INFO - PerformanceMonitor stopped
2025-09-14 07:02:33,870 - root - INFO - Credential vault locked
2025-09-14 07:02:34,018 - root - INFO - Executando limpeza de recursos...
2025-09-14 07:02:34,019 - root - INFO - Credential vault locked
2025-09-14 07:02:34,020 - root - INFO - Limpeza de recursos concluída
2025-09-14 07:02:34,020 - root - INFO - Aplicação finalizada normalmente
2025-09-14 07:03:01,131 - root - INFO - Iniciando aplicação Ferramentas de Rede v1.1.0
2025-09-14 07:03:02,165 - root - INFO - Criando instância da aplicação...
2025-09-14 07:03:02,370 - root - INFO - PerformanceMonitor initialized
2025-09-14 07:03:02,667 - root - INFO - Initializing HostTabView
2025-09-14 07:03:02,711 - root - INFO - Instância criada com sucesso
2025-09-14 07:03:02,711 - root - INFO - Executando aplicação...
2025-09-14 07:03:02,712 - root - INFO - Sistema de proteção contra loops configurado
2025-09-14 07:03:02,715 - root - INFO - PerformanceMonitor started
2025-09-14 07:03:02,716 - root - INFO - Monitor de performance iniciado
2025-09-14 07:03:02,853 - root - INFO - Watchdog do mainloop iniciado
2025-09-14 07:03:02,853 - root - INFO - Iniciando mainloop com proteção anti-travamento...
2025-09-14 07:03:03,444 - root - INFO - HomeTabManager.update_home_buttons_state chamado:
2025-09-14 07:03:03,444 - root - INFO -   - status_data: None
2025-09-14 07:03:03,445 - root - INFO -   - controller.running_command: None
2025-09-14 07:03:03,445 - root - INFO -   - controller.is_running: False
2025-09-14 07:03:03,445 - root - INFO -   - ping_running: None
2025-09-14 07:03:03,445 - root - INFO -   - traceroute_running: None
2025-09-14 07:03:03,449 - root - INFO - Populating initial host tabs
2025-09-14 07:03:03,458 - root - INFO - Carregamento de dados concluído
2025-09-14 07:03:31,901 - root - INFO - Performance Summary - CPU: 0.0%, Memory: 78.6MB, Threads: 21.0, Active Commands: 0, Hanging Commands: 0
2025-09-14 07:04:02,069 - root - INFO - Performance Summary - CPU: 0.0%, Memory: 78.7MB, Threads: 20.4, Active Commands: 0, Hanging Commands: 0
2025-09-14 07:04:20,178 - root - INFO - PerformanceMonitor stopped
2025-09-14 07:04:20,179 - root - INFO - Credential vault locked
2025-09-14 07:04:20,305 - root - INFO - Executando limpeza de recursos...
2025-09-14 07:04:20,306 - root - INFO - Credential vault locked
2025-09-14 07:04:20,309 - root - INFO - Limpeza de recursos concluída
2025-09-14 07:04:20,309 - root - INFO - Aplicação finalizada normalmente
2025-09-14 07:06:08,508 - root - INFO - Iniciando aplicação Ferramentas de Rede v1.1.0
2025-09-14 07:06:10,059 - root - INFO - Criando instância da aplicação...
2025-09-14 07:06:10,316 - root - INFO - PerformanceMonitor initialized
2025-09-14 07:06:10,684 - root - INFO - Initializing HostTabView
2025-09-14 07:06:10,749 - root - INFO - Instância criada com sucesso
2025-09-14 07:06:10,749 - root - INFO - Executando aplicação...
2025-09-14 07:06:10,749 - root - INFO - Sistema de proteção contra loops configurado
2025-09-14 07:06:10,755 - root - INFO - PerformanceMonitor started
2025-09-14 07:06:10,755 - root - INFO - Monitor de performance iniciado
2025-09-14 07:06:10,910 - root - INFO - Janela centralizada: 960x600+480+240 (tela: 1920x1080)
2025-09-14 07:06:10,910 - root - INFO - Watchdog do mainloop iniciado
2025-09-14 07:06:10,910 - root - INFO - Iniciando mainloop com proteção anti-travamento...
2025-09-14 07:06:11,527 - root - INFO - HomeTabManager.update_home_buttons_state chamado:
2025-09-14 07:06:11,527 - root - INFO -   - status_data: None
2025-09-14 07:06:11,527 - root - INFO -   - controller.running_command: None
2025-09-14 07:06:11,527 - root - INFO -   - controller.is_running: False
2025-09-14 07:06:11,527 - root - INFO -   - ping_running: None
2025-09-14 07:06:11,527 - root - INFO -   - traceroute_running: None
2025-09-14 07:06:11,532 - root - INFO - Populating initial host tabs
2025-09-14 07:06:11,541 - root - INFO - Carregamento de dados concluído
2025-09-14 07:06:35,637 - root - INFO - Iniciando aplicação Ferramentas de Rede v1.1.0
2025-09-14 07:06:36,644 - root - INFO - Criando instância da aplicação...
2025-09-14 07:06:36,856 - root - INFO - PerformanceMonitor initialized
2025-09-14 07:06:37,164 - root - INFO - Initializing HostTabView
2025-09-14 07:06:37,207 - root - INFO - Instância criada com sucesso
2025-09-14 07:06:37,207 - root - INFO - Executando aplicação...
2025-09-14 07:06:37,208 - root - INFO - Sistema de proteção contra loops configurado
2025-09-14 07:06:37,213 - root - INFO - PerformanceMonitor started
2025-09-14 07:06:37,213 - root - INFO - Monitor de performance iniciado
2025-09-14 07:06:37,318 - root - INFO - Janela centralizada: 960x600+480+240 (tela: 1920x1080)
2025-09-14 07:06:37,320 - root - INFO - Watchdog do mainloop iniciado
2025-09-14 07:06:37,320 - root - INFO - Iniciando mainloop com proteção anti-travamento...
2025-09-14 07:06:37,942 - root - INFO - HomeTabManager.update_home_buttons_state chamado:
2025-09-14 07:06:37,943 - root - INFO -   - status_data: None
2025-09-14 07:06:37,943 - root - INFO -   - controller.running_command: None
2025-09-14 07:06:37,943 - root - INFO -   - controller.is_running: False
2025-09-14 07:06:37,943 - root - INFO -   - ping_running: None
2025-09-14 07:06:37,944 - root - INFO -   - traceroute_running: None
2025-09-14 07:06:37,948 - root - INFO - Populating initial host tabs
2025-09-14 07:06:37,958 - root - INFO - Carregamento de dados concluído
2025-09-14 07:06:41,233 - root - INFO - PerformanceMonitor stopped
2025-09-14 07:06:41,234 - root - INFO - Credential vault locked
2025-09-14 07:06:41,342 - root - INFO - Executando limpeza de recursos...
2025-09-14 07:06:41,343 - root - INFO - Credential vault locked
2025-09-14 07:06:41,344 - root - INFO - Limpeza de recursos concluída
2025-09-14 07:06:41,344 - root - INFO - Aplicação finalizada normalmente
2025-09-14 07:07:24,190 - root - INFO - Iniciando aplicação Ferramentas de Rede v1.1.0
2025-09-14 07:07:24,212 - root - ERROR - Erro na execução da aplicação: default 'except:' must be last (app.py, line 558)
Traceback (most recent call last):
  File "C:\Users\raphael.rego\Desktop\ferramentasderede\main.py", line 47, in main
    from src.core import NetworkToolsApp
  File "C:\Users\raphael.rego\Desktop\ferramentasderede\src\__init__.py", line 16, in <module>
    from .core import NetworkToolsApp
  File "C:\Users\raphael.rego\Desktop\ferramentasderede\src\core\__init__.py", line 11, in <module>
    from .app import App as NetworkToolsApp
  File "C:\Users\raphael.rego\Desktop\ferramentasderede\src\core\app.py", line 558
    except:
    ^^^^^^^
SyntaxError: default 'except:' must be last
2025-09-14 07:07:32,942 - root - INFO - Iniciando aplicação Ferramentas de Rede v1.1.0
2025-09-14 07:08:09,769 - root - INFO - Iniciando aplicação Ferramentas de Rede v1.1.0
2025-09-14 07:08:11,361 - root - INFO - Criando instância da aplicação...
2025-09-14 07:08:11,602 - root - INFO - PerformanceMonitor initialized
2025-09-14 07:08:11,955 - root - INFO - Initializing HostTabView
2025-09-14 07:08:12,059 - root - INFO - Instância criada com sucesso
2025-09-14 07:08:12,059 - root - INFO - Executando aplicação...
2025-09-14 07:08:12,059 - root - INFO - Sistema de proteção contra loops configurado
2025-09-14 07:08:12,065 - root - INFO - PerformanceMonitor started
2025-09-14 07:08:12,065 - root - INFO - Monitor de performance iniciado
2025-09-14 07:08:12,065 - root - INFO - Watchdog do mainloop iniciado
2025-09-14 07:08:12,066 - root - INFO - Iniciando mainloop com proteção anti-travamento...
2025-09-14 07:08:12,083 - root - INFO - Janela posicionada: 960x600+480+240
2025-09-14 07:08:12,795 - root - INFO - HomeTabManager.update_home_buttons_state chamado:
2025-09-14 07:08:12,796 - root - INFO -   - status_data: None
2025-09-14 07:08:12,796 - root - INFO -   - controller.running_command: None
2025-09-14 07:08:12,796 - root - INFO -   - controller.is_running: False
2025-09-14 07:08:12,796 - root - INFO -   - ping_running: None
2025-09-14 07:08:12,796 - root - INFO -   - traceroute_running: None
2025-09-14 07:08:12,801 - root - INFO - Populating initial host tabs
2025-09-14 07:08:12,811 - root - INFO - Carregamento de dados concluído
2025-09-14 07:08:30,284 - root - INFO - Iniciando aplicação Ferramentas de Rede v1.1.0
2025-09-14 07:08:31,277 - root - INFO - Criando instância da aplicação...
2025-09-14 07:08:31,477 - root - INFO - PerformanceMonitor initialized
2025-09-14 07:08:31,785 - root - INFO - Initializing HostTabView
2025-09-14 07:08:31,835 - root - INFO - Instância criada com sucesso
2025-09-14 07:08:31,836 - root - INFO - Executando aplicação...
2025-09-14 07:08:31,836 - root - INFO - Sistema de proteção contra loops configurado
2025-09-14 07:08:31,840 - root - INFO - PerformanceMonitor started
2025-09-14 07:08:31,841 - root - INFO - Monitor de performance iniciado
2025-09-14 07:08:31,841 - root - INFO - Watchdog do mainloop iniciado
2025-09-14 07:08:31,842 - root - INFO - Iniciando mainloop com proteção anti-travamento...
2025-09-14 07:08:31,865 - root - INFO - Janela posicionada: 960x600+480+240
2025-09-14 07:08:32,502 - root - INFO - HomeTabManager.update_home_buttons_state chamado:
2025-09-14 07:08:32,503 - root - INFO -   - status_data: None
2025-09-14 07:08:32,503 - root - INFO -   - controller.running_command: None
2025-09-14 07:08:32,503 - root - INFO -   - controller.is_running: False
2025-09-14 07:08:32,503 - root - INFO -   - ping_running: None
2025-09-14 07:08:32,503 - root - INFO -   - traceroute_running: None
2025-09-14 07:08:32,507 - root - INFO - Populating initial host tabs
2025-09-14 07:08:32,516 - root - INFO - Carregamento de dados concluído
2025-09-14 07:08:36,860 - root - INFO - PerformanceMonitor stopped
2025-09-14 07:08:36,861 - root - INFO - Credential vault locked
2025-09-14 07:08:36,983 - root - INFO - Executando limpeza de recursos...
2025-09-14 07:08:36,983 - root - INFO - Credential vault locked
2025-09-14 07:08:36,985 - root - INFO - Limpeza de recursos concluída
2025-09-14 07:08:36,985 - root - INFO - Aplicação finalizada normalmente
2025-09-14 07:09:49,061 - root - INFO - Iniciando aplicação Ferramentas de Rede v1.1.0
2025-09-14 07:09:50,410 - root - INFO - Criando instância da aplicação...
2025-09-14 07:09:50,640 - root - INFO - PerformanceMonitor initialized
2025-09-14 07:09:50,993 - root - INFO - Initializing HostTabView
2025-09-14 07:09:51,050 - root - INFO - Instância criada com sucesso
2025-09-14 07:09:51,050 - root - INFO - Executando aplicação...
2025-09-14 07:09:51,050 - root - INFO - Sistema de proteção contra loops configurado
2025-09-14 07:09:51,054 - root - INFO - PerformanceMonitor started
2025-09-14 07:09:51,054 - root - INFO - Monitor de performance iniciado
2025-09-14 07:09:51,054 - root - INFO - DEBUG: Tela detectada = 1920x1080
2025-09-14 07:09:51,054 - root - INFO - DEBUG: Janela calculada = 960x600 na posição (480, 240)
2025-09-14 07:09:51,065 - root - INFO - CENTRALIZAÇÃO: 960x600+480+240
2025-09-14 07:09:51,066 - root - INFO - Watchdog do mainloop iniciado
2025-09-14 07:09:51,066 - root - INFO - Iniciando mainloop com proteção anti-travamento...
2025-09-14 07:09:51,178 - root - INFO - POSIÇÃO REAL: geometry='1200x700+480+240', x=480, y=240, size=1200x700
2025-09-14 07:09:51,626 - root - INFO - HomeTabManager.update_home_buttons_state chamado:
2025-09-14 07:09:51,626 - root - INFO -   - status_data: None
2025-09-14 07:09:51,626 - root - INFO -   - controller.running_command: None
2025-09-14 07:09:51,626 - root - INFO -   - controller.is_running: False
2025-09-14 07:09:51,626 - root - INFO -   - ping_running: None
2025-09-14 07:09:51,626 - root - INFO -   - traceroute_running: None
2025-09-14 07:09:51,632 - root - INFO - Populating initial host tabs
2025-09-14 07:09:51,641 - root - INFO - Carregamento de dados concluído
2025-09-14 07:10:39,370 - root - INFO - Iniciando aplicação Ferramentas de Rede v1.1.0
2025-09-14 07:10:40,939 - root - INFO - Criando instância da aplicação...
2025-09-14 07:10:41,195 - root - INFO - PerformanceMonitor initialized
2025-09-14 07:10:41,558 - root - INFO - Initializing HostTabView
2025-09-14 07:10:41,618 - root - INFO - Instância criada com sucesso
2025-09-14 07:10:41,618 - root - INFO - Executando aplicação...
2025-09-14 07:10:41,618 - root - INFO - Sistema de proteção contra loops configurado
2025-09-14 07:10:41,622 - root - INFO - PerformanceMonitor started
2025-09-14 07:10:41,622 - root - INFO - Monitor de performance iniciado
2025-09-14 07:10:41,622 - root - INFO - DEBUG: Tela detectada = 1920x1080
2025-09-14 07:10:41,622 - root - INFO - DEBUG: Janela calculada = 960x600 na posição (480, 240)
2025-09-14 07:10:41,624 - root - INFO - REAJUSTE: 605x345+657+367 (tamanho real: 605x345)
2025-09-14 07:10:41,641 - root - INFO - CENTRALIZAÇÃO FINAL: 605x345+657+367
2025-09-14 07:10:41,642 - root - INFO - Watchdog do mainloop iniciado
2025-09-14 07:10:41,642 - root - INFO - Iniciando mainloop com proteção anti-travamento...
2025-09-14 07:10:41,746 - root - INFO - POSIÇÃO REAL: geometry='800x600+657+367', x=657, y=367, size=800x600
2025-09-14 07:10:42,207 - root - INFO - HomeTabManager.update_home_buttons_state chamado:
2025-09-14 07:10:42,208 - root - INFO -   - status_data: None
2025-09-14 07:10:42,208 - root - INFO -   - controller.running_command: None
2025-09-14 07:10:42,208 - root - INFO -   - controller.is_running: False
2025-09-14 07:10:42,208 - root - INFO -   - ping_running: None
2025-09-14 07:10:42,208 - root - INFO -   - traceroute_running: None
2025-09-14 07:10:42,212 - root - INFO - Populating initial host tabs
2025-09-14 07:10:42,223 - root - INFO - Carregamento de dados concluído
2025-09-14 07:11:38,219 - root - INFO - Iniciando aplicação Ferramentas de Rede v1.1.0
2025-09-14 07:11:39,722 - root - INFO - Criando instância da aplicação...
2025-09-14 07:11:40,026 - root - INFO - PerformanceMonitor initialized
2025-09-14 07:11:40,410 - root - INFO - Initializing HostTabView
2025-09-14 07:11:40,474 - root - INFO - Instância criada com sucesso
2025-09-14 07:11:40,474 - root - INFO - Executando aplicação...
2025-09-14 07:11:40,474 - root - INFO - Sistema de proteção contra loops configurado
2025-09-14 07:11:40,478 - root - INFO - PerformanceMonitor started
2025-09-14 07:11:40,478 - root - INFO - Monitor de performance iniciado
2025-09-14 07:11:40,497 - root - INFO - ✓ JANELA CENTRALIZADA: 960x600+480+240 em tela 1920x1080
2025-09-14 07:11:40,508 - root - INFO - Watchdog do mainloop iniciado
2025-09-14 07:11:40,508 - root - INFO - Iniciando mainloop com proteção anti-travamento...
2025-09-14 07:11:40,992 - root - INFO - HomeTabManager.update_home_buttons_state chamado:
2025-09-14 07:11:40,992 - root - INFO -   - status_data: None
2025-09-14 07:11:40,992 - root - INFO -   - controller.running_command: None
2025-09-14 07:11:40,992 - root - INFO -   - controller.is_running: False
2025-09-14 07:11:40,992 - root - INFO -   - ping_running: None
2025-09-14 07:11:40,992 - root - INFO -   - traceroute_running: None
2025-09-14 07:11:40,997 - root - INFO - Populating initial host tabs
2025-09-14 07:11:41,007 - root - INFO - Carregamento de dados concluído
2025-09-14 07:12:03,144 - root - INFO - Iniciando aplicação Ferramentas de Rede v1.1.0
2025-09-14 07:12:04,148 - root - INFO - Criando instância da aplicação...
2025-09-14 07:12:04,354 - root - INFO - PerformanceMonitor initialized
2025-09-14 07:12:04,653 - root - INFO - Initializing HostTabView
2025-09-14 07:12:04,700 - root - INFO - Instância criada com sucesso
2025-09-14 07:12:04,700 - root - INFO - Executando aplicação...
2025-09-14 07:12:04,700 - root - INFO - Sistema de proteção contra loops configurado
2025-09-14 07:12:04,704 - root - INFO - PerformanceMonitor started
2025-09-14 07:12:04,705 - root - INFO - Monitor de performance iniciado
2025-09-14 07:12:04,721 - root - INFO - JANELA CENTRALIZADA: 960x600+480+240 em tela 1920x1080
2025-09-14 07:12:04,721 - root - INFO - Watchdog do mainloop iniciado
2025-09-14 07:12:04,721 - root - INFO - Iniciando mainloop com proteção anti-travamento...
2025-09-14 07:12:05,237 - root - INFO - HomeTabManager.update_home_buttons_state chamado:
2025-09-14 07:12:05,238 - root - INFO -   - status_data: None
2025-09-14 07:12:05,238 - root - INFO -   - controller.running_command: None
2025-09-14 07:12:05,238 - root - INFO -   - controller.is_running: False
2025-09-14 07:12:05,238 - root - INFO -   - ping_running: None
2025-09-14 07:12:05,238 - root - INFO -   - traceroute_running: None
2025-09-14 07:12:05,242 - root - INFO - Populating initial host tabs
2025-09-14 07:12:05,249 - root - INFO - Carregamento de dados concluído
2025-09-14 07:12:07,080 - root - INFO - Interrupção por teclado detectada
2025-09-14 07:12:07,081 - root - CRITICAL - === ENCERRAMENTO DE EMERGÊNCIA ATIVADO ===
2025-09-14 07:12:07,082 - root - INFO - Tentando encerramento gracioso...
2025-09-14 07:12:07,084 - root - INFO - Executando limpeza de recursos...
2025-09-14 07:12:07,084 - root - INFO - Credential vault locked
2025-09-14 07:12:07,087 - root - INFO - Limpeza de recursos concluída
2025-09-14 07:12:07,088 - root - INFO - Aplicação finalizada normalmente
2025-09-14 07:16:38,376 - root - INFO - Iniciando aplicação Ferramentas de Rede v1.1.0
2025-09-14 07:16:39,867 - root - INFO - Criando instância da aplicação...
2025-09-14 07:16:40,145 - root - INFO - PerformanceMonitor initialized
2025-09-14 07:16:40,504 - root - INFO - Initializing HostTabView
2025-09-14 07:16:40,565 - root - INFO - Instância criada com sucesso
2025-09-14 07:16:40,565 - root - INFO - Executando aplicação...
2025-09-14 07:16:40,565 - root - INFO - Sistema de proteção contra loops configurado
2025-09-14 07:16:40,569 - root - INFO - PerformanceMonitor started
2025-09-14 07:16:40,569 - root - INFO - Monitor de performance iniciado
2025-09-14 07:16:40,709 - root - INFO - JANELA ULTRA-VISÍVEL: 960x600+480+240 em tela 1920x1080
2025-09-14 07:16:40,710 - root - INFO - Watchdog do mainloop iniciado
2025-09-14 07:16:40,710 - root - INFO - Iniciando mainloop com proteção anti-travamento...
2025-09-14 07:16:40,912 - root - INFO - POSIÇÃO FINAL CONFIRMADA:
2025-09-14 07:16:40,912 - root - INFO -   Geometria: 800x600+480+240
2025-09-14 07:16:40,913 - root - INFO -   Estado: normal
2025-09-14 07:16:40,913 - root - INFO -   Posição: (480, 240)
2025-09-14 07:16:40,913 - root - INFO -   Tamanho: 800x600
2025-09-14 07:16:41,318 - root - INFO - HomeTabManager.update_home_buttons_state chamado:
2025-09-14 07:16:41,318 - root - INFO -   - status_data: None
2025-09-14 07:16:41,318 - root - INFO -   - controller.running_command: None
2025-09-14 07:16:41,318 - root - INFO -   - controller.is_running: False
2025-09-14 07:16:41,318 - root - INFO -   - ping_running: None
2025-09-14 07:16:41,318 - root - INFO -   - traceroute_running: None
2025-09-14 07:16:41,323 - root - INFO - Populating initial host tabs
2025-09-14 07:16:41,334 - root - INFO - Carregamento de dados concluído
2025-09-14 07:16:56,649 - root - INFO - Iniciando aplicação Ferramentas de Rede v1.1.0
2025-09-14 07:16:57,649 - root - INFO - Criando instância da aplicação...
2025-09-14 07:16:57,857 - root - INFO - PerformanceMonitor initialized
2025-09-14 07:16:58,159 - root - INFO - Initializing HostTabView
2025-09-14 07:16:58,208 - root - INFO - Instância criada com sucesso
2025-09-14 07:16:58,208 - root - INFO - Executando aplicação...
2025-09-14 07:16:58,209 - root - INFO - Sistema de proteção contra loops configurado
2025-09-14 07:16:58,213 - root - INFO - PerformanceMonitor started
2025-09-14 07:16:58,213 - root - INFO - Monitor de performance iniciado
2025-09-14 07:16:58,310 - root - INFO - JANELA ULTRA-VISÍVEL: 960x600+480+240 em tela 1920x1080
2025-09-14 07:16:58,311 - root - INFO - Watchdog do mainloop iniciado
2025-09-14 07:16:58,311 - root - INFO - Iniciando mainloop com proteção anti-travamento...
2025-09-14 07:16:58,513 - root - INFO - POSIÇÃO FINAL CONFIRMADA:
2025-09-14 07:16:58,513 - root - INFO -   Geometria: 800x600+480+240
2025-09-14 07:16:58,514 - root - INFO -   Estado: normal
2025-09-14 07:16:58,514 - root - INFO -   Posição: (480, 240)
2025-09-14 07:16:58,514 - root - INFO -   Tamanho: 800x600
2025-09-14 07:16:58,824 - root - INFO - HomeTabManager.update_home_buttons_state chamado:
2025-09-14 07:16:58,824 - root - INFO -   - status_data: None
2025-09-14 07:16:58,825 - root - INFO -   - controller.running_command: None
2025-09-14 07:16:58,825 - root - INFO -   - controller.is_running: False
2025-09-14 07:16:58,825 - root - INFO -   - ping_running: None
2025-09-14 07:16:58,825 - root - INFO -   - traceroute_running: None
2025-09-14 07:16:58,829 - root - INFO - Populating initial host tabs
2025-09-14 07:16:58,838 - root - INFO - Carregamento de dados concluído
2025-09-14 07:17:11,292 - root - INFO - PerformanceMonitor stopped
2025-09-14 07:17:11,293 - root - INFO - Credential vault locked
2025-09-14 07:17:11,443 - root - INFO - Executando limpeza de recursos...
2025-09-14 07:17:11,444 - root - INFO - Credential vault locked
2025-09-14 07:17:11,445 - root - INFO - Limpeza de recursos concluída
2025-09-14 07:17:11,445 - root - INFO - Aplicação finalizada normalmente
